{
    "speed": {
        "bras_gauche": 0.2
    }, 
    "1": {
        "46": 6.6, 
        "44": -51.58, 
        "45": 0.15, 
        "42": 6.480000000000004, 
        "43": 5.66, 
        "41": -4.9599999999999937
    }, 
    "2": {
        "46": 6.6, 
        "44": -51.58, 
        "45": 0.15, 
        "42": 6.480000000000004, 
        "43": 5.66, 
        "41": -4.9599999999999937
    }, 
    "3": {
        "46": 6.6, 
        "44": -51.58, 
        "45": 0.15, 
        "42": 6.480000000000004, 
        "43": 5.66, 
        "41": -4.9599999999999937
    }, 
    "4": {
        "46": 6.6, 
        "44": -51.58, 
        "45": 0.15, 
        "42": 6.480000000000004, 
        "43": 5.66, 
        "41": -4.9599999999999937
    }, 
    "5": {
        "46": 6.6, 
        "44": -51.58, 
        "45": 0.15, 
        "42": 6.480000000000004, 
        "43": 5.66, 
        "41": -4.9599999999999937
    }, 
    "6": {
        "46": 6.6, 
        "44": -51.58, 
        "45": 0.15, 
        "42": 6.480000000000004, 
        "43": 5.66, 
        "41": -4.9599999999999937
    }, 
    "7": {
        "46": 6.6, 
        "44": -51.58, 
        "45": 0.15, 
        "42": 6.480000000000004, 
        "43": 5.66, 
        "41": -4.9599999999999937
    }, 
    "8": {
        "46": 6.6, 
        "44": -51.58, 
        "45": 0.15, 
        "42": 6.480000000000004, 
        "43": 5.66, 
        "41": -4.9599999999999937
    }, 
    "9": {
        "46": 6.6, 
        "44": -51.58, 
        "45": 0.15, 
        "42": 6.480000000000004, 
        "43": 5.66, 
        "41": -4.9599999999999937
    }, 
    "10": {
        "46": 6.6, 
        "44": -51.58, 
        "45": 0.15, 
        "42": 6.480000000000004, 
        "43": 5.66, 
        "41": -4.9599999999999937
    }, 
    "11": {
        "46": 6.6, 
        "44": -51.58, 
        "45": 0.15, 
        "42": 6.480000000000004, 
        "43": 5.66, 
        "41": -4.9599999999999937
    }, 
    "12": {
        "46": 6.6, 
        "44": -51.58, 
        "45": 0.15, 
        "42": 6.480000000000004, 
        "43": 5.66, 
        "41": -4.9599999999999937
    }, 
    "nb_temps": 12
}
