{
    "speed": {
        "bras_droit": 0.2
    }, 
    "1": {
        "54": -29.41, 
        "51": -195.26999999999998, 
        "53": 89.36, 
        "52": -23.049999999999997
    }, 
    "2": {
        "54": -28.7, 
        "51": -193.34, 
        "53": 89.27, 
        "52": -25.430000000000007
    }, 
    "3": {
        "54": -27.91, 
        "51": -187.19, 
        "53": 89.27, 
        "52": -28.42
    }, 
    "4": {
        "54": -27.82, 
        "51": -178.31, 
        "53": 89.36, 
        "52": -28.42
    }, 
    "5": {
        "54": -26.33, 
        "51": -169.51999999999998, 
        "53": 89.36, 
        "52": -28.42
    }, 
    "6": {
        "54": -25.71, 
        "51": -158.7, 
        "53": 89.36, 
        "52": -28.509999999999998
    }, 
    "7": {
        "54": -25.63, 
        "51": -144.55, 
        "53": 88.22, 
        "52": -30.18
    }, 
    "8": {
        "54": -25.71, 
        "51": -127.22999999999999, 
        "53": 76.09, 
        "52": -32.29
    }, 
    "9": {
        "54": -25.71, 
        "51": -107.01, 
        "53": 63.43, 
        "52": -32.99
    }, 
    "10": {
        "54": -26.95, 
        "51": -90.4, 
        "53": 56.22, 
        "52": -32.2
    }, 
    "11": {
        "54": -33.98, 
        "51": -71.41, 
        "53": 40.22, 
        "52": -29.21
    }, 
    "12": {
        "54": -40.48, 
        "51": -47.05, 
        "53": 24.04, 
        "52": -22.439999999999998
    }, 
    "13": {
        "54": -44.97, 
        "51": -26.130000000000003, 
        "53": 16.57, 
        "52": -13.739999999999995
    }, 
    "14": {
        "54": -45.49, 
        "51": -9.959999999999994, 
        "53": 12.53, 
        "52": -9.159999999999997
    }, 
    "15": {
        "54": -43.56, 
        "51": -0.6400000000000006, 
        "53": 12.26, 
        "52": -7.849999999999994
    }, 
    "16": {
        "54": -34.68, 
        "51": 3.8499999999999943, 
        "53": 12.26, 
        "52": -7.760000000000005
    }, 
    "17": {
        "54": -17.19, 
        "51": 0.769999999999996, 
        "53": 11.56, 
        "52": -6.6200000000000045
    }, 
    "18": {
        "54": -7.78, 
        "51": -1.9599999999999937, 
        "53": 10.51, 
        "52": -4.859999999999999
    }, 
    "19": {
        "54": -5.67, 
        "51": -4.150000000000006, 
        "53": 10.59, 
        "52": -4.069999999999993
    }, 
    "20": {
        "54": -5.67, 
        "51": -5.739999999999995, 
        "53": 10.51, 
        "52": -3.8900000000000006
    }, 
    "nb_temps": 20
}