{
    "speed": {
        "tete": 0.2
    }, 
    "1": {
        "37": -19.56, 
        "36": 0.15
    }, 
    "2": {
        "37": -19.56, 
        "36": 0.15
    }, 
    "3": {
        "37": -18.39, 
        "36": 0.15
    }, 
    "4": {
        "37": -15.75, 
        "36": 0.15
    }, 
    "5": {
        "37": -12.23, 
        "36": 0.15
    }, 
    "6": {
        "37": -9.0, 
        "36": 0.15
    }, 
    "7": {
        "37": -6.07, 
        "36": 0.15
    }, 
    "8": {
        "37": -2.5500000000000007, 
        "36": 0.15
    }, 
    "9": {
        "37": 0.9699999999999989, 
        "36": 0.15
    }, 
    "10": {
        "37": 4.780000000000001, 
        "36": 0.15
    }, 
    "11": {
        "37": 8.89, 
        "36": -0.44
    }, 
    "12": {
        "37": 13.869999999999997, 
        "36": 0.15
    }, 
    "nb_temps": 12
}