{
    "speed": {
        "bras_gauche": 0.2
    }, 
    "1": {
        "46": -0.73, 
        "44": -51.03, 
        "45": 0.44, 
        "42": 6.260000000000005, 
        "43": 5.76, 
        "41": -4.510000000000005
    }, 
    "2": {
        "46": -0.73, 
        "44": -51.03, 
        "45": 0.44, 
        "42": 5.560000000000002, 
        "43": 5.76, 
        "41": -4.859999999999999
    }, 
    "3": {
        "46": -0.73, 
        "44": -51.03, 
        "45": 0.44, 
        "42": 4.329999999999998, 
        "43": 5.85, 
        "41": -5.030000000000001
    }, 
    "4": {
        "46": -0.73, 
        "44": -51.03, 
        "45": 0.44, 
        "42": 3.7099999999999937, 
        "43": 5.93, 
        "41": -5.030000000000001
    }, 
    "5": {
        "46": -0.73, 
        "44": -51.03, 
        "45": 0.44, 
        "42": 3.6299999999999955, 
        "43": 5.85, 
        "41": -5.030000000000001
    }, 
    "6": {
        "46": -0.73, 
        "44": -51.03, 
        "45": 0.44, 
        "42": 3.799999999999997, 
        "43": 5.85, 
        "41": -5.030000000000001
    }, 
    "7": {
        "46": -0.73, 
        "44": -51.21, 
        "45": 0.44, 
        "42": 5.909999999999997, 
        "43": 6.02, 
        "41": -5.560000000000002
    }, 
    "8": {
        "46": -0.73, 
        "44": -51.65, 
        "45": 0.44, 
        "42": 8.200000000000003, 
        "43": 7.69, 
        "41": -7.930000000000007
    }, 
    "9": {
        "46": -0.73, 
        "44": -57.1, 
        "45": 0.44, 
        "42": 14.620000000000005, 
        "43": 11.03, 
        "41": -8.370000000000005
    }, 
    "10": {
        "46": -0.73, 
        "44": -67.91, 
        "45": 0.44, 
        "42": 21.819999999999993, 
        "43": 14.64, 
        "41": -12.239999999999995
    }, 
    "11": {
        "46": -0.73, 
        "44": -77.14, 
        "45": 0.44, 
        "42": 31.759999999999998, 
        "43": 18.15, 
        "41": -21.909999999999997
    }, 
    "12": {
        "46": -0.73, 
        "44": -77.85, 
        "45": 0.44, 
        "42": 43.19, 
        "43": 17.19, 
        "41": -36.33
    }, 
    "13": {
        "46": 0.73, 
        "44": -78.99, 
        "45": 0.44, 
        "42": 53.82, 
        "43": 6.2, 
        "41": -50.92
    }, 
    "14": {
        "46": 0.73, 
        "44": -80.22, 
        "45": 0.44, 
        "42": 58.04, 
        "43": -15.69, 
        "41": -69.21000000000001
    }, 
    "15": {
        "46": 0.73, 
        "44": -86.64, 
        "45": 0.44, 
        "42": 57.6, 
        "43": -30.02, 
        "41": -84.77
    }, 
    "16": {
        "46": 0.73, 
        "44": -102.29, 
        "45": 0.73, 
        "42": 55.05, 
        "43": -38.9, 
        "41": -84.95
    }, 
    "17": {
        "46": 0.73, 
        "44": -110.73, 
        "45": 0.73, 
        "42": 45.91, 
        "43": -38.46, 
        "41": -75.63
    }, 
    "18": {
        "46": 0.44, 
        "44": -111.87, 
        "45": 0.15, 
        "42": 41.78, 
        "43": -30.81, 
        "41": -72.46000000000001
    }, 
    "19": {
        "46": -9.24, 
        "44": -111.69, 
        "45": 0.15, 
        "42": 41.43, 
        "43": -22.11, 
        "41": -70.78999999999999
    }, 
    "20": {
        "46": -35.34, 
        "44": -110.99, 
        "45": -0.15, 
        "42": 41.96, 
        "43": -14.37, 
        "41": -65.96000000000001
    }, 
    "21": {
        "46": -52.64, 
        "44": -110.64, 
        "45": -0.15, 
        "42": 42.4, 
        "43": -8.31, 
        "41": -61.47
    }, 
    "22": {
        "46": -56.45, 
        "44": -110.2, 
        "45": -0.15, 
        "42": 42.48, 
        "43": -2.51, 
        "41": -57.96
    }, 
    "23": {
        "46": -35.63, 
        "44": -109.76, 
        "45": 0.44, 
        "42": 41.25, 
        "43": -3.12, 
        "41": -58.66
    }, 
    "24": {
        "46": -11.29, 
        "44": -109.58, 
        "45": -1.32, 
        "42": 38.09, 
        "43": -3.56, 
        "41": -56.29
    }, 
    "25": {
        "46": 6.6, 
        "44": -108.88, 
        "45": -1.32, 
        "42": 34.57, 
        "43": -4.26, 
        "41": -50.66
    }, 
    "26": {
        "46": 15.69, 
        "44": -103.6, 
        "45": -1.03, 
        "42": 30.880000000000003, 
        "43": -3.38, 
        "41": -46.09
    }, 
    "27": {
        "46": 15.69, 
        "44": -96.04, 
        "45": -0.73, 
        "42": 25.340000000000003, 
        "43": 3.3, 
        "41": -44.24
    }, 
    "28": {
        "46": 15.4, 
        "44": -92.53, 
        "45": -0.73, 
        "42": 23.230000000000004, 
        "43": 5.76, 
        "41": -34.66
    }, 
    "29": {
        "46": 15.69, 
        "44": -85.23, 
        "45": -0.73, 
        "42": 16.64, 
        "43": 10.42, 
        "41": -24.900000000000006
    }, 
    "30": {
        "46": 15.69, 
        "44": -85.05, 
        "45": -0.73, 
        "42": 10.480000000000004, 
        "43": 10.95, 
        "41": -13.379999999999995
    }, 
    "31": {
        "46": 15.69, 
        "44": -84.97, 
        "45": -0.73, 
        "42": 7.670000000000002, 
        "43": 11.21, 
        "41": -5.739999999999995
    }, 
    "32": {
        "46": 15.4, 
        "44": -84.88, 
        "45": 0.44, 
        "42": 5.3799999999999955, 
        "43": 10.33, 
        "41": 3.760000000000005
    }, 
    "33": {
        "46": 15.4, 
        "44": -80.13, 
        "45": 0.44, 
        "42": 7.409999999999997, 
        "43": 5.23, 
        "41": 8.950000000000003
    }, 
    "34": {
        "46": 13.64, 
        "44": -68.7, 
        "45": 0.15, 
        "42": 7.230000000000004, 
        "43": 4.53, 
        "41": 6.659999999999997
    }, 
    "35": {
        "46": 10.41, 
        "44": -60.44, 
        "45": 0.15, 
        "42": 6.700000000000003, 
        "43": 6.02, 
        "41": 1.8199999999999932
    }, 
    "36": {
        "46": 6.3, 
        "44": -59.47, 
        "45": 0.15, 
        "42": 4.239999999999995, 
        "43": 7.52, 
        "41": 0.23999999999999488
    }, 
    "37": {
        "46": 5.72, 
        "44": -59.47, 
        "45": -0.44, 
        "42": 4.069999999999993, 
        "43": 7.6, 
        "41": -0.45999999999999375
    }, 
    "38": {
        "46": 5.72, 
        "44": -56.92, 
        "45": -0.73, 
        "42": 5.030000000000001, 
        "43": 6.99, 
        "41": -1.3400000000000034
    }, 
    "39": {
        "46": -1.32, 
        "44": -55.78, 
        "45": 0.73, 
        "42": 5.1200000000000045, 
        "43": 6.11, 
        "41": -2.75
    }, 
    "40": {
        "46": -3.08, 
        "44": -55.78, 
        "45": 0.44, 
        "42": 5.299999999999997, 
        "43": 5.58, 
        "41": -2.569999999999993
    }, 
    "41": {
        "46": -4.84, 
        "44": -55.6, 
        "45": 0.44, 
        "42": 5.1200000000000045, 
        "43": 5.58, 
        "41": -2.6599999999999966
    }, 
    "nb_temps": 41
}