{
    "speed": {
        "bras_gauche": 0.2, 
        "tete": 0.4, 
        "bras_droit": 0.4
    }, 
    "1": {
        "54": -17.01, 
        "44": -0.57, 
        "42": -2.0, 
        "51": 0.5900000000000034, 
        "43": -7.96, 
        "53": -10.86, 
        "41": -1.9599999999999937, 
        "36": -5.72, 
        "37": -9.0, 
        "52": -2.480000000000004
    }, 
    "2": {
        "44": -0.48, 
        "42": -1.0300000000000011, 
        "43": -7.96, 
        "41": -3.799999999999997
    }, 
    "3": {
        "44": -0.57, 
        "42": 2.480000000000004, 
        "43": -7.96, 
        "41": -16.459999999999994
    }, 
    "4": {
        "44": -0.57, 
        "42": 7.230000000000004, 
        "43": -10.33, 
        "41": -36.59
    }, 
    "5": {
        "44": -0.13, 
        "42": 11.89, 
        "43": -19.47, 
        "41": -59.71
    }, 
    "6": {
        "44": 1.36, 
        "42": 11.189999999999998, 
        "43": -22.37, 
        "41": -82.04
    }, 
    "7": {
        "44": 1.27, 
        "42": 11.269999999999996, 
        "43": -20.18, 
        "41": -110.53
    }, 
    "8": {
        "44": -7.87, 
        "42": 14.260000000000005, 
        "43": -19.12, 
        "41": -131.63
    }, 
    "9": {
        "44": -28.44, 
        "42": 15.049999999999997, 
        "43": -19.38, 
        "41": -147.45
    }, 
    "10": {
        "44": -47.87, 
        "42": 12.590000000000003, 
        "43": -19.74, 
        "41": -163.1
    }, 
    "11": {
        "54": -17.01, 
        "44": -58.59, 
        "42": 4.590000000000003, 
        "51": 0.5900000000000034, 
        "43": -19.38, 
        "53": -10.86, 
        "41": -179.01, 
        "52": -2.480000000000004
    }, 
    "12": {
        "54": -17.01, 
        "44": -68.53, 
        "42": -0.5900000000000034, 
        "51": 0.5900000000000034, 
        "43": -17.1, 
        "53": -10.86, 
        "41": -189.65, 
        "36": -6.01, 
        "37": -9.3, 
        "52": -2.480000000000004
    }, 
    "13": {
        "54": -17.01, 
        "44": -86.81, 
        "42": 0.45999999999999375, 
        "51": 0.3299999999999983, 
        "43": -13.67, 
        "53": -10.68, 
        "41": -192.81, 
        "36": -6.3, 
        "37": -8.12, 
        "52": -2.3100000000000023
    }, 
    "14": {
        "54": -17.01, 
        "44": -97.27, 
        "42": 0.6400000000000006, 
        "51": -4.239999999999995, 
        "43": -14.64, 
        "53": -8.84, 
        "41": -193.07999999999998, 
        "36": -6.01, 
        "37": -4.9, 
        "52": -2.1299999999999955
    }, 
    "15": {
        "54": -17.01, 
        "44": -93.23, 
        "42": 1.5999999999999943, 
        "51": -13.120000000000005, 
        "43": -14.55, 
        "53": -3.47, 
        "41": -190.97, 
        "36": -4.25, 
        "37": -0.5, 
        "52": -2.1299999999999955
    }, 
    "16": {
        "54": -17.01, 
        "44": -72.92, 
        "42": 2.8400000000000034, 
        "51": -23.489999999999995, 
        "43": -14.37, 
        "53": 2.24, 
        "41": -187.36, 
        "36": -2.79, 
        "37": 4.780000000000001, 
        "52": 1.5600000000000023
    }, 
    "17": {
        "54": -16.66, 
        "44": -52.0, 
        "42": 4.069999999999993, 
        "51": -28.42, 
        "43": -15.16, 
        "53": 13.49, 
        "41": -179.19, 
        "36": -1.32, 
        "37": 9.77, 
        "52": 4.3700000000000045
    }, 
    "18": {
        "54": -11.56, 
        "44": -40.22, 
        "42": 7.760000000000005, 
        "51": -28.950000000000003, 
        "43": -17.1, 
        "53": 22.02, 
        "41": -164.86, 
        "36": -1.03, 
        "37": 15.340000000000003, 
        "52": 7.540000000000006
    }, 
    "19": {
        "54": -9.8, 
        "44": -34.51, 
        "42": 15.319999999999993, 
        "51": -26.04, 
        "43": -16.75, 
        "53": 31.16, 
        "41": -141.65, 
        "36": -1.03, 
        "37": 19.15, 
        "52": 9.299999999999997
    }, 
    "20": {
        "54": -10.07, 
        "44": -40.13, 
        "42": 5.030000000000001, 
        "51": -23.67, 
        "43": -17.1, 
        "53": 38.37, 
        "41": -111.85, 
        "36": -1.03, 
        "37": 24.72, 
        "52": 9.209999999999994
    }, 
    "21": {
        "54": -10.42, 
        "44": -41.1, 
        "42": -8.329999999999998, 
        "51": -22.439999999999998, 
        "43": -30.73, 
        "53": 41.45, 
        "41": -87.67, 
        "36": -1.03, 
        "37": 29.119999999999997, 
        "52": 9.030000000000001
    }, 
    "22": {
        "54": -11.12, 
        "44": -38.73, 
        "42": -8.420000000000002, 
        "51": -24.370000000000005, 
        "43": -38.64, 
        "53": 39.78, 
        "41": -70.78999999999999, 
        "36": -0.73, 
        "37": 30.29, 
        "52": 8.86
    }, 
    "23": {
        "54": -11.12, 
        "44": -39.96, 
        "42": 0.37000000000000455, 
        "51": -30.259999999999998, 
        "43": -54.73, 
        "53": 34.07, 
        "41": -56.81, 
        "36": -0.44, 
        "37": 27.950000000000003, 
        "52": 6.920000000000002
    }, 
    "24": {
        "54": -11.12, 
        "44": -47.43, 
        "42": 2.569999999999993, 
        "51": -37.65, 
        "43": -75.12, 
        "53": 25.45, 
        "41": -47.23, 
        "36": -0.44, 
        "37": 20.909999999999997, 
        "52": 5.159999999999997
    }, 
    "25": {
        "54": -10.77, 
        "44": -48.31, 
        "42": 1.1599999999999966, 
        "51": -44.86, 
        "43": -87.43, 
        "53": 18.95, 
        "41": -38.35, 
        "36": -0.44, 
        "37": 13.579999999999998, 
        "52": -3.980000000000004
    }, 
    "26": {
        "54": -10.86, 
        "44": -47.96, 
        "42": 1.6899999999999977, 
        "51": -49.78, 
        "43": -94.02, 
        "53": 17.89, 
        "41": -31.409999999999997, 
        "36": -1.32, 
        "37": 8.010000000000002, 
        "52": -19.36
    }, 
    "27": {
        "54": -10.77, 
        "44": -48.75, 
        "42": 4.950000000000003, 
        "51": -57.6, 
        "43": -94.46, 
        "53": 11.74, 
        "41": -28.240000000000002, 
        "36": -4.25, 
        "37": 2.4299999999999997, 
        "52": -30.090000000000003
    }, 
    "28": {
        "54": -10.95, 
        "44": -59.82, 
        "42": 5.3799999999999955, 
        "51": -69.65, 
        "43": -88.92, 
        "53": 9.19, 
        "41": -34.57, 
        "36": -11.29, 
        "37": 0.9699999999999989, 
        "52": -42.92
    }, 
    "29": {
        "54": -12.7, 
        "44": -77.23, 
        "42": 4.069999999999993, 
        "51": -90.04, 
        "43": -69.23, 
        "53": 9.54, 
        "41": -44.24, 
        "36": -19.5, 
        "37": 0.379999999999999, 
        "52": -60.239999999999995
    }, 
    "30": {
        "54": -13.49, 
        "44": -89.8, 
        "42": -1.4699999999999989, 
        "51": -108.77, 
        "43": -44.26, 
        "53": 12.97, 
        "41": -49.25, 
        "36": -29.18, 
        "37": 0.379999999999999, 
        "52": -70.7
    }, 
    "31": {
        "54": -13.58, 
        "44": -90.07, 
        "42": -8.420000000000002, 
        "51": -118.26, 
        "43": -26.95, 
        "53": 17.71, 
        "41": -54.09, 
        "36": -36.51, 
        "37": 0.379999999999999, 
        "52": -81.34
    }, 
    "32": {
        "54": -16.31, 
        "44": -89.27, 
        "42": -8.86, 
        "51": -121.96000000000001, 
        "43": -35.03, 
        "53": 21.49, 
        "41": -59.8, 
        "36": -45.6, 
        "37": 0.379999999999999, 
        "52": -91.8
    }, 
    "33": {
        "54": -18.77, 
        "44": -99.65, 
        "42": -2.0900000000000034, 
        "51": -116.77, 
        "43": -57.63, 
        "53": 20.97, 
        "41": -58.31, 
        "36": -49.41, 
        "37": 0.08999999999999986, 
        "52": -95.67
    }, 
    "34": {
        "54": -16.57, 
        "44": -102.46, 
        "42": -1.3799999999999955, 
        "51": -114.22,