{
    "28": {
        "42": 0.37000000000000455, 
        "44": -39.96, 
        "51": -30.259999999999998, 
        "43": -54.73, 
        "53": 34.07, 
        "52": 6.920000000000002, 
        "36": -0.44, 
        "37": 27.950000000000003, 
        "54": -11.12, 
        "41": -56.81
    }, 
    "22": {
        "42": 4.069999999999993, 
        "44": -77.23, 
        "51": -90.04, 
        "43": -69.23, 
        "53": 9.54, 
        "52": -60.239999999999995, 
        "36": -19.5, 
        "37": 0.379999999999999, 
        "54": -12.7, 
        "41": -44.24
    }, 
    "36": {
        "42": 1.5999999999999943, 
        "44": -93.23, 
        "51": -13.120000000000005, 
        "43": -14.55, 
        "53": -3.47, 
        "52": -2.1299999999999955, 
        "36": -4.25, 
        "37": -0.5, 
        "54": -17.01, 
        "41": -190.97
    }, 
    "speed": {
        "bras_gauche": 0.2, 
        "tete": 0.4, 
        "bras_droit": 0.4
    }, 
    "24": {
        "42": 4.950000000000003, 
        "44": -48.75, 
        "51": -57.6, 
        "43": -94.46, 
        "53": 11.74, 
        "52": -30.090000000000003, 
        "36": -4.25, 
        "37": 2.4299999999999997, 
        "54": -10.77, 
        "41": -28.240000000000002
    }, 
    "25": {
        "42": 1.6899999999999977, 
        "44": -47.96, 
        "51": -49.78, 
        "43": -94.02, 
        "53": 17.89, 
        "52": -19.36, 
        "36": -1.32, 
        "37": 8.010000000000002, 
        "54": -10.86, 
        "41": -31.409999999999997
    }, 
    "26": {
        "42": 1.1599999999999966, 
        "44": -48.31, 
        "51": -44.86, 
        "43": -87.43, 
        "53": 18.95, 
        "52": -3.980000000000004, 
        "36": -0.44, 
        "37": 13.579999999999998, 
        "54": -10.77, 
        "41": -38.35
    }, 
    "27": {
        "42": 2.569999999999993, 
        "44": -47.43, 
        "51": -37.65, 
        "43": -75.12, 
        "53": 25.45, 
        "52": 5.159999999999997, 
        "36": -0.44, 
        "37": 20.909999999999997, 
        "54": -11.12, 
        "41": -47.23
    }, 
    "20": {
        "42": -8.420000000000002, 
        "44": -90.07, 
        "51": -118.26, 
        "43": -26.95, 
        "53": 17.71, 
        "52": -81.34, 
        "36": -36.51, 
        "37": 0.379999999999999, 
        "54": -13.58, 
        "41": -54.09
    }, 
    "21": {
        "42": -1.4699999999999989, 
        "44": -89.8, 
        "51": -108.77, 
        "43": -44.26, 
        "53": 12.97, 
        "52": -70.7, 
        "36": -29.18, 
        "37": 0.379999999999999, 
        "54": -13.49, 
        "41": -49.25
    }, 
    "48": {
        "44": -0.57, 
        "42": 2.480000000000004, 
        "43": -7.96, 
        "41": -16.459999999999994
    }, 
    "49": {
        "44": -0.48, 
        "42": -1.0300000000000011, 
        "43": -7.96, 
        "41": -3.799999999999997
    }, 
    "46": {
        "44": -0.13, 
        "42": 11.89, 
        "43": -19.47, 
        "41": -59.71
    }, 
    "47": {
        "44": -0.57, 
        "42": 7.230000000000004, 
        "43": -10.33, 
        "41": -36.59
    }, 
    "44": {
        "44": 1.27, 
        "42": 11.269999999999996, 
        "43": -20.18, 
        "41": -110.53
    }, 
    "45": {
        "44": 1.36, 
        "42": 11.189999999999998, 
        "43": -22.37, 
        "41": -82.04
    }, 
    "42": {
        "44": -28.44, 
        "42": 15.049999999999997, 
        "43": -19.38, 
        "41": -147.45
    }, 
    "43": {
        "44": -7.87, 
        "42": 14.260000000000005, 
        "43": -19.12, 
        "41": -131.63
    }, 
    "40": {
        "42": 4.590000000000003, 
        "44": -58.59, 
        "51": 0.5900000000000034, 
        "43": -19.38, 
        "53": -10.86, 
        "52": -2.480000000000004, 
        "54": -17.01, 
        "41": -179.01
    }, 
    "41": {
        "44": -47.87, 
        "42": 12.590000000000003, 
        "43": -19.74, 
        "41": -163.1
    }, 
    "1": {
        "44": -112.57, 
        "42": 37.82, 
        "43": 1.1, 
        "41": -37.56
    }, 
    "3": {
        "44": -111.96, 
        "42": 37.74, 
        "43": 2.42, 
        "41": -37.47
    }, 
    "2": {
        "44": -112.57, 
        "42": 37.74, 
        "43": 1.27, 
        "41": -37.82
    }, 
    "5": {
        "44": -105.63, 
        "42": 39.32, 
        "43": 5.93, 
        "41": -44.15
    }, 
    "4": {
        "44": -108.44, 
        "42": 38.35, 
        "43": 5.41, 
        "41": -41.08
    }, 
    "7": {
        "44": -122.07, 
        "42": 50.22, 
        "43": -36.7, 
        "41": -51.19
    }, 
    "6": {
        "44": -109.58, 
        "42": 37.38, 
        "43": 1.1, 
        "41": -46.62
    }, 
    "9": {
        "44": -131.91, 
        "42": 55.85, 
        "43": -57.1, 
        "41": -44.51
    }, 
    "8": {
        "44": -132.26, 
        "42": 55.05, 
        "43": -56.31, 
        "41": -43.45
    }, 
    "nb_temps": 50, 
    "13": {
        "42": 7.230000000000004, 
        "44": -110.9, 
        "51": -113.96000000000001, 
        "43": -71.08, 
        "53": 16.92, 
        "52": -91.98, 
        "54": -12.79, 
        "41": -50.04
    }, 
    "12": {
        "44": -120.13, 
        "42": 25.25, 
        "43": -67.3, 
        "41": -51.1
    }, 
    "29": {
        "42": -8.420000000000002, 
        "44": -38.73, 
        "51": -24.370000000000005, 
        "43": -38.64, 
        "53": 39.78, 
        "52": 8.86, 
        "36": -0.73, 
        "37": 30.29, 
        "54": -11.12, 
        "41": -70.78999999999999
    }, 
    "14": {
        "42": -5.430000000000007, 
        "44": -103.96, 
        "51": -113.87, 
        "43": -74.51, 
        "53": 17.1, 
        "52": -91.98, 
        "36": -51.17, 
        "37": -0.21000000000000085, 
        "54": -12.79, 
        "41": -46.0
    }, 
    "11": {
        "44": -128.31, 
        "42": 45.47, 
        "43": -61.05, 
        "41": -47.41
    }, 
    "10": {
        "44": -130.77, 
        "42": 54.79, 
        "43": -60.26, 
        "41": -46.26
    }, 
    "39": {
        "42": -0.5900000000000034, 
        "44": -68.53, 
        "51": 0.5900000000000034, 
        "43": -17.1, 
        "53": -10.86, 
        "52": -2.480000000000004, 
        "36": -6.01, 
        "37": -9.3, 
        "54": -17.01, 
        "41": -189.65
    }, 
    "38": {
        "42": 0.45999999999999375, 
        "44": -86.81, 
        "51": 0.3299999999999983, 
        "43": -13.67, 
        "53": -10.68, 
        "52": -2.3100000000000023, 
        "36": -6.3, 
        "37": -8.12, 
        "54": -17.01, 
        "41": -192.81
    }, 
    "15": {
        "42": -6.840000000000003, 
        "44": -105.8, 
        "51": -113.96000000000001, 
        "43": -78.64, 
        "53": 17.54, 
        "52": -91.98, 
        "36": -51.17, 
        "37": 0.379999999999999, 
        "54": -12.79, 
        "41": -50.31
    }, 
    "23": {
        "42": 5.3799999999999955, 
        "44": -59.82, 
        "51": -69.65, 
        "43": -88.92, 
        "53": 9.19, 
        "52": -42.92, 
        "36": -11.29, 
        "37": 0.9699999999999989, 
        "54": -10.95, 
        "41": -34.57
    }, 
    "17": {
        "42": -1.3799999999999955, 
        "44": -102.46, 
        "51": -114.22, 
        "43": -71.34, 
        "53": 19.21, 
        "52": -93.65, 
        "36": -50.88, 
        "37": 0.08999999999999986, 
        "54": -16.57, 
        "41": -55.32
    }, 
    "16": {
        "42": -5.780000000000001, 
        "44": -104.13, 
        "51": -114.03999999999999, 
        "43": -76.0, 
        "53": 18.33, 
        "52": -91.98, 
        "36": -51.17, 
        "37": 0.08999999999999986, 
        "54": -12.18, 
        "41": -55.58
    }, 
    "33": {
        "42": 7.760000000000005, 
        "44": -40.22, 
        "51": -28.950000000000003, 
        "43": -17.1, 
        "53": 22.02, 
        "52": 7.540000000000006, 
        "36": -1.03, 
        "37": 15.340000000000003,