{
    "42": {
        "54": -131.91, 
        "51": -44.51, 
        "53": 57.1, 
        "52": -55.85
    }, 
    "48": {
        "54": -111.96, 
        "51": -37.47, 
        "53": -2.42, 
        "52": -37.74
    }, 
    "43": {
        "54": -132.26, 
        "51": -43.45, 
        "53": 56.31, 
        "52": -55.05
    }, 
    "49": {
        "54": -112.57, 
        "51": -37.82, 
        "53": -1.27, 
        "52": -37.74
    }, 
    "speed": {
        "bras_gauche": 0.4, 
        "tete": 0.4, 
        "bras_droit": 0.2
    }, 
    "24": {
        "51": -47.23, 
        "54": -47.43, 
        "44": -11.12, 
        "42": -5.159999999999997, 
        "43": -25.45, 
        "53": 75.12, 
        "41": -37.65, 
        "36": 0.44, 
        "37": 20.909999999999997, 
        "52": -2.569999999999993
    }, 
    "25": {
        "51": -38.35, 
        "54": -48.31, 
        "44": -10.77, 
        "42": 3.980000000000004, 
        "43": -18.95, 
        "53": 87.43, 
        "41": -44.86, 
        "36": 0.44, 
        "37": 13.579999999999998, 
        "52": -1.1599999999999966
    }, 
    "26": {
        "51": -31.409999999999997, 
        "54": -47.96, 
        "44": -10.86, 
        "42": 19.36, 
        "43": -17.89, 
        "53": 94.02, 
        "41": -49.78, 
        "36": 1.32, 
        "37": 8.010000000000002, 
        "52": -1.6899999999999977
    }, 
    "27": {
        "51": -28.240000000000002, 
        "54": -48.75, 
        "44": -10.77, 
        "42": 30.090000000000003, 
        "43": -11.74, 
        "53": 94.46, 
        "41": -57.6, 
        "36": 4.25, 
        "37": 2.4299999999999997, 
        "52": -4.950000000000003
    }, 
    "20": {
        "51": -111.85, 
        "54": -40.13, 
        "44": -10.07, 
        "42": -9.209999999999994, 
        "43": -38.37, 
        "53": 17.1, 
        "41": -23.67, 
        "36": 1.03, 
        "37": 24.72, 
        "52": -5.030000000000001
    }, 
    "21": {
        "51": -87.67, 
        "54": -41.1, 
        "44": -10.42, 
        "42": -9.030000000000001, 
        "43": -41.45, 
        "53": 30.73, 
        "41": -22.439999999999998, 
        "36": 1.03, 
        "37": 29.119999999999997, 
        "52": 8.329999999999998
    }, 
    "22": {
        "51": -70.78999999999999, 
        "54": -38.73, 
        "44": -11.12, 
        "42": -8.86, 
        "43": -39.78, 
        "53": 38.64, 
        "41": -24.370000000000005, 
        "36": 0.73, 
        "37": 30.29, 
        "52": 8.420000000000002
    }, 
    "23": {
        "51": -56.81, 
        "54": -39.96, 
        "44": -11.12, 
        "42": -6.920000000000002, 
        "43": -34.07, 
        "53": 54.73, 
        "41": -30.259999999999998, 
        "36": 0.44, 
        "37": 27.950000000000003, 
        "52": -0.37000000000000455
    }, 
    "46": {
        "54": -105.63, 
        "51": -44.15, 
        "53": -5.93, 
        "52": -39.32
    }, 
    "47": {
        "54": -108.44, 
        "51": -41.08, 
        "53": -5.41, 
        "52": -38.35
    }, 
    "44": {
        "54": -122.07, 
        "51": -51.19, 
        "53": 36.7, 
        "52": -50.22
    }, 
    "45": {
        "54": -109.58, 
        "51": -46.62, 
        "53": -1.1, 
        "52": -37.38
    }, 
    "28": {
        "51": -34.57, 
        "54": -59.82, 
        "44": -10.95, 
        "42": 42.92, 
        "43": -9.19, 
        "53": 88.92, 
        "41": -69.65, 
        "36": 11.29, 
        "37": 0.9699999999999989, 
        "52": -5.3799999999999955
    }, 
    "29": {
        "51": -44.24, 
        "54": -77.23, 
        "44": -12.7, 
        "42": 60.239999999999995, 
        "43": -9.54, 
        "53": 69.23, 
        "41": -90.04, 
        "36": 19.5, 
        "37": 0.379999999999999, 
        "52": -4.069999999999993
    }, 
    "40": {
        "54": -128.31, 
        "51": -47.41, 
        "53": 61.05, 
        "52": -45.47
    }, 
    "41": {
        "54": -130.77, 
        "51": -46.26, 
        "53": 60.26, 
        "52": -54.79
    }, 
    "1": {
        "51": -1.9599999999999937, 
        "54": -0.57, 
        "44": -17.01, 
        "42": 2.480000000000004, 
        "43": 10.86, 
        "53": 7.96, 
        "41": 0.5900000000000034, 
        "36": 5.72, 
        "37": -9.0, 
        "52": 2.0
    }, 
    "3": {
        "54": -0.57, 
        "51": -16.459999999999994, 
        "53": 7.96, 
        "52": -2.480000000000004
    }, 
    "2": {
        "54": -0.48, 
        "51": -3.799999999999997, 
        "53": 7.96, 
        "52": 1.0300000000000011
    }, 
    "5": {
        "54": -0.13, 
        "51": -59.71, 
        "53": 19.47, 
        "52": -11.89
    }, 
    "4": {
        "54": -0.57, 
        "51": -36.59, 
        "53": 10.33, 
        "52": -7.230000000000004
    }, 
    "7": {
        "54": 1.27, 
        "51": -110.53, 
        "53": 20.18, 
        "52": -11.269999999999996
    }, 
    "6": {
        "54": 1.36, 
        "51": -82.04, 
        "53": 22.37, 
        "52": -11.189999999999998
    }, 
    "9": {
        "54": -28.44, 
        "51": -147.45, 
        "53": 19.38, 
        "52": -15.049999999999997
    }, 
    "8": {
        "54": -7.87, 
        "51": -131.63, 
        "53": 19.12, 
        "52": -14.260000000000005
    }, 
    "nb_temps": 50, 
    "39": {
        "54": -120.13, 
        "51": -51.1, 
        "53": 67.3, 
        "52": -25.25
    }, 
    "38": {
        "51": -50.04, 
        "54": -110.9, 
        "44": -12.79, 
        "42": 91.98, 
        "43": -16.92, 
        "53": 71.08, 
        "41": -113.96000000000001, 
        "52": -7.230000000000004
    }, 
    "11": {
        "51": -179.01, 
        "54": -58.59, 
        "44": -17.01, 
        "42": 2.480000000000004, 
        "43": 10.86, 
        "53": 19.38, 
        "41": 0.5900000000000034, 
        "52": -4.590000000000003
    }, 
    "10": {
        "54": -47.87, 
        "51": -163.1, 
        "53": 19.74, 
        "52": -12.590000000000003
    }, 
    "13": {
        "51": -192.81, 
        "54": -86.81, 
        "44": -17.01, 
        "42": 2.3100000000000023, 
        "43": 10.68, 
        "53": 13.67, 
        "41": 0.3299999999999983, 
        "36": 6.3, 
        "37": -8.12, 
        "52": -0.45999999999999375
    }, 
    "12": {
        "51": -189.65, 
        "54": -68.53, 
        "44": -17.01, 
        "42": 2.480000000000004, 
        "43": 10.86, 
        "53": 17.1, 
        "41": 0.5900000000000034, 
        "36": 6.01, 
        "37": -9.3, 
        "52": 0.5900000000000034
    }, 
    "15": {
        "51": -190.97, 
        "54": -93.23, 
        "44": -17.01, 
        "42": 2.1299999999999955, 
        "43": 3.47, 
        "53": 14.55, 
        "41": -13.120000000000005, 
        "36": 4.25, 
        "37": -0.5, 
        "52": -1.5999999999999943
    }, 
    "14": {
        "51": -193.07999999999998, 
        "54": -97.27, 
        "44": -17.01, 
        "42": 2.1299999999999955, 
        "43": 8.84, 
        "53": 14.64, 
        "41": -4.239999999999995, 
        "36": 6.01, 
        "37": -4.9, 
        "52": -0.6400000000000006
    }, 
    "17": {
        "51": -179.19, 
        "54": -52.0, 
        "44": -16.66, 
        "42": -4.3700000000000045, 
        "43": -13.49, 
        "53": 15.16, 
        "41": -28.42, 
        "36": 1.32, 
        "37": 9.77, 
        "52": -4.069999999999993
    }, 
    "16": {
        "51": -187.36, 
        "54": -72.92, 
        "44": -17.01, 
        "42": -1.5600000000000023, 
        "43": -2.24, 
        "53": 14.37, 
        "41": -23.489999999999995, 
        "36": 2.79, 
        "37": 4.780000000000001, 
        "52": -2.8400000000000034
    }, 
    "19": {
        "51": -141.65, 
        "54": -34.51, 
        "44": -9.8, 
        "42": -9.299999999999997, 
        "43": -31.16, 
        "53": 16.75, 
        "41": -26.04, 
        "36": 1.03, 
        "37": 19.15, 
        "52": -15.319999999999993
    }, 
    "18": {
        "51": -164.86, 
        "54": -40.22,