{
    "30": {
        "51": -71.41, 
        "54": -28.88, 
        "44": -13.05, 
        "42": -11.230000000000004, 
        "43": -2.51, 
        "53": 19.38, 
        "41": -78.7, 
        "52": 9.030000000000001
    }, 
    "37": {
        "51": -61.3, 
        "54": -49.27, 
        "44": -49.45, 
        "42": 69.38, 
        "43": -134.64, 
        "53": 106.15, 
        "41": -77.91, 
        "52": -68.51
    }, 
    "22": {
        "51": -50.75, 
        "54": -43.12, 
        "44": -51.03, 
        "42": 78.35, 
        "43": -126.9, 
        "53": 106.95, 
        "41": -65.08, 
        "52": -71.14
    }, 
    "36": {
        "51": -40.55, 
        "54": -80.84, 
        "44": -72.13, 
        "42": 80.46000000000001, 
        "43": -110.55, 
        "53": 93.14, 
        "41": -50.48, 
        "52": -78.18
    }, 
    "60": {
        "51": -12.680000000000007, 
        "54": -14.64, 
        "44": -4.53, 
        "42": 2.8400000000000034, 
        "43": -10.33, 
        "53": 12.35, 
        "41": -18.310000000000002, 
        "52": -0.9899999999999949
    }, 
    "61": {
        "51": 1.1200000000000045, 
        "54": -13.93, 
        "44": -4.44, 
        "42": 1.5999999999999943, 
        "43": -10.15, 
        "53": 12.53, 
        "41": -0.9000000000000057, 
        "52": -3.3599999999999994
    }, 
    "62": {
        "51": 1.2099999999999937, 
        "54": -13.93, 
        "44": -4.35, 
        "42": 1.7800000000000011, 
        "43": -10.15, 
        "53": 12.53, 
        "41": -0.01999999999999602, 
        "52": -3.450000000000003
    }, 
    "63": {
        "51": 1.2099999999999937, 
        "54": -13.93, 
        "44": -4.35, 
        "42": 1.7800000000000011, 
        "43": -10.15, 
        "53": 12.53, 
        "41": -0.01999999999999602, 
        "52": -3.450000000000003
    }, 
    "64": {
        "51": 1.2099999999999937, 
        "54": -13.93, 
        "44": -4.35, 
        "42": 1.7800000000000011, 
        "43": -10.15, 
        "53": 12.53, 
        "41": -0.01999999999999602, 
        "52": -3.3599999999999994
    }, 
    "35": {
        "51": -22.620000000000005, 
        "54": -105.19, 
        "44": -87.96, 
        "42": 79.49, 
        "43": -74.42, 
        "53": 77.93, 
        "41": -15.049999999999997, 
        "52": -80.02
    }, 
    "34": {
        "51": -11.099999999999994, 
        "54": -97.71, 
        "44": -79.87, 
        "42": 48.46, 
        "43": -41.89, 
        "53": 55.43, 
        "41": 3.049999999999997, 
        "52": -48.02
    }, 
    "speed": {
        "bras_gauche": 0.2, 
        "bras_droit": 0.2
    }, 
    "23": {
        "51": -68.33, 
        "54": -24.66, 
        "44": -43.03, 
        "42": 70.18, 
        "43": -118.11, 
        "53": 108.09, 
        "41": -74.48, 
        "52": -62.7
    }, 
    "24": {
        "51": -73.52, 
        "54": -15.34, 
        "44": -32.13, 
        "42": 51.45, 
        "43": -92.88, 
        "53": 81.1, 
        "41": -75.53999999999999, 
        "52": -43.19
    }, 
    "25": {
        "51": -85.21, 
        "54": -10.51, 
        "44": -9.98, 
        "42": 25.159999999999997, 
        "43": -56.22, 
        "53": 43.47, 
        "41": -84.33, 
        "52": -26.57
    }, 
    "26": {
        "51": -86.62, 
        "54": -9.01, 
        "44": -1.45, 
        "42": 10.310000000000002, 
        "43": -34.15, 
        "53": 29.14, 
        "41": -90.31, 
        "52": -11.189999999999998
    }, 
    "27": {
        "51": -88.11, 
        "54": -7.78, 
        "44": 1.1, 
        "42": -0.4200000000000017, 
        "43": -11.56, 
        "53": 15.52, 
        "41": -92.95, 
        "52": 2.8799999999999955
    }, 
    "20": {
        "51": -27.009999999999998, 
        "54": -104.75, 
        "44": -104.22, 
        "42": 84.07, 
        "43": -104.31, 
        "53": 85.67, 
        "41": -36.86, 
        "52": -75.01
    }, 
    "21": {
        "51": -38.18, 
        "54": -82.33, 
        "44": -81.36, 
        "42": 87.41, 
        "43": -113.71, 
        "53": 97.71, 
        "41": -48.81, 
        "52": -78.44
    }, 
    "48": {
        "51": -10.75, 
        "54": -93.67, 
        "44": -74.51, 
        "42": 25.430000000000007, 
        "43": -21.41, 
        "53": 55.08, 
        "41": 13.599999999999994, 
        "52": -41.16
    }, 
    "49": {
        "51": -31.490000000000002, 
        "54": -109.05, 
        "44": -73.01, 
        "42": 46.18, 
        "43": -36.79, 
        "53": 88.48, 
        "41": 13.599999999999994, 
        "52": -71.67
    }, 
    "46": {
        "51": -29.119999999999997, 
        "54": -67.82, 
        "44": -61.67, 
        "42": -1.6500000000000057, 
        "43": -15.16, 
        "53": 23.52, 
        "41": -27.799999999999997, 
        "52": 13.430000000000007
    }, 
    "47": {
        "51": -7.849999999999994, 
        "54": -87.25, 
        "44": -72.4, 
        "42": 12.769999999999996, 
        "43": -21.58, 
        "53": 32.48, 
        "41": -4.069999999999993, 
        "52": -5.560000000000002
    }, 
    "44": {
        "51": -87.05, 
        "54": -17.45, 
        "44": -14.2, 
        "42": -10.879999999999995, 
        "43": -1.36, 
        "53": 17.1, 
        "41": -85.65, 
        "52": 12.989999999999995
    }, 
    "45": {
        "51": -60.42, 
        "54": -42.07, 
        "44": -40.57, 
        "42": -10.090000000000003, 
        "43": -1.45, 
        "53": 19.21, 
        "41": -59.54, 
        "52": 10.260000000000005
    }, 
    "42": {
        "51": -100.68, 
        "54": -2.59, 
        "44": 1.19, 
        "42": -6.480000000000004, 
        "43": -4.44, 
        "53": 8.66, 
        "41": -100.24, 
        "52": 12.549999999999997
    }, 
    "43": {
        "51": -106.31, 
        "54": 1.19, 
        "44": 0.92, 
        "42": -9.739999999999995, 
        "43": -1.45, 
        "53": 5.05, 
        "41": -101.3, 
        "52": 13.959999999999994
    }, 
    "40": {
        "51": -93.3, 
        "54": -11.56, 
        "44": -1.71, 
        "42": 15.319999999999993, 
        "43": -55.6, 
        "53": 50.51, 
        "41": -94.09, 
        "52": -17.25
    }, 
    "41": {
        "51": -94.09, 
        "54": -9.01, 
        "44": 1.01, 
        "42": 2.569999999999993, 
        "43": -22.2, 
        "53": 22.73, 
        "41": -97.69, 
        "52": 1.3799999999999955
    }, 
    "1": {
        "51": -5.299999999999997, 
        "54": -1.1, 
        "44": -17.1, 
        "42": 7.140000000000001, 
        "43": -3.56, 
        "53": 14.73, 
        "41": 2.7900000000000063, 
        "52": -6.700000000000003
    }, 
    "3": {
        "51": -5.3799999999999955, 
        "54": -1.1, 
        "44": -17.1, 
        "42": 7.579999999999998, 
        "43": -3.56, 
        "53": 14.64, 
        "41": 2.969999999999999, 
        "52": -6.530000000000001
    }, 
    "2": {
        "51": -5.299999999999997, 
        "54": -1.1, 
        "44": -17.1, 
        "42": 7.230000000000004, 
        "43": -3.56, 
        "53": 14.73, 
        "41": 2.7900000000000063, 
        "52": -6.700000000000003
    }, 
    "5": {
        "51": -6.260000000000005, 
        "54": -1.27, 
        "44": -17.1, 
        "42": 7.489999999999995, 
        "43": -3.56, 
        "53": 14.55, 
        "41": 3.049999999999997, 
        "52": -6.6200000000000045
    }, 
    "4": {
        "51": -5.560000000000002, 
        "54": -1.1, 
        "44": -17.1, 
        "42": 7.489999999999995, 
        "43": -3.56, 
        "53": 14.73, 
        "41": 2.8799999999999955, 
        "52": -6.6200000000000045
    }, 
    "7": {
        "51": -13.030000000000001, 
        "54": -10.07, 
        "44": -17.71, 
        "42": 15.760000000000005, 
        "43": -9.19, 
        "53": 14.55, 
        "41": -9.25, 
        "52": -11.269999999999996
    }, 
    "6": {
        "51": -8.64, 
        "54": -3.21, 
        "44": -17.27, 
        "42": 8.549999999999997, 
        "43": -3.56, 
        "53": 14.55,