{
    "30": {
        "51": -15.049999999999997, 
        "54": -87.96, 
        "44": -105.19, 
        "42": 80.02, 
        "43": -77.93, 
        "53": 74.42, 
        "41": -22.620000000000005, 
        "52": -79.49
    }, 
    "37": {
        "51": -95.05, 
        "54": 1.1, 
        "44": 0.22, 
        "42": -11.489999999999995, 
        "43": -7.6, 
        "53": 2.59, 
        "41": -95.23, 
        "52": 7.099999999999994
    }, 
    "22": {
        "51": -101.3, 
        "54": 0.92, 
        "44": 1.19, 
        "42": -13.959999999999994, 
        "43": -5.05, 
        "53": 1.45, 
        "41": -106.31, 
        "52": 9.739999999999995
    }, 
    "36": {
        "51": -96.46, 
        "54": 1.19, 
        "44": 1.8, 
        "42": -12.290000000000006, 
        "43": -11.12, 
        "53": 2.42, 
        "41": -96.64, 
        "52": 8.590000000000003
    }, 
    "60": {
        "51": 3.049999999999997, 
        "54": -17.1, 
        "44": -1.27, 
        "42": 6.6200000000000045, 
        "43": -14.55, 
        "53": 3.56, 
        "41": -6.260000000000005, 
        "52": -7.489999999999995
    }, 
    "61": {
        "51": 2.8799999999999955, 
        "54": -17.1, 
        "44": -1.1, 
        "42": 6.6200000000000045, 
        "43": -14.73, 
        "53": 3.56, 
        "41": -5.560000000000002, 
        "52": -7.489999999999995
    }, 
    "62": {
        "51": 2.969999999999999, 
        "54": -17.1, 
        "44": -1.1, 
        "42": 6.530000000000001, 
        "43": -14.64, 
        "53": 3.56, 
        "41": -5.3799999999999955, 
        "52": -7.579999999999998
    }, 
    "63": {
        "51": 2.7900000000000063, 
        "54": -17.1, 
        "44": -1.1, 
        "42": 6.700000000000003, 
        "43": -14.73, 
        "53": 3.56, 
        "41": -5.299999999999997, 
        "52": -7.230000000000004
    }, 
    "64": {
        "51": 2.7900000000000063, 
        "54": -17.1, 
        "44": -1.1, 
        "42": 6.700000000000003, 
        "43": -14.73, 
        "53": 3.56, 
        "41": -5.299999999999997, 
        "52": -7.140000000000001
    }, 
    "35": {
        "51": -78.7, 
        "54": -13.05, 
        "44": -28.88, 
        "42": -9.030000000000001, 
        "43": -19.38, 
        "53": 2.51, 
        "41": -71.41, 
        "52": 11.230000000000004
    }, 
    "34": {
        "51": -49.6, 
        "54": -49.45, 
        "44": -52.35, 
        "42": -12.200000000000003, 
        "43": -15.69, 
        "53": 2.15, 
        "41": -50.92, 
        "52": 12.11
    }, 
    "speed": {
        "bras_gauche": 0.2, 
        "bras_droit": 0.2
    }, 
    "23": {
        "51": -100.24, 
        "54": 1.19, 
        "44": -2.59, 
        "42": -12.549999999999997, 
        "43": -8.66, 
        "53": 4.44, 
        "41": -100.68, 
        "52": 6.480000000000004
    }, 
    "24": {
        "51": -97.69, 
        "54": 1.01, 
        "44": -9.01, 
        "42": -1.3799999999999955, 
        "43": -22.73, 
        "53": 22.2, 
        "41": -94.09, 
        "52": -2.569999999999993
    }, 
    "25": {
        "51": -94.09, 
        "54": -1.71, 
        "44": -11.56, 
        "42": 17.25, 
        "43": -50.51, 
        "53": 55.6, 
        "41": -93.3, 
        "52": -15.319999999999993
    }, 
    "26": {
        "51": -93.03, 
        "54": -16.31, 
        "44": -25.27, 
        "42": 38.88, 
        "43": -95.34, 
        "53": 101.32, 
        "41": -94.62, 
        "52": -34.84
    }, 
    "27": {
        "51": -91.89, 
        "54": -39.6, 
        "44": -46.46, 
        "42": 61.65, 
        "43": -107.03, 
        "53": 129.1, 
        "41": -83.54, 
        "52": -57.87
    }, 
    "20": {
        "51": -59.54, 
        "54": -40.57, 
        "44": -42.07, 
        "42": -10.260000000000005, 
        "43": -19.21, 
        "53": 1.45, 
        "41": -60.42, 
        "52": 10.090000000000003
    }, 
    "21": {
        "51": -85.65, 
        "54": -14.2, 
        "44": -17.45, 
        "42": -12.989999999999995, 
        "43": -17.1, 
        "53": 1.36, 
        "41": -87.05, 
        "52": 10.879999999999995
    }, 
    "48": {
        "51": -20.680000000000007, 
        "54": -74.24, 
        "44": -80.22, 
        "42": -7.189999999999998, 
        "43": -18.77, 
        "53": 16.22, 
        "41": -22.879999999999995, 
        "52": -0.9000000000000057
    }, 
    "49": {
        "51": -52.86, 
        "54": -40.57, 
        "44": -47.52, 
        "42": -12.200000000000003, 
        "43": -9.98, 
        "53": 3.82, 
        "41": -52.59, 
        "52": 10.0
    }, 
    "46": {
        "51": -22.97, 
        "54": -104.84, 
        "44": -104.22, 
        "42": 45.65, 
        "43": -59.65, 
        "53": 79.96, 
        "41": -12.069999999999993, 
        "52": -62.260000000000005
    }, 
    "47": {
        "51": -7.319999999999993, 
        "54": -89.54, 
        "44": -91.74, 
        "42": 9.599999999999994, 
        "43": -37.93, 
        "53": 35.82, 
        "41": -10.480000000000004, 
        "52": -22.439999999999998
    }, 
    "44": {
        "51": -48.81, 
        "54": -81.36, 
        "44": -82.33, 
        "42": 78.44, 
        "43": -97.71, 
        "53": 113.71, 
        "41": -38.18, 
        "52": -87.41
    }, 
    "45": {
        "51": -36.86, 
        "54": -104.22, 
        "44": -104.75, 
        "42": 75.01, 
        "43": -85.67, 
        "53": 104.31, 
        "41": -27.009999999999998, 
        "52": -84.07
    }, 
    "42": {
        "51": -74.48, 
        "54": -43.03, 
        "44": -24.66, 
        "42": 62.7, 
        "43": -108.09, 
        "53": 118.11, 
        "41": -68.33, 
        "52": -70.18
    }, 
    "43": {
        "51": -65.08, 
        "54": -51.03, 
        "44": -43.12, 
        "42": 71.14, 
        "43": -106.95, 
        "53": 126.9, 
        "41": -50.75, 
        "52": -78.35
    }, 
    "40": {
        "51": -84.33, 
        "54": -9.98, 
        "44": -10.51, 
        "42": 26.57, 
        "43": -43.47, 
        "53": 56.22, 
        "41": -85.21, 
        "52": -25.159999999999997
    }, 
    "41": {
        "51": -75.53999999999999, 
        "54": -32.13, 
        "44": -15.34, 
        "42": 43.19, 
        "43": -81.1, 
        "53": 92.88, 
        "41": -73.52, 
        "52": -51.45
    }, 
    "1": {
        "51": -0.01999999999999602, 
        "54": -4.35, 
        "44": -13.93, 
        "42": 3.3599999999999994, 
        "43": -12.53, 
        "53": 10.15, 
        "41": 1.2099999999999937, 
        "52": -1.7800000000000011
    }, 
    "3": {
        "51": -0.01999999999999602, 
        "54": -4.35, 
        "44": -13.93, 
        "42": 3.450000000000003, 
        "43": -12.53, 
        "53": 10.15, 
        "41": 1.2099999999999937, 
        "52": -1.7800000000000011
    }, 
    "2": {
        "51": -0.01999999999999602, 
        "54": -4.35, 
        "44": -13.93, 
        "42": 3.450000000000003, 
        "43": -12.53, 
        "53": 10.15, 
        "41": 1.2099999999999937, 
        "52": -1.7800000000000011
    }, 
    "5": {
        "51": -18.310000000000002, 
        "54": -4.53, 
        "44": -14.64, 
        "42": 0.9899999999999949, 
        "43": -12.35, 
        "53": 10.33, 
        "41": -12.680000000000007, 
        "52": -2.8400000000000034
    }, 
    "4": {
        "51": -0.9000000000000057, 
        "54": -4.44, 
        "44": -13.93, 
        "42": 3.3599999999999994, 
        "43": -12.53, 
        "53": 10.15, 
        "41": 1.1200000000000045, 
        "52": -1.5999999999999943
    }, 
    "7": {
        "51": -63.05, 
        "54": -10.15, 
        "44": -15.69, 
        "42": -5.159999999999997, 
        "43": -12.53, 
        "53": 10.07, 
        "41": -62.260000000000005, 
        "52": 2.4399999999999977
    }, 
    "6": {
        "51": -41.16, 
        "54": -6.99, 
        "44": -14.9, 
        "42": 0.9000000000000057, 
        "43": -12.09, 
        "53": 10.33, 
        "41": -42.66,