{
    "speed": {
        "bras_gauche": 0.2, 
        "bras_droit": 0.2
    }, 
    "1": {
        "42": 3.3599999999999994, 
        "44": -13.93, 
        "51": -0.01999999999999602, 
        "43": -12.53, 
        "53": 10.15, 
        "52": -1.7800000000000011, 
        "54": -4.35, 
        "41": 1.2099999999999937
    }, 
    "2": {
        "42": 3.450000000000003, 
        "44": -13.93, 
        "51": -0.01999999999999602, 
        "43": -12.53, 
        "53": 10.15, 
        "52": -1.7800000000000011, 
        "54": -4.35, 
        "41": 1.2099999999999937
    }, 
    "3": {
        "42": 3.450000000000003, 
        "44": -13.93, 
        "51": -0.01999999999999602, 
        "43": -12.53, 
        "53": 10.15, 
        "52": -1.7800000000000011, 
        "54": -4.35, 
        "41": 1.2099999999999937
    }, 
    "4": {
        "42": 3.3599999999999994, 
        "44": -13.93, 
        "51": -0.9000000000000057, 
        "43": -12.53, 
        "53": 10.15, 
        "52": -1.5999999999999943, 
        "54": -4.44, 
        "41": 1.1200000000000045
    }, 
    "5": {
        "42": 0.9899999999999949, 
        "44": -14.64, 
        "51": -18.310000000000002, 
        "43": -12.35, 
        "53": 10.33, 
        "52": -2.8400000000000034, 
        "54": -4.53, 
        "41": -12.680000000000007
    }, 
    "6": {
        "42": 0.9000000000000057, 
        "44": -14.9, 
        "51": -41.16, 
        "43": -12.09, 
        "53": 10.33, 
        "52": -2.8400000000000034, 
        "54": -6.99, 
        "41": -42.66
    }, 
    "7": {
        "42": -5.159999999999997, 
        "44": -15.69, 
        "51": -63.05, 
        "43": -12.53, 
        "53": 10.07, 
        "52": 2.4399999999999977, 
        "54": -10.15, 
        "41": -62.260000000000005
    }, 
    "8": {
        "42": -7.189999999999998, 
        "44": -20.35, 
        "51": -75.53999999999999, 
        "43": -12.53, 
        "53": 10.07, 
        "52": 5.159999999999997, 
        "54": -10.68, 
        "41": -75.8
    }, 
    "9": {
        "42": -2.4399999999999977, 
        "44": -17.01, 
        "51": -81.08, 
        "43": -14.64, 
        "53": 13.58, 
        "52": 2.969999999999999, 
        "54": -6.73, 
        "41": -79.14
    }, 
    "10": {
        "42": 12.590000000000003, 
        "44": -16.13, 
        "51": -80.64, 
        "43": -31.08, 
        "53": 36.88, 
        "52": -7.849999999999994, 
        "54": -5.67, 
        "41": -79.23
    }, 
    "11": {
        "42": 23.930000000000007, 
        "44": -18.07, 
        "51": -77.21000000000001, 
        "43": -60.79, 
        "53": 68.97, 
        "52": -19.540000000000006, 
        "54": -10.07, 
        "41": -77.74
    }, 
    "12": {
        "42": 39.67, 
        "44": -34.59, 
        "51": -72.64, 
        "43": -101.32, 
        "53": 110.29, 
        "52": -41.34, 
        "54": -30.11, 
        "41": -72.11
    }, 
    "13": {
        "42": 57.43, 
        "44": -58.95, 
        "51": -66.31, 
        "43": -105.36, 
        "53": 120.66, 
        "52": -59.45, 
        "54": -49.1, 
        "41": -60.86
    }, 
    "14": {
        "42": 76.42, 
        "44": -82.51, 
        "51": -50.57, 
        "43": -97.45, 
        "53": 106.86, 
        "52": -71.93, 
        "54": -56.84, 
        "41": -48.64
    }, 
    "15": {
        "42": 83.19, 
        "44": -107.56, 
        "51": -15.14, 
        "43": -92.88, 
        "53": 76.35, 
        "52": -70.09, 
        "54": -70.64, 
        "41": -32.99
    }, 
    "16": {
        "42": 71.67, 
        "44": -109.05, 
        "51": 13.599999999999994, 
        "43": -88.48, 
        "53": 36.79, 
        "52": -46.18, 
        "54": -73.01, 
        "41": -31.490000000000002
    }, 
    "17": {
        "42": 41.16, 
        "44": -93.67, 
        "51": 13.599999999999994, 
        "43": -55.08, 
        "53": 21.41, 
        "52": -25.430000000000007, 
        "54": -74.51, 
        "41": -10.75
    }, 
    "18": {
        "42": 5.560000000000002, 
        "44": -87.25, 
        "51": -4.069999999999993, 
        "43": -32.48, 
        "53": 21.58, 
        "52": -12.769999999999996, 
        "54": -72.4, 
        "41": -7.849999999999994
    }, 
    "19": {
        "42": -13.430000000000007, 
        "44": -67.82, 
        "51": -27.799999999999997, 
        "43": -23.52, 
        "53": 15.16, 
        "52": 1.6500000000000057, 
        "54": -61.67, 
        "41": -29.119999999999997
    }, 
    "20": {
        "42": -10.260000000000005, 
        "44": -42.07, 
        "51": -59.54, 
        "43": -19.21, 
        "53": 1.45, 
        "52": 10.090000000000003, 
        "54": -40.57, 
        "41": -60.42
    }, 
    "21": {
        "42": -12.989999999999995, 
        "44": -17.45, 
        "51": -85.65, 
        "43": -17.1, 
        "53": 1.36, 
        "52": 10.879999999999995, 
        "54": -14.2, 
        "41": -87.05
    }, 
    "22": {
        "42": -13.959999999999994, 
        "44": 1.19, 
        "51": -101.3, 
        "43": -5.05, 
        "53": 1.45, 
        "52": 9.739999999999995, 
        "54": 0.92, 
        "41": -106.31
    }, 
    "23": {
        "42": -12.549999999999997, 
        "44": -2.59, 
        "51": -100.24, 
        "43": -8.66, 
        "53": 4.44, 
        "52": 6.480000000000004, 
        "54": 1.19, 
        "41": -100.68
    }, 
    "24": {
        "42": -1.3799999999999955, 
        "44": -9.01, 
        "51": -97.69, 
        "43": -22.73, 
        "53": 22.2, 
        "52": -2.569999999999993, 
        "54": 1.01, 
        "41": -94.09
    }, 
    "25": {
        "42": 17.25, 
        "44": -11.56, 
        "51": -94.09, 
        "43": -50.51, 
        "53": 55.6, 
        "52": -15.319999999999993, 
        "54": -1.71, 
        "41": -93.3
    }, 
    "26": {
        "42": 38.88, 
        "44": -25.27, 
        "51": -93.03, 
        "43": -95.34, 
        "53": 101.32, 
        "52": -34.84, 
        "54": -16.31, 
        "41": -94.62
    }, 
    "27": {
        "42": 61.65, 
        "44": -46.46, 
        "51": -91.89, 
        "43": -107.03, 
        "53": 129.1, 
        "52": -57.87, 
        "54": -39.6, 
        "41": -83.54
    }, 
    "28": {
        "42": 68.51, 
        "44": -49.27, 
        "51": -77.91, 
        "43": -106.15, 
        "53": 134.64, 
        "52": -69.38, 
        "54": -49.45, 
        "41": -61.3
    }, 
    "29": {
        "42": 78.18, 
        "44": -80.84, 
        "51": -50.48, 
        "43": -93.14, 
        "53": 110.55, 
        "52": -80.46000000000001, 
        "54": -72.13, 
        "41": -40.55
    }, 
    "30": {
        "42": 80.02, 
        "44": -105.19, 
        "51": -15.049999999999997, 
        "43": -77.93, 
        "53": 74.42, 
        "52": -79.49, 
        "54": -87.96, 
        "41": -22.620000000000005
    }, 
    "31": {
        "42": 48.02, 
        "44": -97.71, 
        "51": 3.049999999999997, 
        "43": -55.43, 
        "53": 41.89, 
        "52": -48.46, 
        "54": -79.87, 
        "41": -11.099999999999994
    }, 
    "32": {
        "42": 6.969999999999999, 
        "44": -92.97, 
        "51": -0.29000000000000625, 
        "43": -24.66, 
        "53": 25.01, 
        "52": -19.980000000000004, 
        "54": -78.55, 
        "41": -4.859999999999999
    }, 
    "33": {
        "42": -10.879999999999995, 
        "44": -86.64, 
        "51": -19.450000000000003, 
        "43": -21.14, 
        "53": 14.11, 
        "52": 1.4699999999999989, 
        "54": -77.93, 
        "41": -21.819999999999993
    }, 
    "34": {
        "42": -12.200000000000003, 
        "44": -52.35, 
        "51": -49.6, 
        "43": -15.69, 
        "53": 2.15, 
        "52": 12.11, 
        "54": -49.45, 
        "41": -50.92
    }, 
    "35": {
        "42": -9.030000000000001, 
        "44": -28.88, 
        "51": -78.7, 
        "43": -19.38, 
        "53": 2.51, 
        "52": 11.230000000000004, 
        "54": -13.05, 
        "41": -71.41
    },