{
    "speed": {
        "bras_gauche": 0.2, 
        "bras_droit": 0.2
    }, 
    "1": {
        "42": -15.980000000000004, 
        "44": -76.53, 
        "51": -101.12, 
        "43": -8.48, 
        "53": 13.23, 
        "52": 15.540000000000006, 
        "54": -77.23, 
        "41": -107.36
    }, 
    "2": {
        "42": -15.450000000000003, 
        "44": -74.42, 
        "51": -95.58, 
        "43": -7.78, 
        "53": 13.76, 
        "52": 14.659999999999997, 
        "54": -77.05, 
        "41": -102.09
    }, 
    "3": {
        "42": -14.75, 
        "44": -73.89, 
        "51": -96.29, 
        "43": -6.2, 
        "53": 13.32, 
        "52": 13.959999999999994, 
        "54": -77.05, 
        "41": -103.41
    }, 
    "4": {
        "42": -10.0, 
        "44": -73.63, 
        "51": -99.45, 
        "43": -2.51, 
        "53": 9.1, 
        "52": 10.879999999999995, 
        "54": -77.05, 
        "41": -105.34
    }, 
    "5": {
        "42": -5.430000000000007, 
        "44": -73.63, 
        "51": -101.03, 
        "43": -0.92, 
        "53": 6.11, 
        "52": 4.290000000000006, 
        "54": -76.88, 
        "41": -105.34
    }, 
    "6": {
        "42": 0.45999999999999375, 
        "44": -73.1, 
        "51": -102.35, 
        "43": -1.01, 
        "53": 5.76, 
        "52": -5.1200000000000045, 
        "54": -76.09, 
        "41": -103.93
    }, 
    "7": {
        "42": 6.700000000000003, 
        "44": -72.31, 
        "51": -103.32, 
        "43": -1.01, 
        "53": 7.16, 
        "52": -16.549999999999997, 
        "54": -75.21, 
        "41": -103.41
    }, 
    "8": {
        "42": 15.579999999999998, 
        "44": -70.55, 
        "51": -105.43, 
        "43": -1.19, 
        "53": 9.98, 
        "52": -28.15, 
        "54": -74.24, 
        "41": -103.32
    }, 
    "9": {
        "42": 25.959999999999994, 
        "44": -69.93, 
        "51": -107.01, 
        "43": -4.7, 
        "53": 11.74, 
        "52": -33.78, 
        "54": -73.01, 
        "41": -103.14
    }, 
    "10": {
        "42": 33.87, 
        "44": -70.02, 
        "51": -107.36, 
        "43": -4.88, 
        "53": 11.82, 
        "52": -41.43, 
        "54": -71.43, 
        "41": -102.62
    }, 
    "11": {
        "42": 41.78, 
        "44": -69.85, 
        "51": -107.8, 
        "43": -4.53, 
        "53": 12.18, 
        "52": -48.29, 
        "54": -70.02, 
        "41": -102.62
    }, 
    "12": {
        "42": 49.87, 
        "44": -69.85, 
        "51": -109.12, 
        "43": -4.62, 
        "53": 14.02, 
        "52": -54.26, 
        "54": -70.02, 
        "41": -102.78999999999999
    }, 
    "13": {
        "42": 56.9, 
        "44": -71.25, 
        "51": -111.67, 
        "43": -5.85, 
        "53": 17.19, 
        "52": -59.89, 
        "54": -70.11, 
        "41": -103.14
    }, 
    "14": {
        "42": 65.25, 
        "44": -72.57, 
        "51": -115.19, 
        "43": -9.54, 
        "53": 19.38, 
        "52": -66.13, 
        "54": -69.93, 
        "41": -103.14
    }, 
    "15": {
        "42": 70.62, 
        "44": -72.66, 
        "51": -116.15, 
        "43": -10.07, 
        "53": 19.47, 
        "52": -72.55, 
        "54": -70.02, 
        "41": -103.14
    }, 
    "16": {
        "42": 72.99, 
        "44": -72.84, 
        "51": -116.15, 
        "43": -9.98, 
        "53": 19.56, 
        "52": -75.63, 
        "54": -70.46, 
        "41": -103.05
    }, 
    "17": {
        "42": 75.01, 
        "44": -73.63, 
        "51": -116.59, 
        "43": -10.24, 
        "53": 19.47, 
        "52": -78.18, 
        "54": -70.64, 
        "41": -102.97
    }, 
    "nb_temps": 17
}