{
    "speed": {
        "bras_gauche": 0.2, 
        "bras_droit": 0.2
    }, 
    "1": {
        "42": 5.739999999999995, 
        "44": -50.68, 
        "51": -15.670000000000002, 
        "43": 6.9, 
        "53": -1.87, 
        "52": -16.049999999999997, 
        "54": -56.53, 
        "41": -5.299999999999997,
        "55": 0,
        "56": 0,
        "45": 0,
        "46": 0
    }, 
    "2": {
        "42": 2.3100000000000023, 
        "44": -50.51, 
        "51": -14.0, 
        "43": 6.99, 
        "53": -1.87, 
        "52": -13.700000000000003, 
        "54": -56.44, 
        "41": -7.489999999999995,
        "55": 5,
        "56": 0,
        "45": 5,
        "46": 0
    }, 
    "3": {
        "42": 0.5499999999999972, 
        "44": -50.51, 
        "51": -15.409999999999997, 
        "43": 6.9, 
        "53": 0.78, 
        "52": -12.469999999999999, 
        "54": -53.53, 
        "41": -11.189999999999998,
        "55": 10,
        "56": 0,
        "45": 10,
        "46": 0
    }, 
    "4": {
        "42": -0.5900000000000034, 
        "44": -49.36, 
        "51": -20.86, 
        "43": 6.99, 
        "53": 1.69, 
        "52": -10.219999999999999, 
        "54": -53.62, 
        "41": -14.260000000000005,
        "55": 15,
        "56": 0,
        "45": 15,
        "46": 0
    }, 
    "5": {
        "42": -2.0, 
        "44": -49.89, 
        "51": -29.909999999999997, 
        "43": 7.16, 
        "53": 3.52, 
        "52": -5.37000000000000455, 
        "54": -51.41, 
        "41": -21.47,
        "55": 20,
        "56": 0,
        "45": 20,
        "46": 0
    }, 
    "6": {
        "42": -2.7900000000000063, 
        "44": -54.64, 
        "51": -39.76, 
        "43": 6.9, 
        "53": 5.69, 
        "52": 0.319999999999993, 
        "54": -49.52, 
        "41": -29.299999999999997,
        "55": 25,
        "56": 0,
        "45": 25,
        "46": 0
    }, 
    "7": {
        "42": -4.109999999999999, 
        "44": -70.55, 
        "51": -45.91, 
        "43": 5.49, 
        "53": 6.78, 
        "52": 4.200000000000003, 
        "54": -50.2, 
        "41": -38.0,
        "55": 30,
        "56": 0,
        "45": 30,
        "46": 0
    }, 
    "8": {
        "42": -3.8499999999999943, 
        "44": -86.81, 
        "51": -54.26, 
        "43": 1.27, 
        "53": 8.4, 
        "52": 5.25, 
        "54": -64.92, 
        "41": -45.38,
        "55": 35,
        "56": 0,
        "45": 35,
        "46": 0
    }, 
    "9": {
        "42": -3.6700000000000017, 
        "44": -92.62, 
        "51": -63.05, 
        "43": -6.2, 
        "53": 9.63, 
        "52": 6.400000000000006, 
        "54": -86.02, 
        "41": -60.239999999999995,
        "55": 40,
        "56": 0,
        "45": 40,
        "46": 0
    }, 
    "10": {
        "42": -2.8799999999999955, 
        "44": -88.22, 
        "51": -73.6, 
        "43": -8.75, 
        "53": 12.35, 
        "52": 9.209999999999994, 
        "54": -87.6, 
        "41": -76.95,
        "55": 45,
        "56": 0,
        "45": 45,
        "46": 0
    }, 
    "11": {
        "42": -2.180000000000007, 
        "44": -80.84, 
        "51": -85.38, 
        "43": -8.84, 
        "53": 12.97, 
        "52": 9.299999999999997, 
        "54": -86.29, 
        "41": -91.98,
        "55": 50,
        "56": 0,
        "45": 50,
        "46": 0
    }, 
    "12": {
        "42": -5.430000000000007, 
        "44": -79.25, 
        "51": -93.74, 
        "43": -6.55, 
        "53": 12.97, 
        "52": 11.230000000000004, 
        "54": -82.59, 
        "41": -99.8,
        "55": 55,
        "56": 0,
        "45": 55,
        "46": 0
    }, 
    "13": {
        "42": -8.680000000000007, 
        "44": -78.29, 
        "51": -97.16, 
        "43": -5.32, 
        "53": 12.0, 
        "52": 13.870000000000005, 
        "54": -81.54, 
        "41": -103.67,
        "55": 60,
        "56": 0,
        "45": 60,
        "46": 0
    }, 
    "14": {
        "42": -12.900000000000006, 
        "44": -73.71, 
        "51": -100.42, 
        "43": -3.82, 
        "53": 10.24, 
        "52": 15.89, 
        "54": -80.31, 
        "41": -107.8,
        "55": 65,
        "56": 0,
        "45": 65,
        "46": 0
    }, 
    "15": {
        "42": -16.239999999999995, 
        "44": -69.58, 
        "51": -102.18, 
        "43": -4.35, 
        "53": 9.01, 
        "52": 16.069999999999993, 
        "54": -77.14, 
        "41": -108.77,
        "55": 70,
        "56": 0,
        "45": 70,
        "46": 0
    }, 
    "16": {
        "42": -16.239999999999995, 
        "44": -70.99, 
        "51": -100.86, 
        "43": -4.26, 
        "53": 9.19, 
        "52": 16.150000000000006, 
        "54": -76.88, 
        "41": -104.96000000000001,
        "55": 75,
        "56": 0,
        "45": 75,
        "46": 0
    }, 
    "17": {
        "42": -16.239999999999995, 
        "44": -76.26, 
        "51": -99.01, 
        "43": -4.35, 
        "53": 10.68, 
        "52": 16.150000000000006, 
        "54": -77.67, 
        "41": -101.65,
        "55": 80,
        "56": 0,
        "45": 80,
        "46": 0
    }, 
    "18": {
        "42": -16.239999999999995, 
        "44": -76.7, 
        "51": -100.96, 
        "43": -4.35, 
        "53": 11.74, 
        "52": 16.150000000000006, 
        "54": -78.2, 
        "41": -100.65,
        "55": 85,
        "56": 0,
        "45": 85,
        "46": 0
    }, 
    "19": {
        "42": -16.239999999999995, 
        "44": -74.15, 
        "51": -100.96, 
        "43": -4.26, 
        "53": 11.03, 
        "52": 16.150000000000006, 
        "54": -78.46, 
        "41": -100.32,
        "55": 90,
        "56": 0,
        "45": 90,
        "46": 0
    }, 
    "nb_temps": 19
}
