{
    "11": {
        "56": 0, 
        "46": 0, 
        "51": -63.05, 
        "44": -92.62, 
        "45": 40, 
        "42": -3.6700000000000017, 
        "43": -6.2, 
        "53": 9.63, 
        "41": -60.239999999999995, 
        "55": 40, 
        "54": -86.02, 
        "52": 6.400000000000006
    }, 
    "10": {
        "56": 0, 
        "46": 0, 
        "51": -73.6, 
        "44": -88.22, 
        "45": 45, 
        "42": -2.8799999999999955, 
        "43": -8.75, 
        "53": 12.35, 
        "41": -76.95, 
        "55": 45, 
        "54": -87.6, 
        "52": 9.209999999999994
    }, 
    "13": {
        "56": 0, 
        "46": 0, 
        "51": -45.91, 
        "44": -70.55, 
        "45": 30, 
        "42": -4.109999999999999, 
        "43": 5.49, 
        "53": 6.78, 
        "41": -38.0, 
        "55": 30, 
        "54": -46.2, 
        "52": 0.200000000000003
    }, 
    "12": {
        "56": 0, 
        "46": 0, 
        "51": -54.26, 
        "44": -86.81, 
        "45": 35, 
        "42": -3.8499999999999943, 
        "43": 1.27, 
        "53": 8.4, 
        "41": -45.38, 
        "55": 35, 
        "54": -64.92, 
        "52": 5.25
    }, 
    "15": {
        "56": 0, 
        "46": 0, 
        "51": -29.909999999999997, 
        "44": -49.89, 
        "45": 20, 
        "42": -2.0, 
        "43": 7.16, 
        "53": 0.52, 
        "41": -21.47, 
        "55": 20, 
        "54": -37.41, 
        "52": -5.37000000000000455
    }, 
    "14": {
        "56": 0, 
        "46": 0, 
        "51": -39.76, 
        "44": -54.64, 
        "45": 25, 
        "42": -2.7900000000000063, 
        "43": 6.9, 
        "53": 4.69, 
        "41": -29.299999999999997, 
        "55": 25, 
        "54": -39.52, 
        "52": -2.319999999999993
    }, 
    "17": {
        "56": 0, 
        "46": 0, 
        "51": -15.409999999999997, 
        "44": -50.51, 
        "45": 10, 
        "42": 0.5499999999999972, 
        "43": 6.9, 
        "53": -3.78, 
        "41": -11.189999999999998, 
        "55": 10, 
        "54": -36.53, 
        "52": -10.469999999999999
    }, 
    "16": {
        "56": 0, 
        "46": 0, 
        "51": -20.86, 
        "44": -49.36, 
        "45": 15, 
        "42": -0.5900000000000034, 
        "43": 6.99, 
        "53": -2.69, 
        "41": -14.260000000000005, 
        "55": 15, 
        "54": -36.62, 
        "52": -8.219999999999999
    }, 
    "19": {
        "56": 0, 
        "46": 0, 
        "51": -15.670000000000002, 
        "44": -50.68, 
        "45": 0, 
        "42": 5.739999999999995, 
        "43": 6.9, 
        "53": -5.87, 
        "41": -5.299999999999997, 
        "55": 0, 
        "54": -36.53, 
        "52": -11.049999999999997
    }, 
    "18": {
        "56": 0, 
        "46": 0, 
        "51": -14.0, 
        "44": -50.51, 
        "45": 5, 
        "42": 2.3100000000000023, 
        "43": 6.99, 
        "53": -4.87, 
        "41": -7.489999999999995, 
        "55": 5, 
        "54": -36.44, 
        "52": -6.700000000000003
    }, 
    "1": {
        "56": 0, 
        "46": 0, 
        "51": -97.96, 
        "44": -74.15, 
        "45": 90, 
        "42": -16.239999999999995, 
        "43": -4.26, 
        "53": 11.03, 
        "41": -97.32, 
        "55": 90, 
        "54": -78.46, 
        "52": 16.150000000000006
    }, 
    "3": {
        "56": 0, 
        "46": 0, 
        "51": -99.01, 
        "44": -76.26, 
        "45": 80, 
        "42": -16.239999999999995, 
        "43": -4.35, 
        "53": 10.68, 
        "41": -99.65, 
        "55": 80, 
        "54": -77.67, 
        "52": 16.150000000000006
    }, 
    "2": {
        "56": 0, 
        "46": 0, 
        "51": -97.96, 
        "44": -76.7, 
        "45": 85, 
        "42": -16.239999999999995, 
        "43": -4.35, 
        "53": 11.74, 
        "41": -98.65, 
        "55": 85, 
        "54": -78.2, 
        "52": 16.150000000000006
    }, 
    "5": {
        "56": 0, 
        "46": 0, 
        "51": -102.18, 
        "44": -69.58, 
        "45": 70, 
        "42": -16.239999999999995, 
        "43": -4.35, 
        "53": 9.01, 
        "41": -102.77, 
        "55": 70, 
        "54": -77.14, 
        "52": 16.069999999999993
    }, 
    "4": {
        "56": 0, 
        "46": 0, 
        "51": -100.86, 
        "44": -70.99, 
        "45": 75, 
        "42": -16.239999999999995, 
        "43": -4.26, 
        "53": 9.19, 
        "41": -99.96000000000001, 
        "55": 75, 
        "54": -76.88, 
        "52": 16.150000000000006
    }, 
    "7": {
        "56": 0, 
        "46": 0, 
        "51": -97.16, 
        "44": -78.29, 
        "45": 60, 
        "42": -8.680000000000007, 
        "43": -5.32, 
        "53": 12.0, 
        "41": -103.67, 
        "55": 60, 
        "54": -81.54, 
        "52": 13.870000000000005
    }, 
    "6": {
        "56": 0, 
        "46": 0, 
        "51": -100.42, 
        "44": -73.71, 
        "45": 65, 
        "42": -12.900000000000006, 
        "43": -3.82, 
        "53": 10.24, 
        "41": -103.8, 
        "55": 65, 
        "54": -80.31, 
        "52": 15.89
    }, 
    "9": {
        "56": 0, 
        "46": 0, 
        "51": -85.38, 
        "44": -80.84, 
        "45": 50, 
        "42": -2.180000000000007, 
        "43": -8.84, 
        "53": 12.97, 
        "41": -91.98, 
        "55": 50, 
        "54": -86.29, 
        "52": 9.299999999999997
    }, 
    "8": {
        "56": 0, 
        "46": 0, 
        "51": -93.74, 
        "44": -79.25, 
        "45": 55, 
        "42": -5.430000000000007, 
        "43": -6.55, 
        "53": 12.97, 
        "41": -99.8, 
        "55": 55, 
        "54": -82.59, 
        "52": 11.230000000000004
    }, 
    "nb_temps": 19, 
    "speed": {
        "bras_gauche": 0.2, 
        "bras_droit": 0.2
    }
}
