{
    "speed": {
        "bras_gauche": 0.2, 
        "bras_droit": 0.2, 
        "colonne": 0.4
    }, 
    "24": {
        "34": 1.01, 
        "33": -6.8, 
        "42": -15.980000000000004, 
        "44": -76.53, 
        "51": -101.12, 
        "43": -8.48, 
        "53": 13.23, 
        "52": 15.540000000000006, 
        "35": 0.48, 
        "54": -77.23, 
        "41": -101.36, 
        "31": 8.81, 
        "32": 0.75
    }, 
    "20": {
        "42": -5.430000000000007, 
        "44": -76.63, 
        "51": -101.03, 
        "43": -0.92, 
        "53": 6.11, 
        "52": 4.290000000000006, 
        "54": -76.88, 
        "41": -101.34
    }, 
    "21": {
        "34": 0.13, 
        "33": -6.54, 
        "42": -10.0, 
        "44": -77.63, 
        "51": -99.45, 
        "43": -2.51, 
        "53": 9.1, 
        "52": 10.879999999999995, 
        "35": -0.57, 
        "54": -77.05, 
        "41": -99.34, 
        "31": 8.35, 
        "32": 0.75
    }, 
    "22": {
        "42": -14.75, 
        "44": -77.89, 
        "51": -96.29, 
        "43": -6.2, 
        "53": 13.32, 
        "52": 13.959999999999994, 
        "54": -77.05, 
        "41": -96.41
    }, 
    "23": {
        "42": -15.450000000000003, 
        "44": -77.42, 
        "51": -99.58, 
        "43": -7.78, 
        "53": 13.76, 
        "52": 14.659999999999997, 
        "54": -77.05, 
        "41": -99.09
    }, 
    "1": {
        "33": -6.57, 
        "32": 0.57, 
        "31": 6.8, 
        "35": 0.13, 
        "34": -5.62
    }, 
    "3": {
        "33": -6.66, 
        "32": 0.57, 
        "31": 6.71, 
        "35": 0.13, 
        "34": -4.53
    }, 
    "5": {
        "33": -6.57, 
        "32": 0.57, 
        "31": 6.39, 
        "35": 0.04, 
        "34": -4.44
    }, 
    "7": {
        "33": -6.57, 
        "32": 0.57, 
        "31": 6.48, 
        "35": 0.13, 
        "34": -4.35
    }, 
    "9": {
        "34": -3.82, 
        "33": -6.22, 
        "42": 72.99, 
        "44": -72.84, 
        "51": -116.15, 
        "43": -9.98, 
        "53": 19.56, 
        "52": -75.63, 
        "35": 0.04, 
        "54": -70.46, 
        "41": -103.05, 
        "31": 6.66, 
        "32": 0.57
    }, 
    "8": {
        "42": 75.01, 
        "44": -73.63, 
        "51": -116.59, 
        "43": -10.24, 
        "53": 19.47, 
        "52": -78.18, 
        "54": -70.64, 
        "41": -102.97
    }, 
    "nb_temps": 24, 
    "11": {
        "34": -3.12, 
        "33": -6.22, 
        "42": 65.25, 
        "44": -72.57, 
        "51": -115.19, 
        "43": -9.54, 
        "53": 19.38, 
        "52": -66.13, 
        "35": -0.04, 
        "54": -69.93, 
        "41": -103.14, 
        "31": 6.8, 
        "32": 0.75
    }, 
    "10": {
        "42": 70.62, 
        "44": -72.66, 
        "51": -116.15, 
        "43": -10.07, 
        "53": 19.47, 
        "52": -72.55, 
        "54": -70.02, 
        "41": -103.14
    }, 
    "13": {
        "34": -2.59, 
        "33": -6.4, 
        "42": 49.87, 
        "44": -69.85, 
        "51": -109.12, 
        "43": -4.62, 
        "53": 14.02, 
        "52": -54.26, 
        "35": -0.04, 
        "54": -70.02, 
        "41": -102.78999999999999, 
        "31": 6.95, 
        "32": 0.92
    }, 
    "12": {
        "42": 56.9, 
        "44": -71.25, 
        "51": -111.67, 
        "43": -5.85, 
        "53": 17.19, 
        "52": -59.89, 
        "54": -70.11, 
        "41": -103.14
    }, 
    "15": {
        "34": -2.15, 
        "33": -6.48, 
        "42": 33.87, 
        "44": -70.02, 
        "51": -107.36, 
        "43": -4.88, 
        "53": 11.82, 
        "52": -41.43, 
        "35": -0.22, 
        "54": -71.43, 
        "41": -102.62, 
        "31": 6.26, 
        "32": 0.92
    }, 
    "14": {
        "42": 41.78, 
        "44": -69.85, 
        "51": -107.8, 
        "43": -4.53, 
        "53": 12.18, 
        "52": -48.29, 
        "54": -70.02, 
        "41": -102.62
    }, 
    "17": {
        "34": -1.54, 
        "33": -6.75, 
        "42": 15.579999999999998, 
        "44": -70.55, 
        "51": -105.43, 
        "43": -1.19, 
        "53": 9.98, 
        "52": -28.15, 
        "35": -0.31, 
        "54": -74.24, 
        "41": -103.32, 
        "31": 6.41, 
        "32": 1.01
    }, 
    "16": {
        "42": 25.959999999999994, 
        "44": -69.93, 
        "51": -107.01, 
        "43": -4.7, 
        "53": 11.74, 
        "52": -33.78, 
        "54": -73.01, 
        "41": -103.14
    }, 
    "19": {
        "34": -0.84, 
        "33": -6.27, 
        "42": 0.45999999999999375, 
        "44": -73.1, 
        "51": -102.35, 
        "43": -1.01, 
        "53": 5.76, 
        "52": -5.1200000000000045, 
        "35": -0.48, 
        "54": -76.09, 
        "41": -101.93, 
        "31": 6.2, 
        "32": 0.84
    }, 
    "18": {
        "42": 6.700000000000003, 
        "44": -72.31, 
        "51": -103.32, 
        "43": -1.01, 
        "53": 7.16, 
        "52": -16.549999999999997, 
        "54": -75.21, 
        "41": -103.41
    }
}
