{
    "speed": {
        "bras_gauche": 0.2
    }, 
    "1": {
        "44": -71.34, 
        "42": 102.88, 
        "43": 92.79, 
        "41": -2.219999999999999
    }, 
    "2": {
        "44": -71.96, 
        "42": 101.12, 
        "43": 92.62, 
        "41": -2.219999999999999
    }, 
    "3": {
        "44": -75.56, 
        "42": 96.55, 
        "43": 91.74, 
        "41": 0.06999999999999318
    }, 
    "4": {
        "44": -81.71, 
        "42": 85.56, 
        "43": 88.13, 
        "41": 3.230000000000004
    }, 
    "5": {
        "44": -89.71, 
        "42": 69.65, 
        "43": 78.2, 
        "41": 3.5799999999999983
    }, 
    "6": {
        "44": -92.97, 
        "42": 54.62, 
        "43": 69.67, 
        "41": -0.29000000000000625
    }, 
    "7": {
        "44": -89.54, 
        "42": 41.43, 
        "43": 67.65, 
        "41": -4.150000000000006
    }, 
    "8": {
        "44": -81.27, 
        "42": 32.02, 
        "43": 66.59, 
        "41": -4.420000000000002
    }, 
    "9": {
        "44": -71.52, 
        "42": 25.959999999999994, 
        "43": 60.44, 
        "41": -2.0400000000000063
    }, 
    "10": {
        "44": -61.41, 
        "42": 22.260000000000005, 
        "43": 49.1, 
        "41": -1.3400000000000034
    }, 
    "11": {
        "44": -46.9, 
        "42": 22.260000000000005, 
        "43": 34.95, 
        "41": -2.4000000000000057
    }, 
    "12": {
        "44": -31.25, 
        "42": 23.760000000000005, 
        "43": 21.85, 
        "41": -4.680000000000007
    }, 
    "13": {
        "44": -19.03, 
        "42": 22.620000000000005, 
        "43": 13.41, 
        "41": -6.969999999999999
    }, 
    "14": {
        "44": -7.52, 
        "42": 20.150000000000006, 
        "43": 9.45, 
        "41": -7.849999999999994
    }, 
    "15": {
        "44": 1.1, 
        "42": 14.879999999999995, 
        "43": 3.82, 
        "41": -7.579999999999998
    }, 
    "16": {
        "44": 1.63, 
        "42": 12.069999999999993, 
        "43": 1.71, 
        "41": -5.3799999999999955
    }, 
    "17": {
        "44": 1.63, 
        "42": 11.540000000000006, 
        "43": 0.84, 
        "41": -4.859999999999999
    }, 
    "nb_temps": 17
}