{
    "speed": {
        "bras_gauche": 0.2
    }, 
    "1": {
        "44": 1.19, 
        "42": 4.510000000000005, 
        "43": 4.18, 
        "41": -12.329999999999998
    }, 
    "2": {
        "44": 1.19, 
        "42": 5.3799999999999955, 
        "43": 4.62, 
        "41": -12.950000000000003
    }, 
    "3": {
        "44": 1.1, 
        "42": 14.969999999999999, 
        "43": 7.25, 
        "41": -16.290000000000006
    }, 
    "4": {
        "44": 1.19, 
        "42": 28.950000000000003, 
        "43": 11.56, 
        "41": -23.230000000000004
    }, 
    "5": {
        "44": 1.19, 
        "42": 46.97, 
        "43": 17.89, 
        "41": -35.54
    }, 
    "6": {
        "44": 1.45, 
        "42": 65.96000000000001, 
        "43": 20.35, 
        "41": -49.52
    }, 
    "7": {
        "44": -3.74, 
        "42": 81.34, 
        "43": 15.52, 
        "41": -55.58
    }, 
    "8": {
        "44": -13.23, 
        "42": 93.82, 
        "43": 17.27, 
        "41": -64.2
    }, 
    "9": {
        "44": -24.66, 
        "42": 98.03999999999999, 
        "43": 30.37, 
        "41": -63.14
    }, 
    "10": {
        "44": -41.54, 
        "42": 111.49, 
        "43": 49.27, 
        "41": -43.1
    }, 
    "11": {
        "44": -46.29, 
        "42": 132.77, 
        "43": 83.91, 
        "41": -7.409999999999997
    }, 
    "12": {
        "44": -41.98, 
        "42": 150.26, 
        "43": 92.26, 
        "41": 2.3499999999999943
    }, 
    "13": {
        "44": -34.07, 
        "42": 137.07999999999998, 
        "43": 92.7, 
        "41": -1.8700000000000045
    }, 
    "14": {
        "44": -20.88, 
        "42": 117.3, 
        "43": 92.7, 
        "41": -3.6299999999999955
    }, 
    "15": {
        "44": -8.13, 
        "42": 107.36, 
        "43": 92.79, 
        "41": -5.560000000000002
    }, 
    "16": {
        "44": -20.88, 
        "42": 115.63, 
        "43": 92.79, 
        "41": -4.510000000000005
    }, 
    "17": {
        "44": -38.02, 
        "42": 132.15, 
        "43": 92.7, 
        "41": -3.3599999999999994
    }, 
    "18": {
        "44": -60.7, 
        "42": 144.46, 
        "43": 92.7, 
        "41": -2.219999999999999
    }, 
    "19": {
        "44": -85.49, 
        "42": 146.48, 
        "43": 92.7, 
        "41": -0.9899999999999949
    }, 
    "20": {
        "44": -83.38, 
        "42": 134.62, 
        "43": 92.79, 
        "41": -2.219999999999999
    }, 
    "21": {
        "44": -63.87, 
        "42": 115.98, 
        "43": 92.97, 
        "41": -5.299999999999997
    }, 
    "22": {
        "44": -47.69, 
        "42": 108.51, 
        "43": 92.97, 
        "41": -6.8799999999999955
    }, 
    "23": {
        "44": -29.41, 
        "42": 120.55, 
        "43": 92.79, 
        "41": -4.859999999999999
    }, 
    "24": {
        "44": -34.95, 
        "42": 136.2, 
        "43": 92.79, 
        "41": -2.480000000000004
    }, 
    "25": {
        "44": -58.68, 
        "42": 140.77, 
        "43": 92.79, 
        "41": -1.0799999999999983
    }, 
    "26": {
        "44": -79.34, 
        "42": 134.62, 
        "43": 92.79, 
        "41": -1.1599999999999966
    }, 
    "27": {
        "44": -80.84, 
        "42": 118.35, 
        "43": 92.79, 
        "41": -2.219999999999999
    }, 
    "28": {
        "44": -80.84, 
        "42": 105.96000000000001, 
        "43": 92.79, 
        "41": -3.980000000000004
    }, 
    "29": {
        "44": -78.81, 
        "42": 103.23, 
        "43": 92.79, 
        "41": -4.239999999999995
    }, 
    "30": {
        "44": -73.1, 
        "42": 103.32, 
        "43": 92.79, 
        "41": -4.239999999999995
    }, 
    "31": {
        "44": -71.34, 
        "42": 103.32, 
        "43": 92.79, 
        "41": -4.859999999999999
    }, 
    "32": {
        "44": -71.25, 
        "42": 103.32, 
        "43": 92.79, 
        "41": -5.1200000000000045
    }, 
    "nb_temps": 32
}