{
    "speed": {
        "bras_gauche": 0.2, 
        "bras_droit": 0.2
    }, 
    "1": {
        "54": 0.66, 
        "44": 1.19, 
        "42": 4.510000000000005, 
        "51": -11.980000000000004, 
        "43": 4.18, 
        "53": -4.97, 
        "41": -12.329999999999998, 
        "52": -5.739999999999995
    }, 
    "2": {
        "54": 0.66, 
        "44": 1.19, 
        "42": 5.3799999999999955, 
        "51": -11.799999999999997, 
        "43": 4.62, 
        "53": -4.97, 
        "41": -12.950000000000003, 
        "52": -5.739999999999995
    }, 
    "3": {
        "54": 0.66, 
        "44": 1.1, 
        "42": 14.969999999999999, 
        "51": -11.629999999999995, 
        "43": 7.25, 
        "53": -4.97, 
        "41": -16.290000000000006, 
        "52": -4.859999999999999
    }, 
    "4": {
        "54": 0.66, 
        "44": 1.19, 
        "42": 28.950000000000003, 
        "51": -11.540000000000006, 
        "43": 11.56, 
        "53": -5.05, 
        "41": -23.230000000000004, 
        "52": -4.950000000000003
    }, 
    "5": {
        "54": 0.66, 
        "44": 1.19, 
        "42": 46.97, 
        "51": -15.930000000000007, 
        "43": 17.89, 
        "53": -4.97, 
        "41": -35.54, 
        "52": -6.700000000000003
    }, 
    "6": {
        "54": 0.57, 
        "44": 1.45, 
        "42": 65.96000000000001, 
        "51": -34.4, 
        "43": 20.35, 
        "53": -5.14, 
        "41": -49.52, 
        "52": -14.260000000000005
    }, 
    "7": {
        "54": 1.1, 
        "44": -3.74, 
        "42": 81.34, 
        "51": -57.43, 
        "43": 15.52, 
        "53": -5.14, 
        "41": -55.58, 
        "52": -26.840000000000003
    }, 
    "8": {
        "54": 1.1, 
        "44": -13.23, 
        "42": 93.82, 
        "51": -79.58, 
        "43": 17.27, 
        "53": -5.85, 
        "41": -64.2, 
        "52": -32.9
    }, 
    "9": {
        "54": 1.1, 
        "44": -24.66, 
        "42": 98.03999999999999, 
        "51": -104.46000000000001, 
        "43": 30.37, 
        "53": -5.58, 
        "41": -63.14, 
        "52": -37.91
    }, 
    "10": {
        "54": 1.19, 
        "44": -41.54, 
        "42": 111.49, 
        "51": -133.74, 
        "43": 49.27, 
        "53": -4.18, 
        "41": -43.1, 
        "52": -37.74
    }, 
    "11": {
        "54": 1.1, 
        "44": -46.29, 
        "42": 132.77, 
        "51": -160.81, 
        "43": 83.91, 
        "53": -4.26, 
        "41": -7.409999999999997, 
        "52": -36.07
    }, 
    "12": {
        "54": 1.19, 
        "44": -41.98, 
        "42": 150.26, 
        "51": -179.70999999999998, 
        "43": 92.26, 
        "53": 9.27, 
        "41": 2.3499999999999943, 
        "52": -28.15
    }, 
    "13": {
        "54": 1.19, 
        "44": -34.07, 
        "42": 137.07999999999998, 
        "51": -192.55, 
        "43": 92.7, 
        "53": 41.63, 
        "41": -1.8700000000000045, 
        "52": -14.0
    }, 
    "14": {
        "54": 0.48, 
        "44": -20.88, 
        "42": 117.3, 
        "51": -195.54000000000002, 
        "43": 92.7, 
        "53": 73.63, 
        "41": -3.6299999999999955, 
        "52": -3.5400000000000063
    }, 
    "15": {
        "54": -10.33, 
        "44": -8.13, 
        "42": 107.36, 
        "51": -195.19, 
        "43": 92.79, 
        "53": 95.52, 
        "41": -5.560000000000002, 
        "52": -4.239999999999995
    }, 
    "16": {
        "54": -22.55, 
        "44": -20.88, 
        "42": 115.63, 
        "51": -194.04000000000002, 
        "43": 92.79, 
        "53": 89.54, 
        "41": -4.510000000000005, 
        "52": -14.260000000000005
    }, 
    "17": {
        "54": -28.97, 
        "44": -38.02, 
        "42": 132.15, 
        "51": -194.04000000000002, 
        "43": 92.7, 
        "53": 88.84, 
        "41": -3.3599999999999994, 
        "52": -22.53
    }, 
    "18": {
        "54": -29.67, 
        "44": -60.7, 
        "42": 144.46, 
        "51": -192.9, 
        "43": 92.7, 
        "53": 89.54, 
        "41": -2.219999999999999, 
        "52": -22.879999999999995
    }, 
    "19": {
        "54": -30.02, 
        "44": -85.49, 
        "42": 146.48, 
        "51": -191.57999999999998, 
        "43": 92.7, 
        "53": 85.67, 
        "41": -0.9899999999999949, 
        "52": -22.97
    }, 
    "20": {
        "44": -83.38, 
        "42": 134.62, 
        "43": 92.79, 
        "41": -2.219999999999999
    }, 
    "21": {
        "44": -63.87, 
        "42": 115.98, 
        "43": 92.97, 
        "41": -5.299999999999997
    }, 
    "22": {
        "44": -47.69, 
        "42": 108.51, 
        "43": 92.97, 
        "41": -6.8799999999999955
    }, 
    "23": {
        "44": -29.41, 
        "42": 120.55, 
        "43": 92.79, 
        "41": -4.859999999999999
    }, 
    "24": {
        "44": -34.95, 
        "42": 136.2, 
        "43": 92.79, 
        "41": -2.480000000000004
    }, 
    "25": {
        "44": -58.68, 
        "42": 140.77, 
        "43": 92.79, 
        "41": -1.0799999999999983
    }, 
    "26": {
        "44": -79.34, 
        "42": 134.62, 
        "43": 92.79, 
        "41": -1.1599999999999966
    }, 
    "27": {
        "44": -80.84, 
        "42": 118.35, 
        "43": 92.79, 
        "41": -2.219999999999999
    }, 
    "28": {
        "44": -80.84, 
        "42": 105.96000000000001, 
        "43": 92.79, 
        "41": -3.980000000000004
    }, 
    "29": {
        "44": -78.81, 
        "42": 103.23, 
        "43": 92.79, 
        "41": -4.239999999999995
    }, 
    "30": {
        "44": -73.1, 
        "42": 103.32, 
        "43": 92.79, 
        "41": -4.239999999999995
    }, 
    "31": {
        "44": -71.34, 
        "42": 103.32, 
        "43": 92.79, 
        "41": -4.859999999999999
    }, 
    "32": {
        "44": -71.25, 
        "42": 103.32, 
        "43": 92.79, 
        "41": -5.1200000000000045
    }, 
    "nb_temps": 32
}