{
    "speed": {
        "bras_gauche": 0.2, 
        "bras_droit": 0.2
    }, 
    "1": {
        "42": 5.3799999999999955, 
        "44": -47.25, 
        "51": -0.01999999999999602, 
        "43": -12.26, 
        "53": -6.73, 
        "52": -1.7800000000000011, 
        "54": -50.77, 
        "41": -2.3100000000000023
    }, 
    "2": {
        "42": 5.3799999999999955, 
        "44": -47.25, 
        "51": -0.01999999999999602, 
        "43": -12.26, 
        "53": -6.73, 
        "52": -1.7800000000000011, 
        "54": -50.68, 
        "41": -2.3100000000000023
    }, 
    "3": {
        "42": 5.3799999999999955, 
        "44": -47.25, 
        "51": -0.01999999999999602, 
        "43": -12.26, 
        "53": -6.64, 
        "52": -1.5999999999999943, 
        "54": -50.68, 
        "41": -2.3100000000000023
    }, 
    "4": {
        "42": 6.180000000000007, 
        "44": -47.52, 
        "51": -8.459999999999994, 
        "43": -12.26, 
        "53": -2.33, 
        "52": 0.3299999999999983, 
        "54": -54.64, 
        "41": -2.4000000000000057
    }, 
    "5": {
        "42": 8.459999999999994, 
        "44": -58.07, 
        "51": -25.599999999999994, 
        "43": -11.56, 
        "53": 1.1, 
        "52": 2.0900000000000034, 
        "54": -67.56, 
        "41": -7.409999999999997
    }, 
    "6": {
        "42": 6.790000000000006, 
        "44": -84.7, 
        "51": -43.54, 
        "43": -9.71, 
        "53": 1.1, 
        "52": 5.8700000000000045, 
        "54": -83.82, 
        "41": -17.519999999999996
    }, 
    "7": {
        "42": 2.9200000000000017, 
        "44": -112.31, 
        "51": -60.239999999999995, 
        "43": -9.89, 
        "53": 1.27, 
        "52": 6.75, 
        "54": -94.11, 
        "41": -35.45
    }, 
    "8": {
        "42": 1.0799999999999983, 
        "44": -111.52, 
        "51": -57.6, 
        "43": -9.71, 
        "53": 5.41, 
        "52": 9.299999999999997, 
        "54": -103.25, 
        "41": -62.53
    }, 
    "9": {
        "42": -4.109999999999999, 
        "44": -91.38, 
        "51": -43.01, 
        "43": -9.19, 
        "53": 9.19, 
        "52": 3.930000000000007, 
        "54": -110.9, 
        "41": -76.07
    }, 
    "10": {
        "42": -6.920000000000002, 
        "44": -102.9, 
        "51": -52.07, 
        "43": -12.26, 
        "53": 9.71, 
        "52": 1.7399999999999949, 
        "54": -97.71, 
        "41": -60.510000000000005
    }, 
    "11": {
        "42": -0.5900000000000034, 
        "44": -113.45, 
        "51": -66.75, 
        "43": -17.27, 
        "53": 9.63, 
        "52": 3.1400000000000006, 
        "54": -86.2, 
        "41": -43.54
    }, 
    "12": {
        "42": 3.5400000000000063, 
        "44": -103.52, 
        "51": -73.16, 
        "43": -17.36, 
        "53": 8.66, 
        "52": 4.900000000000006, 
        "54": -86.29, 
        "41": -43.71
    }, 
    "13": {
        "42": 1.6899999999999977, 
        "44": -88.66, 
        "51": -56.55, 
        "43": -16.13, 
        "53": 10.59, 
        "52": 5.079999999999998, 
        "54": -99.56, 
        "41": -61.21
    }, 
    "14": {
        "42": -6.75, 
        "44": -85.32, 
        "51": -44.68, 
        "43": -14.02, 
        "53": 13.85, 
        "52": -2.4000000000000057, 
        "54": -100.62, 
        "41": -73.08
    }, 
    "15": {
        "42": -9.650000000000006, 
        "44": -105.89, 
        "51": -57.52, 
        "43": -13.41, 
        "53": 15.69, 
        "52": -3.3599999999999994, 
        "54": -84.09, 
        "41": -60.510000000000005
    }, 
    "16": {
        "42": -6.040000000000006, 
        "44": -115.82, 
        "51": -74.84, 
        "43": -13.76, 
        "53": 18.15, 
        "52": -1.8700000000000045, 
        "54": -74.95, 
        "41": -41.6
    }, 
    "17": {
        "42": 0.9000000000000057, 
        "44": -107.21, 
        "51": -74.75, 
        "43": -13.85, 
        "53": 14.37, 
        "52": 4.019999999999996, 
        "54": -84.0, 
        "41": -39.58
    }, 
    "18": {
        "42": -0.15000000000000568, 
        "44": -94.73, 
        "51": -55.32, 
        "43": -13.93, 
        "53": 11.3, 
        "52": 3.230000000000004, 
        "54": -103.52, 
        "41": -53.38
    }, 
    "19": {
        "42": -5.430000000000007, 
        "44": -92.09, 
        "51": -43.63, 
        "43": -13.14, 
        "53": 12.44, 
        "52": -1.5999999999999943, 
        "54": -102.9, 
        "41": -63.93
    }, 
    "20": {
        "42": -8.150000000000006, 
        "44": -108.18, 
        "51": -50.04, 
        "43": -10.07, 
        "53": 14.02, 
        "52": -2.75, 
        "54": -90.51, 
        "41": -55.14
    }, 
    "21": {
        "42": -6.480000000000004, 
        "44": -118.29, 
        "51": -64.2, 
        "43": -11.3, 
        "53": 16.22, 
        "52": -2.0400000000000063, 
        "54": -84.18, 
        "41": -40.73
    }, 
    "22": {
        "42": 0.45999999999999375, 
        "44": -110.73, 
        "51": -64.73, 
        "43": -14.02, 
        "53": 16.22, 
        "52": 0.5900000000000034, 
        "54": -96.75, 
        "41": -33.34
    }, 
    "23": {
        "42": 1.9599999999999937, 
        "44": -100.09, 
        "51": -46.0, 
        "43": -14.73, 
        "53": 14.99, 
        "52": -1.5999999999999943, 
        "54": -114.68, 
        "41": -43.71
    }, 
    "24": {
        "42": -1.4699999999999989, 
        "44": -94.99, 
        "51": -35.8, 
        "43": -13.93, 
        "53": 14.46, 
        "52": -5.3799999999999955, 
        "54": -113.89, 
        "41": -59.629999999999995
    }, 
    "25": {
        "42": -6.219999999999999, 
        "44": -101.67, 
        "51": -43.89, 
        "43": -10.95, 
        "53": 14.55, 
        "52": -5.819999999999993, 
        "54": -99.3, 
        "41": -59.89
    }, 
    "26": {
        "42": -6.1299999999999955, 
        "44": -114.59, 
        "51": -58.57, 
        "43": -11.12, 
        "53": 16.48, 
        "52": -4.329999999999998, 
        "54": -86.11, 
        "41": -45.47
    }, 
    "27": {
        "42": -3.8499999999999943, 
        "44": -110.55, 
        "51": -58.31, 
        "43": -13.49, 
        "53": 18.51, 
        "52": -2.219999999999999, 
        "54": -90.24, 
        "41": -30.619999999999997
    }, 
    "28": {
        "42": -0.6800000000000068, 
        "44": -98.68, 
        "51": -39.05, 
        "43": -13.23, 
        "53": 16.22, 
        "52": -7.140000000000001, 
        "54": -109.76, 
        "41": -41.96
    }, 
    "29": {
        "42": -1.4699999999999989, 
        "44": -92.79, 
        "51": -28.68, 
        "43": -13.32, 
        "53": 11.74, 
        "52": -12.069999999999993, 
        "54": -111.52, 
        "41": -60.59
    }, 
    "30": {
        "42": -4.810000000000002, 
        "44": -99.91, 
        "51": -36.07, 
        "43": -13.41, 
        "53": 9.89, 
        "52": -11.099999999999994, 
        "54": -103.16, 
        "41": -58.57
    }, 
    "31": {
        "42": -3.489999999999995, 
        "44": -112.66, 
        "51": -49.78, 
        "43": -13.05, 
        "53": 8.57, 
        "52": -8.989999999999995, 
        "54": -97.89, 
        "41": -40.73
    }, 
    "32": {
        "42": 2.75, 
        "44": -108.09, 
        "51": -49.52, 
        "43": -12.88, 
        "53": 5.76, 
        "52": -9.25, 
        "54": -98.15, 
        "41": -31.759999999999998
    }, 
    "33": {
        "42": 7.670000000000002, 
        "44": -96.31, 
        "51": -36.68, 
        "43": -12.79, 
        "53": 5.14, 
        "52": -9.519999999999996, 
        "54": -98.59, 
        "41": -28.68
    }, 
    "34": {
        "42": 8.200000000000003, 
        "44": -90.42, 
        "51": -26.04, 
        "43": -9.54, 
        "53": 5.14, 
        "52": -8.989999999999995, 
        "54": -94.64, 
        "41": -22.879999999999995
    }, 
    "35": {
        "42": 6.969999999999999, 
        "44": -89.27, 
        "51": -14.969999999999999,