{
    "speed": {
        "bras_gauche": 0.2, 
        "bras_droit": 0.2, 
        "jambe_gauche": 0.2, 
        "jambe_droite": 0.2, 
        "colonne": 0.2, 
        "tete": 0.2
    }, 
    "1": {
        "51": -3.0999999999999943, 
        "53": -12.62, 
        "52": -0.5499999999999972, 
        "24": -2.24, 
        "25": 6.02, 
        "21": -4.88, 
        "22": -5.67, 
        "23": 2.07, 
        "44": 0.04, 
        "42": 2.1299999999999955, 
        "43": 4.44, 
        "41": -1.0799999999999983, 
        "11": 2.59, 
        "13": 0.9500000000000002, 
        "12": -4.62, 
        "15": 4.79, 
        "14": -1.8, 
        "33": -1.98, 
        "32": -0.92, 
        "31": -9.01, 
        "37": -18.09, 
        "36": 1.91, 
        "35": 2.33, 
        "34": 5.32, 
        "54": 1.1
    }, 
    "2": {
        "51": -3.0999999999999943, 
        "53": -12.62, 
        "52": -0.6400000000000006, 
        "24": -2.24, 
        "25": 6.02, 
        "21": -4.88, 
        "22": -5.67, 
        "23": 2.07, 
        "44": 0.04, 
        "42": 2.219999999999999, 
        "43": 4.44, 
        "41": -0.9899999999999949, 
        "11": 2.59, 
        "13": 0.9500000000000002, 
        "12": -4.62, 
        "15": 4.79, 
        "14": -1.8, 
        "33": -1.98, 
        "32": -0.92, 
        "31": -9.01, 
        "37": -18.09, 
        "36": 1.91, 
        "35": 2.33, 
        "34": 5.32, 
        "54": 1.1
    }, 
    "3": {
        "51": -3.0999999999999943, 
        "53": -12.62, 
        "52": -0.6400000000000006, 
        "24": -2.15, 
        "25": 6.02, 
        "21": -4.88, 
        "22": -5.67, 
        "23": 2.07, 
        "44": 0.04, 
        "42": 2.1299999999999955, 
        "43": 4.44, 
        "41": -0.9899999999999949, 
        "11": 2.51, 
        "13": 0.9500000000000002, 
        "12": -4.62, 
        "15": 4.79, 
        "14": -1.8, 
        "33": -1.98, 
        "32": -0.92, 
        "31": -9.01, 
        "37": -17.509999999999998, 
        "36": 1.91, 
        "35": 2.42, 
        "34": 5.32, 
        "54": 1.1
    }, 
    "4": {
        "51": -3.0999999999999943, 
        "53": -12.7, 
        "52": -0.5499999999999972, 
        "24": -2.24, 
        "25": 6.02, 
        "21": -4.97, 
        "22": -5.67, 
        "23": 2.07, 
        "44": 0.04, 
        "42": 2.1299999999999955, 
        "43": 4.44, 
        "41": -0.9899999999999949, 
        "11": 2.59, 
        "13": 0.9500000000000002, 
        "12": -4.62, 
        "15": 4.79, 
        "14": -1.8, 
        "33": -1.98, 
        "32": -0.92, 
        "31": -9.01, 
        "37": -18.09, 
        "36": 1.91, 
        "35": 2.33, 
        "34": 5.32, 
        "54": 1.1
    }, 
    "5": {
        "51": -3.0999999999999943, 
        "53": -12.62, 
        "52": -0.5499999999999972, 
        "24": -2.24, 
        "25": 6.02, 
        "21": -4.88, 
        "22": -5.67, 
        "23": 2.07, 
        "44": 0.04, 
        "42": 2.219999999999999, 
        "43": 4.44, 
        "41": -1.0799999999999983, 
        "11": 2.59, 
        "13": 0.9500000000000002, 
        "12": -4.62, 
        "15": 4.79, 
        "14": -1.8, 
        "33": -1.98, 
        "32": -0.92, 
        "31": -8.92, 
        "37": -18.09, 
        "36": 1.61, 
        "35": 2.33, 
        "34": 5.32, 
        "54": 1.1
    }, 
    "6": {
        "51": -3.0999999999999943, 
        "53": -12.62, 
        "52": -0.6400000000000006, 
        "24": -2.24, 
        "25": 6.02, 
        "21": -4.88, 
        "22": -5.67, 
        "23": 2.07, 
        "44": 0.04, 
        "42": 2.1299999999999955, 
        "43": 4.35, 
        "41": -0.9899999999999949, 
        "11": 2.59, 
        "13": 0.9500000000000002, 
        "12": -4.62, 
        "15": 4.88, 
        "14": -1.8, 
        "33": -1.98, 
        "32": -0.92, 
        "31": -9.01, 
        "37": -18.09, 
        "36": 1.91, 
        "35": 2.33, 
        "34": 5.32, 
        "54": 1.1
    }, 
    "7": {
        "51": -3.0999999999999943, 
        "53": -12.62, 
        "52": -0.6400000000000006, 
        "24": -2.24, 
        "25": 6.02, 
        "21": -4.88, 
        "22": -5.67, 
        "23": 2.07, 
        "44": 0.04, 
        "42": 2.219999999999999, 
        "43": 4.44, 
        "41": -0.9899999999999949, 
        "11": 2.59, 
        "13": 0.9500000000000002, 
        "12": -4.62, 
        "15": 4.79, 
        "14": -1.8, 
        "33": -2.07, 
        "32": -0.92, 
        "31": -9.01, 
        "37": -18.09, 
        "36": 1.91, 
        "35": 2.42, 
        "34": 5.32, 
        "54": 1.1
    }, 
    "8": {
        "51": -3.0999999999999943, 
        "53": -12.62, 
        "52": -0.6400000000000006, 
        "24": -2.24, 
        "25": 6.02, 
        "21": -4.88, 
        "22": -5.67, 
        "23": 2.07, 
        "44": 0.04, 
        "42": 2.219999999999999, 
        "43": 4.44, 
        "41": -0.9899999999999949, 
        "11": 2.59, 
        "13": 0.9500000000000002, 
        "12": -4.62, 
        "15": 4.79, 
        "14": -1.8, 
        "33": -2.07, 
        "32": -0.92, 
        "31": -9.01, 
        "37": -18.09, 
        "36": 1.91, 
        "35": 2.42, 
        "34": 5.32, 
        "54": 1.1
    }, 
    "9": {
        "51": -3.0999999999999943, 
        "53": -12.62, 
        "52": -0.6400000000000006, 
        "24": -2.24, 
        "25": 6.02, 
        "21": -4.88, 
        "22": -5.67, 
        "23": 2.07, 
        "44": 0.04, 
        "42": 2.1299999999999955, 
        "43": 4.44, 
        "41": -0.9899999999999949, 
        "11": 2.51, 
        "13": 0.9500000000000002, 
        "12": -4.62, 
        "15": 4.79, 
        "14": -1.8, 
        "33": -2.07, 
        "32": -0.92, 
        "31": -8.92, 
        "37": -18.09, 
        "36": 1.91, 
        "35": 2.33, 
        "34": 5.32, 
        "54": 1.1
    }, 
    "10": {
        "51": -3.0999999999999943, 
        "53": -12.62, 
        "52": -0.6400000000000006, 
        "24": -2.24, 
        "25": 6.02, 
        "21": -4.88, 
        "22": -5.67, 
        "23": 2.07, 
        "44": 0.04, 
        "42": 2.1299999999999955, 
        "43": 4.44, 
        "41": -0.9899999999999949, 
        "11": 2.59, 
        "13": 0.9500000000000002, 
        "12": -4.62, 
        "15": 4.79, 
        "14": -1.8, 
        "33": -2.07, 
        "32": -0.92, 
        "31": -8.92, 
        "37": -18.09, 
        "36": 1.91, 
        "35": 2.42, 
        "34": 5.32, 
        "54": 1.1
    }, 
    "11": {
        "51": -3.0999999999999943, 
        "53": -12.62, 
        "52": -0.6400000000000006, 
        "24": -2.24, 
        "25": 6.02, 
        "21": -4.88, 
        "22": -5.67, 
        "23": 2.07, 
        "44": 0.04, 
        "42": 2.1299999999999955, 
        "43": 4.44, 
        "41": -0.9899999999999949, 
        "11": 2.51, 
        "13": 0.9500000000000002, 
        "12": -4.62, 
        "15": 4.79, 
        "14": -1.8, 
        "33": -2.07, 
        "32": -0.92, 
        "31": -9.01, 
        "37": -18.09, 
        "36": 1.91, 
        "35": 2.42, 
        "34": 5.32, 
        "54": 1.1
    }, 
    "12": {
        "51": -3.0999999999999943, 
        "53": -12.62, 
        "52": -0.5499999999999972, 
        "24": -2.24, 
        "25": 6.02, 
        "21": -4.88, 
        "22": -5.67, 
        "23": 2.07, 
        "44": 0.04, 
        "42": 2.1299999999999955, 
        "43": 4.44, 
        "41": -0.9899999999999949, 
        "11": 2.51, 
        "13": 1.0299999999999998, 
        "12": -4.62, 
        "15": 4.79, 
        "14": -1.8, 
        "33": -1.98, 
        "32": -0.92, 
        "31": -9.01, 
        "37": -18.09, 
        "36": 1.91, 
        "35": 2.42, 
        "34": 5.32, 
        "54": 1.1
    }, 
    "nb_temps": 12
}