{
    "speed": {
        "bras_droit": 0.2
    }, 
    "1": {
        "54": -12.44, 
        "51": 0.5100000000000051, 
        "53": -17.36, 
        "52": 0.06999999999999318
    }, 
    "2": {
        "54": -12.44, 
        "51": 0.5100000000000051, 
        "53": -17.36, 
        "52": 0.06999999999999318
    }, 
    "3": {
        "54": -12.35, 
        "51": 0.5900000000000034, 
        "53": -17.36, 
        "52": 0.06999999999999318
    }, 
    "4": {
        "54": -12.44, 
        "51": 0.5900000000000034, 
        "53": -17.36, 
        "52": 0.06999999999999318
    }, 
    "5": {
        "54": -12.44, 
        "51": 0.5900000000000034, 
        "53": -17.36, 
        "52": 0.06999999999999318
    }, 
    "6": {
        "54": -12.44, 
        "51": 0.5900000000000034, 
        "53": -17.36, 
        "52": 0.06999999999999318
    }, 
    "7": {
        "54": -12.44, 
        "51": 0.5900000000000034, 
        "53": -17.36, 
        "52": 0.06999999999999318
    }, 
    "8": {
        "54": -12.44, 
        "51": 0.5900000000000034, 
        "53": -17.36, 
        "52": 0.06999999999999318
    }, 
    "9": {
        "54": -12.35, 
        "51": 0.5900000000000034, 
        "53": -17.45, 
        "52": 0.06999999999999318
    }, 
    "10": {
        "54": -12.44, 
        "51": 0.5900000000000034, 
        "53": -17.36, 
        "52": 0.06999999999999318
    }, 
    "11": {
        "54": -12.44, 
        "51": 0.5900000000000034, 
        "53": -17.45, 
        "52": 0.06999999999999318
    }, 
    "12": {
        "54": -12.35, 
        "51": 1.7399999999999949, 
        "53": -17.45, 
        "52": -4.510000000000005
    }, 
    "13": {
        "54": -11.91, 
        "51": 4.019999999999996, 
        "53": -17.36, 
        "52": -7.319999999999993
    }, 
    "14": {
        "54": -11.91, 
        "51": 4.459999999999994, 
        "53": -17.36, 
        "52": -16.019999999999996
    }, 
    "15": {
        "54": -11.91, 
        "51": 2.7900000000000063, 
        "53": -17.27, 
        "52": -27.270000000000003
    }, 
    "16": {
        "54": -12.0, 
        "51": -1.1599999999999966, 
        "53": -17.36, 
        "52": -39.49
    }, 
    "17": {
        "54": -11.82, 
        "51": -8.11, 
        "53": -25.8, 
        "52": -59.269999999999996
    }, 
    "18": {
        "54": -11.74, 
        "51": -19.540000000000006, 
        "53": -38.2, 
        "52": -77.3
    }, 
    "19": {
        "54": -11.74, 
        "51": -34.66, 
        "53": -43.38, 
        "52": -94.35
    }, 
    "20": {
        "54": -11.82, 
        "51": -32.81, 
        "53": -50.15, 
        "52": -109.74
    }, 
    "21": {
        "54": -11.91, 
        "51": -11.980000000000004, 
        "53": -72.31, 
        "52": -126.78999999999999
    }, 
    "22": {
        "54": -12.09, 
        "51": -1.3400000000000034, 
        "53": -90.86, 
        "52": -139.71
    }, 
    "23": {
        "54": -12.09, 
        "51": 3.319999999999993, 
        "53": -90.68, 
        "52": -153.07999999999998
    }, 
    "24": {
        "54": -13.14, 
        "51": 4.810000000000002, 
        "53": -92.88, 
        "52": -162.66
    }, 
    "25": {
        "54": -27.47, 
        "51": 5.159999999999997, 
        "53": -93.41, 
        "52": -160.2
    }, 
    "26": {
        "54": -53.76, 
        "51": 6.1299999999999955, 
        "53": -93.49, 
        "52": -160.64
    }, 
    "27": {
        "54": -61.58, 
        "51": 6.75, 
        "53": -94.29, 
        "52": -163.8
    }, 
    "28": {
        "54": -60.0, 
        "51": 6.840000000000003, 
        "53": -94.99, 
        "52": -164.95
    }, 
    "29": {
        "54": -49.19, 
        "51": 7.010000000000005, 
        "53": -95.52, 
        "52": -162.66
    }, 
    "30": {
        "54": -39.43, 
        "51": 6.1299999999999955, 
        "53": -95.69, 
        "52": -159.76
    }, 
    "31": {
        "54": -29.76, 
        "51": 5.340000000000003, 
        "53": -96.57, 
        "52": -157.56
    }, 
    "32": {
        "54": -24.48, 
        "51": 4.459999999999994, 
        "53": -96.4, 
        "52": -156.86
    }, 
    "33": {
        "54": -24.48, 
        "51": 4.019999999999996, 
        "53": -95.96, 
        "52": -157.56
    }, 
    "34": {
        "54": -24.31, 
        "51": 3.760000000000005, 
        "53": -95.52, 
        "52": -157.56
    }, 
    "nb_temps": 34
}