{
    "speed": {
        "bras_gauche": 0.2, 
        "bras_droit": 0.2
    }, 
    "1": {
        "54": -12.44, 
        "44": -9.63, 
        "42": -0.4200000000000017, 
        "51": 0.5100000000000051, 
        "43": 6.02, 
        "53": -17.36, 
        "41": 2.0, 
        "52": 0.06999999999999318
    }, 
    "2": {
        "54": -12.44, 
        "44": -9.63, 
        "42": -0.4200000000000017, 
        "51": 0.5100000000000051, 
        "43": 6.02, 
        "53": -17.36, 
        "41": 2.0, 
        "52": 0.06999999999999318
    }, 
    "3": {
        "54": -12.35, 
        "44": -9.71, 
        "42": -0.4200000000000017, 
        "51": 0.5900000000000034, 
        "43": 6.02, 
        "53": -17.36, 
        "41": 2.0, 
        "52": 0.06999999999999318
    }, 
    "4": {
        "54": -12.44, 
        "44": -9.63, 
        "42": -0.4200000000000017, 
        "51": 0.5900000000000034, 
        "43": 6.02, 
        "53": -17.36, 
        "41": 2.0, 
        "52": 0.06999999999999318
    }, 
    "5": {
        "54": -12.44, 
        "44": -9.71, 
        "42": -0.4200000000000017, 
        "51": 0.5900000000000034, 
        "43": 6.02, 
        "53": -17.36, 
        "41": 2.0, 
        "52": 0.06999999999999318
    }, 
    "6": {
        "54": -12.44, 
        "44": -9.71, 
        "42": 2.3100000000000023, 
        "51": 0.5900000000000034, 
        "43": 6.02, 
        "53": -17.36, 
        "41": 2.0, 
        "52": 0.06999999999999318
    }, 
    "7": {
        "54": -12.44, 
        "44": -9.63, 
        "42": 7.489999999999995, 
        "51": 0.5900000000000034, 
        "43": 6.02, 
        "53": -17.36, 
        "41": 1.2999999999999972, 
        "52": 0.06999999999999318
    }, 
    "8": {
        "54": -12.44, 
        "44": -9.71, 
        "42": 12.329999999999998, 
        "51": 0.5900000000000034, 
        "43": 6.02, 
        "53": -17.36, 
        "41": 1.6500000000000057, 
        "52": 0.06999999999999318
    }, 
    "9": {
        "54": -12.35, 
        "44": -9.8, 
        "42": 22.260000000000005, 
        "51": 0.5900000000000034, 
        "43": 6.02, 
        "53": -17.45, 
        "41": -0.01999999999999602, 
        "52": 0.06999999999999318
    }, 
    "10": {
        "54": -12.44, 
        "44": -10.15, 
        "42": 37.65, 
        "51": 0.5900000000000034, 
        "43": 5.93, 
        "53": -17.36, 
        "41": -3.7099999999999937, 
        "52": 0.06999999999999318
    }, 
    "11": {
        "54": -12.44, 
        "44": -10.68, 
        "42": 53.03, 
        "51": 0.5900000000000034, 
        "43": 5.67, 
        "53": -17.45, 
        "41": -8.370000000000005, 
        "52": 0.06999999999999318
    }, 
    "12": {
        "54": -12.35, 
        "44": -17.1, 
        "42": 69.21000000000001, 
        "51": 1.7399999999999949, 
        "43": -1.89, 
        "53": -17.45, 
        "41": -13.379999999999995, 
        "52": -4.510000000000005
    }, 
    "13": {
        "54": -11.91, 
        "44": -23.34, 
        "42": 87.32, 
        "51": 4.019999999999996, 
        "43": -19.03, 
        "53": -17.36, 
        "41": -14.620000000000005, 
        "52": -7.319999999999993
    }, 
    "14": {
        "54": -11.91, 
        "44": -25.27, 
        "42": 98.92, 
        "51": 4.459999999999994, 
        "43": -22.29, 
        "53": -17.36, 
        "41": -25.430000000000007, 
        "52": -16.019999999999996
    }, 
    "15": {
        "54": -11.91, 
        "44": -33.1, 
        "42": 102.88, 
        "51": 2.7900000000000063, 
        "43": -20.79, 
        "53": -17.27, 
        "41": -32.29, 
        "52": -27.270000000000003
    }, 
    "16": {
        "54": -12.0, 
        "44": -41.45, 
        "42": 99.01, 
        "51": -1.1599999999999966, 
        "43": -19.65, 
        "53": -17.36, 
        "41": -31.32, 
        "52": -39.49
    }, 
    "17": {
        "54": -11.82, 
        "44": -62.46, 
        "42": 91.8, 
        "51": -8.11, 
        "43": -12.97, 
        "53": -25.8, 
        "41": -34.75, 
        "52": -59.269999999999996
    }, 
    "18": {
        "54": -11.74, 
        "44": -84.62, 
        "42": 83.45, 
        "51": -19.540000000000006, 
        "43": -10.95, 
        "53": -38.2, 
        "41": -43.36, 
        "52": -77.3
    }, 
    "19": {
        "54": -11.74, 
        "44": -102.37, 
        "42": 80.81, 
        "51": -34.66, 
        "43": -19.3, 
        "53": -43.38, 
        "41": -42.84, 
        "52": -94.35
    }, 
    "20": {
        "54": -11.82, 
        "44": -107.21, 
        "42": 82.4, 
        "51": -32.81, 
        "43": -29.85, 
        "53": -50.15, 
        "41": -44.33, 
        "52": -109.74
    }, 
    "21": {
        "54": -11.91, 
        "44": -98.68, 
        "42": 83.89, 
        "51": -11.980000000000004, 
        "43": -23.52, 
        "53": -72.31, 
        "41": -58.129999999999995, 
        "52": -126.78999999999999
    }, 
    "22": {
        "54": -12.09, 
        "44": -89.27, 
        "42": 86.26, 
        "51": -1.3400000000000034, 
        "43": -17.1, 
        "53": -90.86, 
        "41": -74.57, 
        "52": -139.71
    }, 
    "23": {
        "54": -12.09, 
        "44": -89.89, 
        "42": 90.31, 
        "51": 3.319999999999993, 
        "43": -12.7, 
        "53": -90.68, 
        "41": -87.23, 
        "52": -153.07999999999998
    }, 
    "24": {
        "54": -13.14, 
        "44": -93.67, 
        "42": 91.63, 
        "51": 4.810000000000002, 
        "43": -11.3, 
        "53": -92.88, 
        "41": -92.95, 
        "52": -162.66
    }, 
    "25": {
        "54": -27.47, 
        "44": -83.82, 
        "42": 91.45, 
        "51": 5.159999999999997, 
        "43": -11.21, 
        "53": -93.41, 
        "41": -93.21, 
        "52": -160.2
    }, 
    "26": {
        "54": -53.76, 
        "44": -70.64, 
        "42": 90.92, 
        "51": 6.1299999999999955, 
        "43": -10.51, 
        "53": -93.49, 
        "41": -93.38, 
        "52": -160.64
    }, 
    "27": {
        "54": -61.58, 
        "44": -56.31, 
        "42": 90.66, 
        "51": 6.75, 
        "43": -7.43, 
        "53": -94.29, 
        "41": -93.3, 
        "52": -163.8
    }, 
    "28": {
        "54": -60.0, 
        "44": -54.73, 
        "42": 90.84, 
        "51": 6.840000000000003, 
        "43": -5.05, 
        "53": -94.99, 
        "41": -92.59, 
        "52": -164.95
    }, 
    "29": {
        "54": -49.19, 
        "44": -71.52, 
        "42": 92.15, 
        "51": 7.010000000000005, 
        "43": -4.97, 
        "53": -95.52, 
        "41": -91.27, 
        "52": -162.66
    }, 
    "30": {
        "54": -39.43, 
        "44": -87.25, 
        "42": 92.51, 
        "51": 6.1299999999999955, 
        "43": -4.88, 
        "53": -95.69, 
        "41": -90.57, 
        "52": -159.76
    }, 
    "31": {
        "54": -29.76, 
        "44": -105.36, 
        "42": 92.95, 
        "51": 5.340000000000003, 
        "43": -5.14, 
        "53": -96.57, 
        "41": -89.25, 
        "52": -157.56
    }, 
    "32": {
        "54": -24.48, 
        "44": -113.63, 
        "42": 93.56, 
        "51": 4.459999999999994, 
        "43": -5.05, 
        "53": -96.4, 
        "41": -87.14, 
        "52": -156.86
    }, 
    "33": {
        "54": -24.48, 
        "44": -104.75, 
        "42": 93.56, 
        "51": 4.019999999999996, 
        "43": -5.14, 
        "53": -95.96, 
        "41": -86.79, 
        "52": -157.56
    }, 
    "34": {
        "54": -24.31, 
        "44": -90.15, 
        "42": 93.47, 
        "51": 3.760000000000005, 
        "43": -5.05, 
        "53": -95.52, 
        "41": -86.79, 
        "52": -157.56
    }, 
    "35": {
        "44": -77.05, 
        "42": 93.38, 
        "43": -4.62, 
        "41": -88.02
    }, 
    "36": {
        "44": -70.73, 
        "42": 93.47, 
        "43": -4.35, 
        "41": -89.34
    }, 
    "37": {
        "44": -69.93, 
        "42": 90.66, 
        "43": -9.63, 
        "41": -84.07
    },