{
    "speed": {
        "bras_gauche": 0.2, 
        "tete": 0.2, 
        "bras_droit": 0.2, 
        "colonne": 0.2
    }, 
    "1": {
        "37": -21.03, 
        "34": 15.34, 
        "33": -1.36, 
        "42": 4.510000000000005, 
        "44": 0.84, 
        "51": -12.329999999999998, 
        "43": 4.53, 
        "53": -5.14, 
        "52": -4.769999999999996, 
        "36": 2.2, 
        "35": -0.22, 
        "54": 0.48, 
        "41": -12.680000000000007, 
        "31": -7.34, 
        "32": 2.51
    }, 
    "2": {
        "37": -21.03, 
        "34": 22.99, 
        "33": -0.66, 
        "42": 4.150000000000006, 
        "44": 0.84, 
        "51": -12.510000000000005, 
        "43": 4.44, 
        "53": -5.14, 
        "52": -4.680000000000007, 
        "36": 2.2, 
        "35": -1.36, 
        "54": 0.48, 
        "41": -12.769999999999996, 
        "31": -9.89, 
        "32": 3.03
    }, 
    "3": {
        "37": -21.03, 
        "34": 21.58, 
        "33": 0.13, 
        "42": 2.6599999999999966, 
        "44": 0.84, 
        "51": -12.769999999999996, 
        "43": 4.44, 
        "53": -5.14, 
        "52": -4.680000000000007, 
        "36": 2.2, 
        "35": -4.97, 
        "54": 0.48, 
        "41": -12.769999999999996, 
        "31": -11.38, 
        "32": 3.38
    }, 
    "4": {
        "37": -21.03, 
        "34": 21.58, 
        "33": -0.04, 
        "42": 0.9000000000000057, 
        "44": 0.84, 
        "51": -12.769999999999996, 
        "43": 4.35, 
        "53": -5.14, 
        "52": -4.590000000000003, 
        "36": 1.91, 
        "35": -3.91, 
        "54": 0.48, 
        "41": -12.680000000000007, 
        "31": -11.3, 
        "32": 4.53
    }, 
    "5": {
        "37": -21.03, 
        "34": 23.08, 
        "33": -0.4, 
        "42": 0.37000000000000455, 
        "44": 0.92, 
        "51": -12.769999999999996, 
        "43": 4.7, 
        "53": -5.49, 
        "52": -5.469999999999999, 
        "36": 2.2, 
        "35": -4.44, 
        "54": 0.48, 
        "41": -13.469999999999999, 
        "31": -11.3, 
        "32": 6.55
    }, 
    "6": {
        "37": -20.15, 
        "34": 25.01, 
        "33": -3.82, 
        "42": 9.959999999999994, 
        "44": 1.1, 
        "51": -16.810000000000002, 
        "43": 4.88, 
        "53": -6.2, 
        "52": -14.439999999999998, 
        "36": 1.91, 
        "35": -5.23, 
        "54": 0.66, 
        "41": -13.560000000000002, 
        "31": -10.95, 
        "32": 6.55
    }, 
    "7": {
        "37": -18.39, 
        "34": 29.14, 
        "33": -5.67, 
        "42": 23.58, 
        "44": 1.54, 
        "51": -21.120000000000005, 
        "43": 4.88, 
        "53": -5.14, 
        "52": -27.189999999999998, 
        "36": 1.61, 
        "35": -6.64, 
        "54": 1.19, 
        "41": -13.379999999999995, 
        "31": -10.95, 
        "32": 6.55
    }, 
    "8": {
        "37": -14.870000000000001, 
        "34": 32.48, 
        "33": -6.29, 
        "42": 32.64, 
        "44": 1.54, 
        "51": -24.730000000000004, 
        "43": 5.05, 
        "53": -3.74, 
        "52": -34.92, 
        "36": 1.61, 
        "35": -6.29, 
        "54": 1.19, 
        "41": -14.530000000000001, 
        "31": -10.77, 
        "32": 6.81
    }, 
    "9": {
        "37": -13.11, 
        "34": 34.68, 
        "33": -6.9, 
        "42": 36.42, 
        "44": 1.45, 
        "51": -32.9, 
        "43": 4.97, 
        "53": -3.03, 
        "52": -36.42, 
        "36": 1.03, 
        "35": -6.64, 
        "54": 1.19, 
        "41": -19.540000000000006, 
        "31": -10.86, 
        "32": 7.78
    }, 
    "10": {
        "37": -10.76, 
        "34": 36.53, 
        "33": -7.69, 
        "42": 35.45, 
        "44": 1.45, 
        "51": -36.33, 
        "43": 3.12, 
        "53": -0.84, 
        "52": -35.63, 
        "36": 1.61, 
        "35": -7.78, 
        "54": 1.19, 
        "41": -23.319999999999993, 
        "31": -10.77, 
        "32": 9.63
    }, 
    "11": {
        "37": -10.18, 
        "34": 38.02, 
        "33": -8.66, 
        "42": 28.86, 
        "44": 1.54, 
        "51": -39.23, 
        "43": -8.31, 
        "53": 11.65, 
        "52": -27.54, 
        "36": 1.61, 
        "35": -9.01, 
        "54": 1.19, 
        "41": -30.439999999999998, 
        "31": -10.86, 
        "32": 10.95
    }, 
    "12": {
        "37": -10.18, 
        "34": 38.73, 
        "33": -9.89, 
        "42": 14.180000000000007, 
        "44": 1.54, 
        "51": -41.87, 
        "43": -16.48, 
        "53": 19.65, 
        "52": -11.980000000000004, 
        "36": 1.61, 
        "35": -10.42, 
        "54": 1.19, 
        "41": -36.15, 
        "31": -10.86, 
        "32": 11.21
    }, 
    "13": {
        "42": 4.680000000000007, 
        "44": 1.54, 
        "51": -44.68, 
        "43": -27.47, 
        "53": 30.29, 
        "52": -1.5999999999999943, 
        "54": 1.19, 
        "41": -40.2
    }, 
    "14": {
        "42": -0.06999999999999318, 
        "44": 1.54, 
        "51": -46.0, 
        "43": -38.81, 
        "53": 41.8, 
        "52": 2.4399999999999977, 
        "54": 1.19, 
        "41": -44.42
    }, 
    "15": {
        "42": -1.5600000000000023, 
        "44": 1.54, 
        "51": -51.63, 
        "43": -42.77, 
        "53": 57.63, 
        "52": 6.219999999999999, 
        "54": 1.1, 
        "41": -46.44
    }, 
    "16": {
        "42": -1.9099999999999966, 
        "44": 1.54, 
        "51": -51.98, 
        "43": -45.05, 
        "53": 62.55, 
        "52": 8.329999999999998, 
        "54": 1.19, 
        "41": -46.18
    }, 
    "17": {
        "42": -2.0, 
        "44": 1.54, 
        "51": -51.36, 
        "43": -45.05, 
        "53": 62.64, 
        "52": 8.150000000000006, 
        "54": 1.19, 
        "41": -46.26
    }, 
    "nb_temps": 17
}