{
    "speed": {
        "bras_gauche": 0.2, 
        "bras_droit": 0.2
    }, 
    "1": {
        "42": 4.510000000000005, 
        "44": 0.84, 
        "51": -12.329999999999998, 
        "43": 4.53, 
        "53": -5.14, 
        "52": -4.769999999999996, 
        "54": 0.48, 
        "41": -12.680000000000007
    }, 
    "2": {
        "42": 4.150000000000006, 
        "44": 0.84, 
        "51": -12.510000000000005, 
        "43": 4.44, 
        "53": -5.14, 
        "52": -4.680000000000007, 
        "54": 0.48, 
        "41": -12.769999999999996
    }, 
    "3": {
        "42": 2.6599999999999966, 
        "44": 0.84, 
        "51": -12.769999999999996, 
        "43": 4.44, 
        "53": -5.14, 
        "52": -4.680000000000007, 
        "54": 0.48, 
        "41": -12.769999999999996
    }, 
    "4": {
        "42": 0.9000000000000057, 
        "44": 0.84, 
        "51": -12.769999999999996, 
        "43": 4.35, 
        "53": -5.14, 
        "52": -4.590000000000003, 
        "54": 0.48, 
        "41": -12.680000000000007
    }, 
    "5": {
        "42": 0.37000000000000455, 
        "44": 0.92, 
        "51": -12.769999999999996, 
        "43": 4.7, 
        "53": -5.49, 
        "52": -5.469999999999999, 
        "54": 0.48, 
        "41": -13.469999999999999
    }, 
    "6": {
        "42": 9.959999999999994, 
        "44": 1.1, 
        "51": -16.810000000000002, 
        "43": 4.88, 
        "53": -6.2, 
        "52": -14.439999999999998, 
        "54": 0.66, 
        "41": -13.560000000000002
    }, 
    "7": {
        "42": 23.58, 
        "44": 1.54, 
        "51": -21.120000000000005, 
        "43": 4.88, 
        "53": -5.14, 
        "52": -27.189999999999998, 
        "54": 1.19, 
        "41": -13.379999999999995
    }, 
    "8": {
        "42": 32.64, 
        "44": 1.54, 
        "51": -24.730000000000004, 
        "43": 5.05, 
        "53": -3.74, 
        "52": -34.92, 
        "54": 1.19, 
        "41": -14.530000000000001
    }, 
    "9": {
        "42": 36.42, 
        "44": 1.45, 
        "51": -32.9, 
        "43": 4.97, 
        "53": -3.03, 
        "52": -36.42, 
        "54": 1.19, 
        "41": -19.540000000000006
    }, 
    "10": {
        "42": 35.45, 
        "44": 1.45, 
        "51": -36.33, 
        "43": 3.12, 
        "53": -0.84, 
        "52": -35.63, 
        "54": 1.19, 
        "41": -23.319999999999993
    }, 
    "11": {
        "42": 28.86, 
        "44": 1.54, 
        "51": -39.23, 
        "43": -8.31, 
        "53": 11.65, 
        "52": -27.54, 
        "54": 1.19, 
        "41": -30.439999999999998
    }, 
    "12": {
        "42": 14.180000000000007, 
        "44": 1.54, 
        "51": -41.87, 
        "43": -16.48, 
        "53": 19.65, 
        "52": -11.980000000000004, 
        "54": 1.19, 
        "41": -36.15
    }, 
    "13": {
        "42": 4.680000000000007, 
        "44": 1.54, 
        "51": -44.68, 
        "43": -27.47, 
        "53": 30.29, 
        "52": -1.5999999999999943, 
        "54": 1.19, 
        "41": -40.2
    }, 
    "14": {
        "42": -0.06999999999999318, 
        "44": 1.54, 
        "51": -46.0, 
        "43": -38.81, 
        "53": 41.8, 
        "52": 2.4399999999999977, 
        "54": 1.19, 
        "41": -44.42
    }, 
    "15": {
        "42": -1.5600000000000023, 
        "44": 1.54, 
        "51": -51.63, 
        "43": -42.77, 
        "53": 57.63, 
        "52": 6.219999999999999, 
        "54": 1.1, 
        "41": -46.44
    }, 
    "16": {
        "42": -1.9099999999999966, 
        "44": 1.54, 
        "51": -51.98, 
        "43": -45.05, 
        "53": 62.55, 
        "52": 8.329999999999998, 
        "54": 1.19, 
        "41": -46.18
    }, 
    "17": {
        "42": -2.0, 
        "44": 1.54, 
        "51": -51.36, 
        "43": -45.05, 
        "53": 62.64, 
        "52": 8.150000000000006, 
        "54": 1.19, 
        "41": -46.26
    }, 
    "nb_temps": 17
}