{
    "speed": {
        "bras_gauche": 0.2, 
        "bras_droit": 0.2
    }, 
    "1": {
        "42": 6.349999999999994, 
        "44": -51.12, 
        "51": -15.049999999999997, 
        "43": 5.76, 
        "53": -1.87, 
        "52": -7.230000000000004, 
        "54": -36.44, 
        "41": -4.590000000000003,
        "45": 0,
        "46": 0,
        "55": 0,
        "56": 0
    }, 
    "2": {
        "42": 6.0, 
        "44": -51.03, 
        "51": -13.299999999999997, 
        "43": 5.76, 
        "53": 1.78, 
        "52": -7.579999999999998, 
        "54": -36.53, 
        "41": -4.859999999999999
    }, 
    "3": {
        "42": 6.260000000000005, 
        "44": -51.12, 
        "51": -13.739999999999995, 
        "43": 5.93, 
        "53": 2.13, 
        "52": -8.810000000000002, 
        "54": -36.53, 
        "41": -5.739999999999995
    }, 
    "4": {
        "42": 11.36, 
        "44": -50.86, 
        "51": -14.180000000000007, 
        "43": 7.08, 
        "53": 3.04, 
        "52": -14.349999999999994, 
        "54": -36.62, 
        "41": -5.469999999999999
    }, 
    "5": {
        "42": 18.75, 
        "44": -50.95, 
        "51": -16.11, 
        "43": 9.89, 
        "53": 4.52, 
        "52": -23.849999999999994, 
        "54": -36.79, 
        "41": -5.560000000000002
    }, 
    "6": {
        "42": 26.57, 
        "44": -49.8, 
        "51": -15.579999999999998, 
        "43": 14.81, 
        "53": 6.9, 
        "52": -32.73, 
        "54": -36.35, 
        "41": -4.859999999999999
    }, 
    "7": {
        "42": 36.33, 
        "44": -41.63, 
        "51": -10.129999999999995, 
        "43": 17.1, 
        "53": 6.9, 
        "52": -41.34, 
        "54": -32.22, 
        "41": -1.0799999999999983
    }, 
    "8": {
        "42": 46.26, 
        "44": -32.31, 
        "51": -5.209999999999994, 
        "43": 17.19, 
        "53": 6.9, 
        "52": -49.25, 
        "54": -20.0, 
        "41": 2.260000000000005
    }, 
    "9": {
        "42": 54.7, 
        "44": -22.9, 
        "51": -4.420000000000002, 
        "43": 0.19, 
        "53": 7.16, 
        "52": -55.93, 
        "54": -7.96, 
        "41": -2.530000000000001
    }, 
    "10": {
        "42": 64.46000000000001, 
        "44": -16.57, 
        "51": -15.5400000000000063, 
        "43": -15.01, 
        "53": 15.16, 
        "52": -65.16, 
        "54": -1.45, 
        "41": -15.049999999999997
    }, 
    "11": {
        "42": 75.53999999999999, 
        "44": -11.12, 
        "51": -30.1899999999999977, 
        "43": -30.73, 
        "53": 30.16, 
        "52": -75.19, 
        "54": 1.19, 
        "41": -30.900000000000006
    }, 
    "12": {
        "42": 83.8, 
        "44": -5.58, 
        "51": -45.0999999999999943, 
        "43": -45.65, 
        "53": 45.25, 
        "52": -84.77, 
        "54": 1.19, 
        "41": -45.079999999999998
    }, 
    "13": {
        "42": 87.49, 
        "44": -3.21, 
        "51": -60.269999999999996, 
        "43": -60.15, 
        "53": 60.34, 
        "52": -90.92, 
        "54": 1.19, 
        "41": -60.900000000000006
    }, 
    "14": {
        "42": 87.58, 
        "44": -3.3, 
        "51": -75.5400000000000063, 
        "43": -75.98, 
        "53": 75.34, 
        "52": -91.45, 
        "54": 1.19, 
        "41": -75.900000000000006
    }, 
    "15": {
        "42": 87.58, 
        "44": -3.38, 
        "51": -90.5400000000000063, 
        "43": -90.36, 
        "53": 90.34, 
        "52": -91.45, 
        "54": 1.19, 
        "41": -90.730000000000004
    }, 
    "nb_temps": 15
}
