{
    "11": {
        "42": -1.9099999999999966, 
        "44": -76.44, 
        "51": -5.469999999999999, 
        "43": -6.55, 
        "53": 6.55, 
        "52": 1.9099999999999966, 
        "54": -76.44, 
        "41": -5.469999999999999
    }, 
    "10": {
        "42": -1.4699999999999989, 
        "44": -78.11, 
        "51": -5.030000000000001, 
        "43": -1.36, 
        "53": 1.36, 
        "52": 1.4699999999999989, 
        "54": -78.11, 
        "41": -5.030000000000001
    }, 
    "12": {
        "42": -2.700000000000003, 
        "44": -76.44, 
        "51": -6.090000000000003, 
        "43": -7.34, 
        "53": 7.34, 
        "52": 2.700000000000003, 
        "54": -76.44, 
        "41": -6.090000000000003
    }, 
    "speed": {
        "bras_gauche": 0.2, 
        "bras_droit": 0.2
    }, 
    "1": {
        "42": -4.810000000000002, 
        "44": -87.43, 
        "51": -3.980000000000004, 
        "43": 27.74, 
        "53": -27.74, 
        "52": 4.810000000000002, 
        "54": -87.43, 
        "41": -3.980000000000004
    }, 
    "3": {
        "42": -4.290000000000006, 
        "44": -86.64, 
        "51": -4.150000000000006, 
        "43": 26.24, 
        "53": -26.24, 
        "52": 4.290000000000006, 
        "54": -86.64, 
        "41": -4.150000000000006
    }, 
    "2": {
        "42": -4.549999999999997, 
        "44": -87.34, 
        "51": -3.980000000000004, 
        "43": 27.03, 
        "53": -27.03, 
        "52": 4.549999999999997, 
        "54": -87.34, 
        "41": -3.980000000000004
    }, 
    "5": {
        "42": -4.019999999999996, 
        "44": -85.58, 
        "51": -4.680000000000007, 
        "43": 24.92, 
        "53": -24.92, 
        "52": 4.019999999999996, 
        "54": -85.58, 
        "41": -4.680000000000007
    }, 
    "4": {
        "42": -4.200000000000003, 
        "44": -86.11, 
        "51": -4.329999999999998, 
        "43": 25.54, 
        "53": -25.54, 
        "52": 4.200000000000003, 
        "54": -86.11, 
        "41": -4.329999999999998
    }, 
    "7": {
        "42": -2.4399999999999977, 
        "44": -82.77, 
        "51": -5.299999999999997, 
        "43": 18.15, 
        "53": -18.15, 
        "52": 2.4399999999999977, 
        "54": -82.77, 
        "41": -5.299999999999997
    }, 
    "6": {
        "42": -3.8499999999999943, 
        "44": -84.26, 
        "51": -5.030000000000001, 
        "43": 23.25, 
        "53": -23.25, 
        "52": 3.8499999999999943, 
        "54": -84.26, 
        "41": -5.030000000000001
    }, 
    "9": {
        "42": -1.3799999999999955, 
        "44": -79.25, 
        "51": -5.030000000000001, 
        "43": 5.23, 
        "53": -5.23, 
        "52": 1.3799999999999955, 
        "54": -79.25, 
        "41": -5.030000000000001
    }, 
    "8": {
        "42": -1.7399999999999949, 
        "44": -80.66, 
        "51": -5.209999999999994, 
        "43": 11.82, 
        "53": -11.82, 
        "52": 1.7399999999999949, 
        "54": -80.66, 
        "41": -5.209999999999994
    }, 
    "nb_temps": 12
}