{
    "11": {
        "42": 6.090000000000003, 
        "44": -54.64, 
        "51": -5.030000000000001, 
        "43": 3.56, 
        "53": -3.56, 
        "52": -6.090000000000003, 
        "54": -54.64, 
        "41": -5.030000000000001
    }, 
    "10": {
        "42": 5.3799999999999955, 
        "44": -56.75, 
        "51": -6.349999999999994, 
        "43": 1.89, 
        "53": -1.89, 
        "52": -5.3799999999999955, 
        "54": -56.75, 
        "41": -6.349999999999994
    }, 
    "12": {
        "42": 6.090000000000003, 
        "44": -51.56, 
        "51": -4.590000000000003, 
        "43": 5.67, 
        "53": -5.67, 
        "52": -6.090000000000003, 
        "54": -51.56, 
        "41": -4.590000000000003
    }, 
    "speed": {
        "bras_gauche": 0.2, 
        "bras_droit": 0.2
    }, 
    "1": {
        "42": -4.549999999999997, 
        "44": -76.97, 
        "51": -10.840000000000003, 
        "43": -9.36, 
        "53": 9.36, 
        "52": 4.549999999999997, 
        "54": -76.97, 
        "41": -10.840000000000003
    }, 
    "3": {
        "42": -4.109999999999999, 
        "44": -76.88, 
        "51": -11.010000000000005, 
        "43": -9.01, 
        "53": 9.01, 
        "52": 4.109999999999999, 
        "54": -76.88, 
        "41": -11.010000000000005
    }, 
    "2": {
        "42": -4.549999999999997, 
        "44": -76.88, 
        "51": -11.099999999999994, 
        "43": -9.1, 
        "53": 9.1, 
        "52": 4.549999999999997, 
        "54": -76.88, 
        "41": -11.099999999999994
    }, 
    "5": {
        "42": -3.6700000000000017, 
        "44": -72.4, 
        "51": -10.569999999999993, 
        "43": -7.78, 
        "53": 7.78, 
        "52": 3.6700000000000017, 
        "54": -72.4, 
        "41": -10.569999999999993
    }, 
    "4": {
        "42": -3.760000000000005, 
        "44": -75.21, 
        "51": -11.010000000000005, 
        "43": -8.57, 
        "53": 8.57, 
        "52": 3.760000000000005, 
        "54": -75.21, 
        "41": -11.010000000000005
    }, 
    "7": {
        "42": -0.3299999999999983, 
        "44": -67.91, 
        "51": -10.400000000000006, 
        "43": -7.6, 
        "53": 7.6, 
        "52": 0.3299999999999983, 
        "54": -67.91, 
        "41": -10.400000000000006
    }, 
    "6": {
        "42": -3.1400000000000006, 
        "44": -70.64, 
        "51": -10.480000000000004, 
        "43": -7.69, 
        "53": 7.69, 
        "52": 3.1400000000000006, 
        "54": -70.64, 
        "41": -10.480000000000004
    }, 
    "9": {
        "42": 4.769999999999996, 
        "44": -60.0, 
        "51": -9.959999999999994, 
        "43": -4.44, 
        "53": 4.44, 
        "52": -4.769999999999996, 
        "54": -60.0, 
        "41": -9.959999999999994
    }, 
    "8": {
        "42": 3.269999999999996, 
        "44": -65.45, 
        "51": -10.310000000000002, 
        "43": -7.78, 
        "53": 7.78, 
        "52": -3.269999999999996, 
        "54": -65.45, 
        "41": -10.310000000000002
    }, 
    "nb_temps": 12
}