{
    "speed": {
        "bras_gauche": 0.4, 
        "bras_droit": 0.2, 
        "colonne": 0.4
    }, 
    "24": {
        "33": -5.05, 
        "32": -6.58, 
        "31": 4.26, 
        "42": 16.480000000000004, 
        "43": -7.87, 
        "35": -6.41, 
        "41": -17.430000000000007, 
        "34": 2.07, 
        "44": -40.02
    }, 
    "26": {
        "33": -5.32, 
        "32": -6.87, 
        "31": 4.26, 
        "42": 16.36, 
        "43": -9.17, 
        "35": -5.64, 
        "41": -18.310000000000002, 
        "34": 1.89, 
        "44": -40.46
    }, 
    "20": {
        "33": -4.0, 
        "32": -5.75, 
        "31": 4.26, 
        "42": 17.730000000000004, 
        "43": -7.87, 
        "35": -2.92, 
        "41": -15.760000000000005, 
        "34": 1.19, 
        "44": -38.55
    }, 
    "22": {
        "33": -4.53, 
        "32": -6.36, 
        "31": 4.26, 
        "42": 16.599999999999994, 
        "43": -7.87, 
        "35": -4.32, 
        "41": -16.549999999999997, 
        "34": 1.63, 
        "44": -39.49
    }, 
    "28": {
        "33": -5.67, 
        "32": -7.95, 
        "31": 4.26, 
        "42": 17.33, 
        "43": -7.96, 
        "35": -9.47, 
        "41": -19.189999999999998, 
        "34": 1.98, 
        "44": -41.99
    }, 
    "1": {
        "34": 1.27, 
        "45": 0, 
        "55": 0, 
        "54": -50.95, 
        "44": -36.44, 
        "56": 0, 
        "51": -3.980000000000004, 
        "43": -7.78, 
        "53": -6.02, 
        "52": -6.6200000000000045, 
        "46": 0, 
        "35": -1.36, 
        "32": -0.19, 
        "41": -14.969999999999999, 
        "31": 6.29, 
        "42": 12.579999999999998, 
        "33": -2.24
    }, 
    "3": {
        "54": -43.38, 
        "51": -5.1200000000000045, 
        "53": -5.49, 
        "52": -11.269999999999996
    }, 
    "2": {
        "54": -46.81, 
        "51": -4.769999999999996, 
        "53": -6.37, 
        "52": -7.760000000000005
    }, 
    "5": {
        "54": -31.43, 
        "51": -2.8400000000000034, 
        "53": 5.85, 
        "52": -36.24
    }, 
    "4": {
        "54": -38.46, 
        "51": -4.239999999999995, 
        "53": 3.3, 
        "52": -22.700000000000003
    }, 
    "7": {
        "54": -15.43, 
        "51": -12.420000000000002, 
        "53": 5.93, 
        "52": -59.8
    }, 
    "6": {
        "54": -19.47, 
        "51": -7.319999999999993, 
        "53": 6.02, 
        "52": -48.73
    }, 
    "9": {
        "54": -11.56, 
        "51": -16.64, 
        "53": 9.89, 
        "52": -94.35
    }, 
    "8": {
        "54": -12.35, 
        "51": -15.579999999999998, 
        "53": 6.11, 
        "52": -75.63
    }, 
    "nb_temps": 36, 
    "11": {
        "54": -10.24, 
        "51": -6.260000000000005, 
        "53": 9.19, 
        "52": -129.16
    }, 
    "10": {
        "54": -11.65, 
        "51": -12.420000000000002, 
        "53": 14.46, 
        "52": -110.0
    }, 
    "13": {
        "54": 0.84, 
        "51": 2.0900000000000034, 
        "53": -2.51, 
        "52": -161.69
    }, 
    "12": {
        "54": -1.8, 
        "51": -0.37000000000000455, 
        "53": 0.04, 
        "52": -145.69
    }, 
    "15": {
        "54": 0.75, 
        "51": -2.1299999999999955, 
        "53": -2.51, 
        "52": -171.98000000000002
    }, 
    "14": {
        "54": 0.66, 
        "51": -0.10999999999999943, 
        "53": -2.51, 
        "52": -169.07999999999998
    }, 
    "16": {
        "51": -4.069999999999993, 
        "34": 1.19, 
        "33": -3.03, 
        "54": 0.66, 
        "44": -37.53, 
        "42": 16.849999999999994, 
        "43": -7.78, 
        "53": -2.51, 
        "41": -14.879999999999995, 
        "35": -1.8, 
        "32": -2.03, 
        "52": -174.62, 
        "31": 4.97
    }, 
    "18": {
        "33": -3.38, 
        "32": -3.68, 
        "31": 4.7, 
        "42": 17.11, 
        "43": -7.78, 
        "35": -1.99, 
        "41": -15.14, 
        "34": 1.1, 
        "44": -37.7
    }, 
    "30": {
        "33": -6.11, 
        "32": -7.83, 
        "31": 4.26, 
        "42": 18.299999999999997, 
        "43": -7.87, 
        "35": -11.06, 
        "41": -20.239999999999995, 
        "34": 1.98, 
        "44": -42.52
    }, 
    "36": {
        "33": -7.16, 
        "32": -10.14, 
        "31": 4.26, 
        "42": 23.849999999999994, 
        "43": -7.87, 
        "35": -17.0, 
        "41": -22.790000000000006, 
        "34": 2.68, 
        "44": -46.1
    }, 
    "34": {
        "33": -6.9, 
        "32": -9.16, 
        "31": 4.35, 
        "42": 22.230000000000004, 
        "43": -7.87, 
        "35": -15.09, 
        "41": -22.0, 
        "34": 2.33, 
        "44": -45.66
    }, 
    "32": {
        "33": -6.55, 
        "32": -8.76, 
        "31": 4.26, 
        "42": 20.349999999999994, 
        "43": -7.96, 
        "35": -13.95, 
        "41": -21.120000000000005, 
        "34": 2.07, 
        "44": -44.13
    }
}
