{
    "speed": {
        "bras_gauche": 0.2, 
        "colonne": 0.4, 
        "bras_droit": 0.4
    }, 
    "parties": {
        "offsetPart1": {
            "bras_droit": 12, 
            "bras_gauche": 0, 
            "colonne": 12, 
            "min": 0
        }, 
        "nb_parts": 1
    }, 
    "1": {
        "51": -14.969999999999999, 
        "33": -2.24, 
        "32": 1.19, 
        "44": -50.95, 
        "42": 6.6200000000000045, 
        "43": 6.02, 
        "35": 1.36, 
        "41": -3.980000000000004, 
        "52": -15.579999999999998, 
        "53": 8.78, 
        "54": -39.44, 
        "34": 1.27, 
        "31": 6.29,
        "45": 0,
        "46": 0,
        "55": 0,
        "56": 0
    }, 
    "2": {
        "44": -46.81, 
        "42": 7.760000000000005, 
        "43": 6.37, 
        "45": 6.15, 
        "41": -4.769999999999996
    }, 
    "3": {
        "44": -43.38, 
        "42": 11.269999999999996, 
        "43": 5.49, 
        "45": 12.15, 
        "54": -32.44, 
        "41": -5.1200000000000045
    }, 
    "4": {
        "44": -42.46, 
        "42": 22.700000000000003, 
        "43": -3.3, 
        "45": 20.15, 
        "41": -4.239999999999995
    }, 
    "5": {
        "44": -39.43, 
        "42": 36.24, 
        "43": -5.85, 
        "45": 30.15, 
        "54": -24.44, 
        "41": -2.8400000000000034
    }, 
    "6": {
        "44": -30.47, 
        "42": 48.73, 
        "43": -2.02, 
        "45": 40.15, 
        "41": -7.319999999999993
    }, 
    "7": {
        "44": -25.43, 
        "42": 59.8, 
        "43": 3.93, 
        "45": 50.15, 
        "54": -19.44, 
        "41": -12.420000000000002
    }, 
    "8": {
        "44": -18.35, 
        "42": 75.63, 
        "43": 10.11, 
        "45": 60.15, 
        "41": -15.579999999999998
    }, 
    "9": {
        "44": -14.56, 
        "42": 94.35, 
        "43": 18.89, 
        "45": 70.15, 
        "54": -10.44, 
        "41": -16.64
    }, 
    "10": {
        "44": -11.65, 
        "42": 110.0, 
        "43": 25.46, 
        "41": -12.420000000000002
    }, 
    "11": {
        "44": -10.24, 
        "42": 129.16, 
        "43": 33.19, 
        "54": -2.66, 
        "45": 81.15, 
        "41": -6.260000000000005
    }, 
    "12": {
        "44": -1.8, 
        "42": 145.69, 
        "43": 40.04, 
        "54": -0.66, 
        "41": -0.37000000000000455
    }, 
    "13": {
        "44": 0.84, 
        "42": 161.69, 
        "43": 50.51, 
        "41": 2.0900000000000034
    }, 
    "14": {
        "44": 0.66, 
        "42": 169.07999999999998, 
        "43": 60.51, 
        "41": -0.10999999999999943
    }, 
    "15": {
        "44": 0.75, 
        "42": 171.98000000000002, 
        "43": 70.51, 
        "41": -2.1299999999999955
    }, 
    "16": {
        "51": -14.879999999999995, 
        "33": -3.03, 
        "32": 3.03, 
        "44": 0.66, 
        "42": 174.62, 
        "43": 81.51, 
        "35": 1.8, 
        "41": -4.069999999999993, 
        "52": -15.849999999999994, 
        "53": 8.78, 
        "54": -0.53, 
        "34": 1.19, 
        "31": 4.97
    }, 
    "nb_temps": 36, 
    "18": {
        "33": -3.38, 
        "32": 4.68, 
        "31": 4.7, 
        "51": -15.14, 
        "35": 2.99, 
        "34": 1.1, 
        "53": 7.78, 
        "54": -0.7, 
        "52": -15.21
    }, 
    "20": {
        "33": -4.0, 
        "32": 6.75, 
        "31": 4.26, 
        "51": -15.760000000000005, 
        "35": 4.92, 
        "34": 1.19, 
        "53": 7.87, 
        "54": -0.55, 
        "52": -15.930000000000004
    }, 
    "22": {
        "33": -4.53, 
        "32": 7.66, 
        "31": 4.26, 
        "51": -16.549999999999997, 
        "44": -5.66, 
        "35": 7.32, 
        "34": 1.63, 
        "53": 7.87, 
        "54": -0.49, 
        "52": -20.999999999999994
    }, 
	"23": {
		"44":-9
	}, 
    "24": {
        "33": -5.05, 
        "32": 8.48, 
        "31": 4.26, 
        "51": -17.430000000000007, 
        "35": 10.41, 
        "44": -12.66, 
        "34": 2.07, 
        "53": 7.87, 
        "54": -0.02, 
        "52": -24.680000000000004
    }, 
	"25": {
		"44":-17
	}, 
    "26": {
        "33": -5.32, 
        "32": 9.77, 
        "31": 4.26, 
        "51": -18.310000000000002, 
        "35": 13.64, 
        "44": -20.66, 
        "34": 1.89, 
        "53": 9.17, 
        "54": -0.46, 
        "52": -29.36
    }, 
	"27": {
		"44":-24
	}, 
    "28": {
        "33": -5.67, 
        "32": 10.05, 
        "31": 4.26, 
        "51": -19.189999999999998, 
        "35": 16.47, 
        "44": -28.66, 
        "34": 1.98, 
        "53": 7.96, 
        "54": -0.99, 
        "52": -34.629999999999998
    }, 
	"29": {
		"44":-32
	}, 
    "30": {
        "33": -6.11, 
        "32": 12.23, 
        "31": 4.26, 
        "51": -20.239999999999995, 
        "35": 19.06, 
        "44": -36.66, 
        "34": 1.98, 
        "53": 7.87, 
        "54": -0.52, 
        "52": -40.299999999999997
    }, 
	"31": {
		"44":-41.5
	}, 
    "32": {
        "33": -6.55, 
        "32": 13.76, 
        "31": 4.26, 
        "51": -21.120000000000005, 
        "35": 21.95, 
        "34": 2.07, 
        "44": -47.66, 
        "53": 7.96, 
        "54": -0.13, 
        "52": -41.349999999999994
    }, 
	"33": {
		"44":-53
	}, 
    "34": {
        "33": -6.9, 
        "54": -0.13, 
        "32": 14.16, 
        "31": 4.35, 
        "51": -22.0, 
        "44": -58.66, 
        "35": 22.59, 
        "34": 2.33, 
        "53": 7.87, 
        "52": -43.230000000000004
    }, 
	"35": {
		"44":-65
	}, 
    "36": {
        "33": -7.16, 
        "32": 14.44, 
        "31": 4.26, 
        "51": -22.790000000000006, 
        "35": 23.00, 
        "44": -70.66, 
        "34": 2.68, 
        "53": 7.87, 
        "54": -0.1, 
        "52": -45.849999999999994
    }
}
