{
    "speed": {
        "bras_gauche": 0.4, 
        "bras_droit": 0.2, 
        "colonne": 0.4
    }, 
    "24": {
        "54": 0.84, 
        "51": 2.0900000000000034, 
        "53": -50.51, 
        "55": 50.02, 
        "52": -161.69
    }, 
    "25": {
        "54": -1.8, 
        "51": -0.37000000000000455, 
        "53": -40.04, 
        "44": -10.53, 
        "55": 40.02, 
        "52": -145.69
    }, 
    "26": {
        "54": -14.24, 
        "51": -6.260000000000005, 
        "53": -30.19, 
        "55": 30.02, 
        "52": -129.16
    }, 
    "27": {
        "54": -20.65, 
        "51": -12.420000000000002, 
        "53": -20.46, 
        "55": 20.02, 
        "44": -16.53, 
        "52": -110.0
    }, 
    "21": {
        "51": -12.069999999999993, 
        "34": 1.19, 
        "33": -4.03, 
        "54": 0.66, 
        "44": -0.53, 
        "42": 17.849999999999994, 
        "43": -7.78, 
        "53": -81.51, 
        "55": 80.02, 
        "41": -14.879999999999995, 
        "35": 2.2, 
        "32": 0.73, 
        "52": -174.62, 
        "31": 5.97
    }, 
    "22": {
        "54": 0.75, 
        "51": -2.1299999999999955, 
        "53": -72.51, 
        "55": 70.02, 
        "52": -171.98000000000002
    }, 
    "23": {
        "54": 0.66, 
        "51": -0.10999999999999943, 
        "42": 14.849999999999994, 
        "53": -60.51, 
        "55": 60.02, 
        "44": -4.53, 
        "52": -169.07999999999998
    }, 
    "28": {
        "54": -24.56, 
        "51": -16.64, 
        "53": 9.89, 
        "55": 10.02, 
        "52": -94.35
    }, 
    "29": {
        "54": -32.35, 
        "51": -15.579999999999998, 
        "53": 6.11, 
        "55": 0.02, 
        "44": -22.53, 
        "52": -75.63
    }, 
    "1": {
        "33": -7.16, 
        "32": -13.14, 
        "31": 4.26, 
        "42": 45.849999999999994, 
        "43": -7.87, 
        "35": -21.0, 
        "41": -22.790000000000006, 
        "34": 2.68, 
        "44": -0.1
    }, 
    "3": {
        "33": -6.9, 
        "32": -12.86, 
        "31": 4.35, 
        "42": 44.230000000000004, 
        "43": -7.87, 
        "35": -19.59, 
        "41": -22.0, 
        "54": -70.66, 
        "34": 2.33, 
        "44": -0.66
    }, 
    "5": {
        "33": -6.55, 
        "32": -12.06, 
        "31": 4.26, 
        "42": 43.749999999999993, 
        "54": -60.66, 
        "43": -7.96, 
        "35": -17.95, 
        "41": -21.120000000000005, 
        "34": 2.07, 
        "44": -0.13
    }, 
    "7": {
        "33": -6.11, 
        "32": -11.53, 
        "31": 4.26, 
        "42": 42.299999999999997, 
        "54": -50.66, 
        "43": -7.87, 
        "35": -15.76, 
        "41": -20.239999999999995, 
        "34": 1.98, 
        "44": -0.52
    }, 
    "9": {
        "33": -5.67, 
        "32": -10.25, 
        "31": 4.26, 
        "42": 40.83, 
        "43": -7.96, 
        "54": -40.66, 
        "35": -13.87, 
        "41": -19.189999999999998, 
        "34": 1.98, 
        "44": -0.99
    },
	"4": {
		"54": -65
	}, 
	"6": {
		"54": -55
	}, 
	"8": {
		"54": -45
	}, 
	"10": {
		"54": -35
	}, 
	"12": {
		"54": -25
	}, 
	"14": {
		"54": -15
	}, 
	"16": {
		"54": -5
	}, 
    "nb_temps": 36, 
    "11": {
        "33": -5.32, 
        "32": -9.57, 
        "31": 4.26, 
        "42": 38.36, 
        "43": -7.87, 
        "35": -10.94, 
        "54": -30.66, 
        "41": -18.310000000000002, 
        "34": 1.89, 
        "44": -0.86
    }, 
    "13": {
        "33": -5.05, 
        "32": -8.28, 
        "31": 4.26, 
        "42": 36.880000000000004, 
        "43": -7.87, 
        "54": -20.66, 
        "35": -7.91, 
        "41": -17.830000000000005, 
        "34": 2.07, 
        "44": -0.02
    }, 
    "15": {
        "33": -4.53, 
        "32": -7.26, 
        "31": 4.26, 
        "42": 32.599999999999994, 
        "43": -7.87, 
        "35": -5.82, 
        "54": -10.66, 
        "41": -16.549999999999997, 
        "34": 1.63, 
        "44": -0.49
    }, 
    "17": {
        "33": -4.0, 
        "32": -5.25, 
        "31": 4.26, 
        "42": 27.730000000000004, 
        "43": -7.87, 
        "54": 0.66, 
        "35": -3.42, 
        "41": -15.760000000000005, 
        "34": 1.19, 
        "44": -0.05
    }, 
    "19": {
        "33": -3.38, 
        "32": -3.38, 
        "31": 4.7, 
        "42": 22.11, 
        "43": -7.78, 
        "35": 1.89, 
        "41": -15.14, 
        "34": 1.1, 
        "44": -1.7
    }, 
    "32": {
        "54": -48.43, 
        "51": -2.8400000000000034, 
        "53": 5.85, 
        "52": -36.24
    }, 
    "31": {
        "54": -44.47, 
        "44": -28.53, 
        "51": -7.319999999999993, 
        "53": 6.02, 
        "52": -48.73
    }, 
    "30": {
        "54": -39.43, 
        "51": -12.420000000000002, 
        "53": 5.93, 
        "52": -59.8
    }, 
    "36": {
        "51": -14.980000000000004, 
        "34": 1.27, 
        "33": -5.24, 
        "54": -50.95, 
        "44": -35.44, 
        "42": 12.579999999999998, 
        "43": -7.78, 
        "53": -6.02, 
        "41": -14.969999999999999, 
        "35": 2.66, 
        "32": 1.0, 
        "55": 0.02, 
        "52": -6.6200000000000045, 
        "31": 7.29
    }, 
    "35": {
        "54": -52.81, 
        "51": -4.769999999999996, 
        "53": -6.37, 
        "44": -34.53, 
        "52": -7.760000000000005
    }, 
    "34": {
        "54": -52.38, 
        "51": -5.1200000000000045, 
        "53": -5.49, 
        "52": -11.269999999999996
    }, 
    "33": {
        "54": -50.46, 
        "51": -4.239999999999995, 
        "53": 3.3, 
        "44": -31.53, 
        "52": -22.700000000000003
    }
}
