{
    "speed": {
        "bras_gauche": 0.2
    }, 
    "1": {
        "44": -50.95, 
        "42": 6.6200000000000045, 
        "43": 6.02, 
        "41": -3.980000000000004
    }, 
    "2": {
        "44": -46.81, 
        "42": 7.760000000000005, 
        "43": 6.37, 
        "41": -4.769999999999996
    }, 
    "3": {
        "44": -43.38, 
        "42": 11.269999999999996, 
        "43": 5.49, 
        "41": -5.1200000000000045
    }, 
    "4": {
        "44": -38.46, 
        "42": 22.700000000000003, 
        "43": -3.3, 
        "41": -4.239999999999995
    }, 
    "5": {
        "44": -31.43, 
        "42": 36.24, 
        "43": -5.85, 
        "41": -2.8400000000000034
    }, 
    "6": {
        "44": -19.47, 
        "42": 48.73, 
        "43": -6.02, 
        "41": -7.319999999999993
    }, 
    "7": {
        "44": -15.43, 
        "42": 59.8, 
        "43": -5.93, 
        "41": -12.420000000000002
    }, 
    "8": {
        "44": -12.35, 
        "42": 75.63, 
        "43": -6.11, 
        "41": -15.579999999999998
    }, 
    "9": {
        "44": -11.56, 
        "42": 94.35, 
        "43": -9.89, 
        "41": -16.64
    }, 
    "10": {
        "44": -11.65, 
        "42": 110.0, 
        "43": -14.46, 
        "41": -12.420000000000002
    }, 
    "11": {
        "44": -10.24, 
        "42": 129.16, 
        "43": -9.19, 
        "41": -6.260000000000005
    }, 
    "12": {
        "44": -1.8, 
        "42": 145.69, 
        "43": -0.04, 
        "41": -0.37000000000000455
    }, 
    "13": {
        "44": 0.84, 
        "42": 161.69, 
        "43": 2.51, 
        "41": 2.0900000000000034
    }, 
    "14": {
        "44": 0.66, 
        "42": 169.07999999999998, 
        "43": 2.51, 
        "41": -0.10999999999999943
    }, 
    "15": {
        "44": 0.75, 
        "42": 171.98000000000002, 
        "43": 2.51, 
        "41": -2.1299999999999955
    }, 
    "16": {
        "44": 0.66, 
        "42": 174.62, 
        "43": 2.51, 
        "41": -4.069999999999993
    }, 
    "nb_temps": 16
}