{
    "speed": {
        "colonne": 0.2, 
        "bras_droit": 0.2
    }, 
    "1": {
        "33": -2.24, 
        "32": 1.19, 
        "31": 6.29, 
        "51": -14.969999999999999, 
        "35": 1.36, 
        "34": 1.27, 
        "53": 7.78, 
        "54": -36.44, 
        "52": -7.579999999999998
    }, 
    "2": {
        "33": -3.03, 
        "32": 3.03, 
        "31": 4.97, 
        "51": -14.879999999999995, 
        "35": 1.8, 
        "34": 1.19, 
        "53": 7.78, 
        "54": -36.53, 
        "52": -7.849999999999994
    }, 
    "3": {
        "33": -3.38, 
        "32": 4.88, 
        "31": 4.7, 
        "51": -15.14, 
        "35": 1.89, 
        "34": 1.1, 
        "53": 7.78, 
        "54": -36.7, 
        "52": -8.11
    }, 
    "4": {
        "33": -4.0, 
        "32": 7.25, 
        "31": 4.26, 
        "51": -15.760000000000005, 
        "35": 2.42, 
        "34": 1.19, 
        "53": 7.87, 
        "54": -37.05, 
        "52": -8.730000000000004
    }, 
    "5": {
        "33": -4.53, 
        "32": 8.66, 
        "31": 4.26, 
        "51": -16.549999999999997, 
        "35": 3.82, 
        "34": 1.63, 
        "53": 7.87, 
        "54": -37.49, 
        "52": -9.599999999999994
    }, 
    "6": {
        "33": -5.05, 
        "32": 9.98, 
        "31": 4.26, 
        "51": -17.430000000000007, 
        "35": 5.41, 
        "34": 2.07, 
        "53": 7.87, 
        "54": -38.02, 
        "52": -10.480000000000004
    }, 
    "7": {
        "33": -5.32, 
        "32": 11.47, 
        "31": 4.26, 
        "51": -18.310000000000002, 
        "35": 6.64, 
        "34": 1.89, 
        "53": 7.87, 
        "54": -38.46, 
        "52": -11.36
    }, 
    "8": {
        "33": -5.67, 
        "32": 13.05, 
        "31": 4.26, 
        "51": -19.189999999999998, 
        "35": 7.87, 
        "34": 1.98, 
        "53": 7.96, 
        "54": -38.99, 
        "52": -12.329999999999998
    }, 
    "9": {
        "33": -6.11, 
        "32": 14.73, 
        "31": 4.26, 
        "51": -20.239999999999995, 
        "35": 9.36, 
        "34": 1.98, 
        "53": 7.87, 
        "54": -39.52, 
        "52": -13.299999999999997
    }, 
    "10": {
        "33": -6.55, 
        "32": 15.96, 
        "31": 4.26, 
        "51": -21.120000000000005, 
        "35": 10.95, 
        "34": 2.07, 
        "53": 7.96, 
        "54": -40.13, 
        "52": -14.349999999999994
    }, 
    "11": {
        "33": -6.9, 
        "32": 16.66, 
        "31": 4.35, 
        "51": -22.0, 
        "35": 12.09, 
        "34": 2.33, 
        "53": 7.87, 
        "54": -40.66, 
        "52": -15.230000000000004
    }, 
    "12": {
        "33": -7.16, 
        "32": 17.54, 
        "31": 4.26, 
        "51": -22.790000000000006, 
        "35": 12.88, 
        "34": 2.68, 
        "53": 7.87, 
        "54": -41.1, 
        "52": -15.849999999999994
    }, 
    "nb_temps": 12
}