{
    "speed": {
        "bras_gauche": 0.2, 
        "bras_droit": 0.4, 
        "colonne": 0.4
    }, 
    "24": {
        "44": 0.84, 
        "42": 161.69, 
        "43": 2.51, 
        "41": 2.0900000000000034
    }, 
    "25": {
        "44": -1.8, 
        "42": 145.69, 
        "43": -0.04, 
        "41": -0.37000000000000455
    }, 
    "26": {
        "44": -10.24, 
        "42": 129.16, 
        "43": -9.19, 
        "41": -6.260000000000005
    }, 
    "27": {
        "44": -11.65, 
        "42": 110.0, 
        "43": -14.46, 
        "41": -12.420000000000002
    }, 
    "21": {
        "34": 1.19, 
        "33": -3.03, 
        "42": 174.62, 
        "44": 0.66, 
        "51": -14.879999999999995, 
        "43": 2.51, 
        "53": 7.78, 
        "52": -7.849999999999994, 
        "35": 1.8, 
        "54": -36.53, 
        "41": -4.069999999999993, 
        "31": 4.97, 
        "32": 3.03
    }, 
    "22": {
        "44": 0.75, 
        "42": 171.98000000000002, 
        "43": 2.51, 
        "41": -2.1299999999999955
    }, 
    "23": {
        "44": 0.66, 
        "42": 169.07999999999998, 
        "43": 2.51, 
        "41": -0.10999999999999943
    }, 
    "28": {
        "44": -11.56, 
        "42": 94.35, 
        "43": -9.89, 
        "41": -16.64
    }, 
    "29": {
        "44": -12.35, 
        "42": 75.63, 
        "43": -6.11, 
        "41": -15.579999999999998
    }, 
    "1": {
        "33": -7.16, 
        "54": -41.1, 
        "31": 4.26, 
        "51": -22.790000000000006, 
        "53": 7.87, 
        "52": -15.849999999999994, 
        "35": 12.88, 
        "32": 17.54, 
        "34": 2.68
    }, 
    "3": {
        "33": -6.9, 
        "54": -40.66, 
        "31": 4.35, 
        "51": -22.0, 
        "53": 7.87, 
        "52": -15.230000000000004, 
        "35": 12.09, 
        "32": 16.66, 
        "34": 2.33
    }, 
    "5": {
        "33": -6.55, 
        "54": -40.13, 
        "31": 4.26, 
        "51": -21.120000000000005, 
        "53": 7.96, 
        "52": -14.349999999999994, 
        "35": 10.95, 
        "32": 15.96, 
        "34": 2.07
    }, 
    "7": {
        "33": -6.11, 
        "54": -39.52, 
        "31": 4.26, 
        "51": -20.239999999999995, 
        "53": 7.87, 
        "52": -13.299999999999997, 
        "35": 9.36, 
        "32": 14.73, 
        "34": 1.98
    }, 
    "9": {
        "33": -5.67, 
        "54": -38.99, 
        "31": 4.26, 
        "51": -19.189999999999998, 
        "53": 7.96, 
        "52": -12.329999999999998, 
        "35": 7.87, 
        "32": 13.05, 
        "34": 1.98
    }, 
    "nb_temps": 36, 
    "11": {
        "33": -5.32, 
        "54": -38.46, 
        "31": 4.26, 
        "51": -18.310000000000002, 
        "53": 7.87, 
        "52": -11.36, 
        "35": 6.64, 
        "32": 11.47, 
        "34": 1.89
    }, 
    "13": {
        "33": -5.05, 
        "54": -38.02, 
        "31": 4.26, 
        "51": -17.430000000000007, 
        "53": 7.87, 
        "52": -10.480000000000004, 
        "35": 5.41, 
        "32": 9.98, 
        "34": 2.07
    }, 
    "15": {
        "33": -4.53, 
        "54": -37.49, 
        "31": 4.26, 
        "51": -16.549999999999997, 
        "53": 7.87, 
        "52": -9.599999999999994, 
        "35": 3.82, 
        "32": 8.66, 
        "34": 1.63
    }, 
    "17": {
        "33": -4.0, 
        "54": -37.05, 
        "31": 4.26, 
        "51": -15.760000000000005, 
        "53": 7.87, 
        "52": -8.730000000000004, 
        "35": 2.42, 
        "32": 7.25, 
        "34": 1.19
    }, 
    "33": {
        "44": -38.46, 
        "42": 22.700000000000003, 
        "43": -3.3, 
        "41": -4.239999999999995
    }, 
    "32": {
        "44": -31.43, 
        "42": 36.24, 
        "43": -5.85, 
        "41": -2.8400000000000034
    }, 
    "31": {
        "44": -19.47, 
        "42": 48.73, 
        "43": -6.02, 
        "41": -7.319999999999993
    }, 
    "30": {
        "44": -15.43, 
        "42": 59.8, 
        "43": -5.93, 
        "41": -12.420000000000002
    }, 
    "36": {
        "34": 1.27, 
        "33": -2.24, 
        "42": 6.6200000000000045, 
        "44": -50.95, 
        "51": -14.969999999999999, 
        "43": 6.02, 
        "53": 7.78, 
        "52": -7.579999999999998, 
        "35": 1.36, 
        "54": -36.44, 
        "41": -3.980000000000004, 
        "31": 6.29, 
        "32": 1.19
    }, 
    "35": {
        "44": -46.81, 
        "42": 7.760000000000005, 
        "43": 6.37, 
        "41": -4.769999999999996
    }, 
    "34": {
        "44": -43.38, 
        "42": 11.269999999999996, 
        "43": 5.49, 
        "41": -5.1200000000000045
    }, 
    "19": {
        "33": -3.38, 
        "54": -36.7, 
        "31": 4.7, 
        "51": -15.14, 
        "53": 7.78, 
        "52": -8.11, 
        "35": 1.89, 
        "32": 4.88, 
        "34": 1.1
    }
}