{
    "speed": {
        "bras_gauche": 0.4, 
        "bras_droit": 0.2, 
        "colonne": 0.4
    }, 
    "24": {
        "54": 0.84, 
        "51": 2.0900000000000034, 
        "53": -2.51, 
        "52": -161.69
    }, 
    "25": {
        "54": -1.8, 
        "51": -0.37000000000000455, 
        "53": 0.04, 
        "52": -145.69
    }, 
    "26": {
        "54": -10.24, 
        "51": -6.260000000000005, 
        "53": 9.19, 
        "52": -129.16
    }, 
    "27": {
        "54": -11.65, 
        "51": -12.420000000000002, 
        "53": 14.46, 
        "52": -110.0
    }, 
    "21": {
        "51": -4.069999999999993, 
        "34": 1.19, 
        "33": 3.03, 
        "54": 0.66, 
        "44": -36.53, 
        "42": 7.849999999999994, 
        "43": -7.78, 
        "53": -2.51, 
        "41": -14.879999999999995, 
        "35": -1.8, 
        "32": -3.03, 
        "52": -174.62, 
        "31": 4.97
    }, 
    "22": {
        "54": 0.75, 
        "51": -2.1299999999999955, 
        "53": -2.51, 
        "52": -171.98000000000002
    }, 
    "23": {
        "54": 0.66, 
        "51": -0.10999999999999943, 
        "53": -2.51, 
        "52": -169.07999999999998
    }, 
    "28": {
        "54": -11.56, 
        "51": -16.64, 
        "53": 9.89, 
        "52": -94.35
    }, 
    "29": {
        "54": -12.35, 
        "51": -15.579999999999998, 
        "53": 6.11, 
        "52": -75.63
    }, 
    "1": {
        "33": 7.16, 
        "32": -17.54, 
        "31": 4.26, 
        "42": 15.849999999999994, 
        "43": -7.87, 
        "35": -12.88, 
        "41": -22.790000000000006, 
        "34": 2.68, 
        "44": -41.1
    }, 
    "3": {
        "33": 6.9, 
        "32": -16.66, 
        "31": 4.35, 
        "42": 15.230000000000004, 
        "43": -7.87, 
        "35": -12.09, 
        "41": -22.0, 
        "34": 2.33, 
        "44": -40.66
    }, 
    "5": {
        "33": 6.55, 
        "32": -15.96, 
        "31": 4.26, 
        "42": 14.349999999999994, 
        "43": -7.96, 
        "35": -10.95, 
        "41": -21.120000000000005, 
        "34": 2.07, 
        "44": -40.13
    }, 
    "7": {
        "33": 6.11, 
        "32": -14.73, 
        "31": 4.26, 
        "42": 13.299999999999997, 
        "43": -7.87, 
        "35": -9.36, 
        "41": -20.239999999999995, 
        "34": 1.98, 
        "44": -39.52
    }, 
    "9": {
        "33": 5.67, 
        "32": -13.05, 
        "31": 4.26, 
        "42": 12.329999999999998, 
        "43": -7.96, 
        "35": -7.87, 
        "41": -19.189999999999998, 
        "34": 1.98, 
        "44": -38.99
    }, 
    "nb_temps": 36, 
    "11": {
        "33": 5.32, 
        "32": -11.47, 
        "31": 4.26, 
        "42": 11.36, 
        "43": -7.87, 
        "35": -6.64, 
        "41": -18.310000000000002, 
        "34": 1.89, 
        "44": -38.46
    }, 
    "13": {
        "33": 5.05, 
        "32": -9.98, 
        "31": 4.26, 
        "42": 10.480000000000004, 
        "43": -7.87, 
        "35": -5.41, 
        "41": -17.430000000000007, 
        "34": 2.07, 
        "44": -38.02
    }, 
    "15": {
        "33": 4.53, 
        "32": -8.66, 
        "31": 4.26, 
        "42": 9.599999999999994, 
        "43": -7.87, 
        "35": -3.82, 
        "41": -16.549999999999997, 
        "34": 1.63, 
        "44": -37.49
    }, 
    "17": {
        "33": 4.0, 
        "32": -7.25, 
        "31": 4.26, 
        "42": 8.730000000000004, 
        "43": -7.87, 
        "35": -2.42, 
        "41": -15.760000000000005, 
        "34": 1.19, 
        "44": -37.05
    }, 
    "19": {
        "33": 3.38, 
        "32": -4.88, 
        "31": 4.7, 
        "42": 8.11, 
        "43": -7.78, 
        "35": -1.89, 
        "41": -15.14, 
        "34": 1.1, 
        "44": -36.7
    }, 
    "32": {
        "54": -31.43, 
        "51": -2.8400000000000034, 
        "53": 5.85, 
        "52": -36.24
    }, 
    "31": {
        "54": -19.47, 
        "51": -7.319999999999993, 
        "53": 6.02, 
        "52": -48.73
    }, 
    "30": {
        "54": -15.43, 
        "51": -12.420000000000002, 
        "53": 5.93, 
        "52": -59.8
    }, 
    "36": {
        "51": -3.980000000000004, 
        "34": 1.27, 
        "33": 2.24, 
        "54": -50.95, 
        "44": -36.44, 
        "42": 7.579999999999998, 
        "43": -7.78, 
        "53": -6.02, 
        "41": -14.969999999999999, 
        "35": -1.36, 
        "32": -1.19, 
        "52": -6.6200000000000045, 
        "31": 6.29
    }, 
    "35": {
        "54": -46.81, 
        "51": -4.769999999999996, 
        "53": -6.37, 
        "52": -7.760000000000005
    }, 
    "34": {
        "54": -43.38, 
        "51": -5.1200000000000045, 
        "53": -5.49, 
        "52": -11.269999999999996
    }, 
    "33": {
        "54": -38.46, 
        "51": -4.239999999999995, 
        "53": 3.3, 
        "52": -22.700000000000003
    }
}