{
    "speed": {
        "bras_gauche": 0.2, 
        "bras_droit": 0.4, 
        "colonne": 0.4
    }, 
    "24": {
        "44": 0.84, 
        "42": 161.69, 
        "43": 52.51, 
        "45": 30.15, 
        "41": 2.0900000000000034
    }, 
    "25": {
        "44": -8.8, 
        "42": 145.69, 
        "43": 40.04, 
        "45": 20.15, 
        "54": -13.53, 
        "41": -0.37000000000000455
    }, 
    "26": {
        "44": -15.24, 
        "42": 129.16, 
        "43": 30.19, 
        "45": 12.15, 
        "41": -6.260000000000005
    }, 
    "27": {
        "44": -29.65, 
        "42": 110.0, 
        "43": 20.46, 
        "45": 8.15, 
        "54": -20.53, 
        "41": -12.420000000000002
    }, 
    "21": {
        "34": 1.19, 
        "33": -4.03, 
        "42": 174.62, 
        "44": 0.66, 
        "51": -14.879999999999995, 
        "43": 81.51, 
        "53": 7.78, 
        "52": -15.849999999999994, 
        "35": 0.8, 
        "54": -0.53, 
        "41": -4.069999999999993, 
        "31": 5.97, 
        "45": 60.15, 
        "32": 1.03
    }, 
    "22": {
        "44": 0.75, 
        "42": 171.98000000000002, 
        "43": 72.51, 
        "45": 50.15, 
        "41": -2.1299999999999955
    }, 
    "23": {
        "44": 0.66, 
        "42": 169.07999999999998, 
        "43": 62.51, 
        "45": 40.15, 
        "54": -6.53, 
        "41": -0.10999999999999943
    }, 
    "28": {
        "44": -38.56, 
        "42": 94.35, 
        "43": 10.89, 
        "45": 4.15, 
        "41": -16.64
    }, 
    "29": {
        "44": -45.35, 
        "42": 75.63, 
        "43": 0.11, 
        "45": 0.15, 
        "54": -29.53, 
        "41": -15.579999999999998
    }, 
    "1": {
        "33": -7.16, 
        "54": -0.1, 
        "31": 4.26, 
        "51": -22.790000000000006, 
        "53": 7.87, 
        "52": -47.849999999999994, 
        "35": 23.00, 
        "44": -70.66, 
        "32": 14.44, 
        "45": 81.15, 
        "34": 2.68
    },
	"2": {
		"44":-65
	}, 
    "3": {
        "33": -6.9, 
        "54": -0.66, 
        "31": 4.35, 
        "51": -22.0, 
        "53": 7.87, 
        "52": -46.230000000000004, 
        "44": -60.66, 
        "35": 21.19, 
        "32": 14.46, 
        "34": 2.33
    }, 
	"4": {
		"44":-55
	}, 
    "5": {
        "33": -6.55, 
        "54": -0.13, 
        "31": 4.26, 
        "51": -21.120000000000005, 
        "53": 7.96, 
        "52": -46.749999999999994, 
        "44": -50.66, 
        "35": 19.45, 
        "32": 14.46, 
        "34": 2.07
    }, 
	"6": {
		"44":-45
	}, 
    "7": {
        "33": -6.11, 
        "54": -0.52, 
        "31": 4.26, 
        "51": -20.239999999999995, 
        "53": 7.87, 
        "52": -43.299999999999997, 
        "35": 16.96, 
        "44": -40.66, 
        "32": 14.23, 
        "34": 1.98
    }, 
	"8": {
		"44":-35
	}, 
    "9": {
        "33": -5.67, 
        "54": -0.99, 
        "31": 4.26, 
        "51": -19.189999999999998, 
        "53": 7.96, 
        "52": -41.829999999999998, 
        "44": -30.66, 
        "35": 13.87, 
        "32": 13.35, 
        "34": 1.98
    }, 
	"10": {
		"44":-25
	}, 
    "nb_temps": 36, 
    "11": {
        "33": -5.32, 
        "54": -0.86, 
        "31": 4.26, 
        "51": -18.310000000000002, 
        "53": 7.87, 
        "52": -38.36, 
        "44": -20.66, 
        "35": 10.94, 
        "32": 12.27, 
        "34": 1.89
    }, 
	"12": {
		"44":-15
	}, 
    "13": {
        "33": -5.05, 
        "54": -0.02, 
        "31": 4.26, 
        "51": -17.830000000000007, 
        "53": 7.87, 
        "52": -35.880000000000004, 
        "44": -10.66, 
        "35": 7.91, 
        "32": 11.98, 
        "34": 2.07
    }, 
	"14": {
		"44":-5
	}, 
    "15": {
        "33": -4.53, 
        "54": -0.49, 
        "31": 4.26, 
        "51": -16.549999999999997, 
        "53": 7.87, 
        "52": -30.599999999999994, 
        "35": 4.82, 
        "32": 10.66, 
        "44": -0.66, 
        "34": 1.63
    }, 
    "17": {
        "33": -4.0, 
        "54": -0.05, 
        "31": 4.26, 
        "51": -15.760000000000005, 
        "53": 7.87, 
        "52": -25.730000000000004, 
        "35": 2.42, 
        "32": 8.25, 
        "34": 1.19
    }, 
    "33": {
        "44": -54.46, 
        "42": 22.700000000000003, 
        "43": -3.3, 
        "54": -35.53, 
        "41": -4.239999999999995
    }, 
    "32": {
        "44": -51.43, 
        "42": 36.24, 
        "43": -5.85, 
        "41": -2.8400000000000034
    }, 
    "31": {
        "44": -51.47, 
        "42": 48.73, 
        "43": -6.02, 
        "54": -35.53, 
        "41": -7.319999999999993
    }, 
    "30": {
        "44": -48.43, 
        "42": 59.8, 
        "43": -2.93, 
        "41": -12.420000000000002
    }, 
    "36": {
        "34": 1.27, 
        "33": -4.24, 
        "42": 9.6200000000000045, 
        "44": -53.95, 
        "51": -14.969999999999999, 
        "43": 6.02, 
        "53": 7.78, 
        "52": -16.579999999999998, 
        "35": 0.36, 
        "54": -35.44, 
        "41": -3.980000000000004, 
        "31": 7.29, 
        "32": 2.75
    }, 
    "35": {
        "44": -54.81, 
        "42": 10.760000000000005, 
        "43": 6.37, 
        "41": -4.769999999999996
    }, 
    "34": {
        "44": -54.38, 
        "42": 11.269999999999996, 
        "43": 5.49, 
        "41": -5.1200000000000045
    }, 
    "19": {
        "33": -3.38, 
        "54": -0.7, 
        "31": 4.7, 
        "51": -15.14, 
        "53": 7.78, 
        "52": -20.11, 
        "35": 1.89, 
        "32": 5.88, 
        "45": 70.15, 
        "34": 1.1
    }
}
