{
    "speed": {
        "bras_gauche": 0.2, 
        "bras_droit": 0.2
    }, 
    "1": {
        "56": 0.73, 
        "46": -0.73, 
        "51": -14.530000000000001, 
        "44": -50.51, 
        "45": 0.44, 
        "42": 6.180000000000007, 
        "43": 5.76, 
        "53": -1.71, 
        "41": -3.980000000000004, 
        "55": -0.15, 
        "54": -36.35, 
        "52": -7.230000000000004
    }, 
    "2": {
        "56": 0.73, 
        "46": -0.73, 
        "51": -11.36, 
        "44": -48.75, 
        "45": 0.44, 
        "42": 5.209999999999994, 
        "43": 5.76, 
        "53": -1.63, 
        "41": -3.6299999999999955, 
        "55": -0.15, 
        "54": -35.91, 
        "52": -7.049999999999997
    }, 
    "3": {
        "56": 0.73, 
        "46": -0.73, 
        "51": -10.310000000000002, 
        "44": -48.04, 
        "45": 0.15, 
        "42": 3.010000000000005, 
        "43": 5.93, 
        "53": -1.54, 
        "41": -3.799999999999997, 
        "55": -0.15, 
        "54": -36.09, 
        "52": -6.260000000000005
    }, 
    "4": {
        "56": 0.73, 
        "46": -0.73, 
        "51": -13.819999999999993, 
        "44": -49.01, 
        "45": 0.15, 
        "42": 2.4000000000000057, 
        "43": 5.93, 
        "53": -1.36, 
        "41": -6.090000000000003, 
        "55": -0.15, 
        "54": -36.88, 
        "52": -4.950000000000003
    }, 
    "5": {
        "56": 0.73, 
        "46": -0.73, 
        "51": -18.840000000000003, 
        "44": -50.95, 
        "45": -0.15, 
        "42": 0.37000000000000455, 
        "43": 5.93, 
        "53": -1.27, 
        "41": -10.659999999999997, 
        "55": -0.44, 
        "54": -42.77, 
        "52": -2.480000000000004
    }, 
    "6": {
        "56": 0.73, 
        "46": -0.73, 
        "51": -27.89, 
        "44": -58.51, 
        "45": 0.73, 
        "42": -4.549999999999997, 
        "43": 7.69, 
        "53": -0.57, 
        "41": -18.659999999999997, 
        "55": 0.44, 
        "54": -48.31, 
        "52": 1.4699999999999989
    }, 
    "7": {
        "56": 0.73, 
        "46": -1.03, 
        "51": -33.34, 
        "44": -63.69, 
        "45": 0.73, 
        "42": -7.189999999999998, 
        "43": 16.4, 
        "53": -6.81, 
        "41": -24.019999999999996, 
        "55": 3.67, 
        "54": -48.84, 
        "52": 3.049999999999997
    }, 
    "8": {
        "56": -0.15, 
        "46": -1.32, 
        "51": -36.77, 
        "44": -66.15, 
        "45": 5.43, 
        "42": -9.030000000000001, 
        "43": 28.09, 
        "53": -15.08, 
        "41": -29.82, 
        "55": 18.62, 
        "54": -48.84, 
        "52": 2.4399999999999977
    }, 
    "9": {
        "56": -0.15, 
        "46": -1.61, 
        "51": -36.59, 
        "44": -68.88, 
        "45": 21.85, 
        "42": -9.819999999999993, 
        "43": 43.47, 
        "53": -24.22, 
        "41": -30.35, 
        "55": 23.02, 
        "54": -48.92, 
        "52": 1.6500000000000057
    }, 
    "10": {
        "56": -0.15, 
        "46": -7.77, 
        "51": -35.1, 
        "44": -67.03, 
        "45": 26.25, 
        "42": -9.909999999999997, 
        "43": 51.3, 
        "53": -34.24, 
        "41": -29.740000000000002, 
        "55": 27.13, 
        "54": -48.75, 
        "52": 2.180000000000007
    }, 
    "11": {
        "56": 0.44, 
        "46": -13.34, 
        "51": -34.31, 
        "44": -66.86, 
        "45": 26.25, 
        "42": -9.739999999999995, 
        "43": 54.2, 
        "53": -41.27, 
        "41": -27.799999999999997, 
        "55": 26.25, 
        "54": -48.31, 
        "52": 1.8199999999999932
    }, 
    "12": {
        "56": 0.44, 
        "46": -13.34, 
        "51": -33.78, 
        "44": -66.77, 
        "45": 27.13, 
        "42": -9.560000000000002, 
        "43": 54.73, 
        "53": -43.82, 
        "41": -25.959999999999994, 
        "55": 27.13, 
        "54": -47.08, 
        "52": 1.2999999999999972
    }, 
    "13": {
        "56": -0.44, 
        "46": -11.88, 
        "51": -30.439999999999998, 
        "44": -67.38, 
        "45": 26.25, 
        "42": -9.819999999999993, 
        "43": 47.34, 
        "53": -33.8, 
        "41": -23.760000000000005, 
        "55": 26.83, 
        "54": -47.16, 
        "52": 1.2999999999999972
    }, 
    "14": {
        "56": -0.15, 
        "46": -11.29, 
        "51": -26.92, 
        "44": -67.47, 
        "45": 23.61, 
        "42": -4.989999999999995, 
        "43": 27.65, 
        "53": -11.3, 
        "41": -16.64, 
        "55": 22.14, 
        "54": -47.78, 
        "52": -3.8900000000000006
    }, 
    "15": {
        "56": -0.15, 
        "46": -11.29, 
        "51": -25.08, 
        "44": -66.77, 
        "45": 17.16, 
        "42": 3.1899999999999977, 
        "43": 11.47, 
        "53": 0.4, 
        "41": -9.780000000000001, 
        "55": 13.64, 
        "54": -46.46, 
        "52": -8.989999999999995
    }, 
    "16": {
        "56": -0.15, 
        "46": -11.29, 
        "51": -19.799999999999997, 
        "44": -65.8, 
        "45": 16.57, 
        "42": 7.230000000000004, 
        "43": 1.98, 
        "53": 4.0, 
        "41": -3.1899999999999977, 
        "55": 11.29, 
        "54": -44.79, 
        "52": -9.959999999999994
    }, 
    "17": {
        "56": -0.15, 
        "46": -11.29, 
        "51": -15.049999999999997, 
        "44": -65.1, 
        "45": 16.86, 
        "42": 7.049999999999997, 
        "43": 1.36, 
        "53": 4.18, 
        "41": -0.01999999999999602, 
        "55": 11.58, 
        "54": -44.79, 
        "52": -10.219999999999999
    }, 
    "18": {
        "56": -0.15, 
        "46": -11.29, 
        "51": -15.489999999999995, 
        "44": -64.48, 
        "45": 16.86, 
        "42": 6.6200000000000045, 
        "43": 1.45, 
        "53": 4.18, 
        "41": -0.45999999999999375, 
        "55": 11.58, 
        "54": -44.62, 
        "52": -10.129999999999995
    }, 
    "19": {
        "56": -0.73, 
        "46": -11.29, 
        "51": -15.930000000000007, 
        "44": -64.4, 
        "45": 16.86, 
        "42": 6.260000000000005, 
        "43": 1.54, 
        "53": 5.14, 
        "41": -0.9899999999999949, 
        "55": 13.34, 
        "54": -48.4, 
        "52": -8.200000000000003
    }, 
    "20": {
        "56": -0.15, 
        "46": -11.29, 
        "51": -13.560000000000002, 
        "44": -64.4, 
        "45": 16.86, 
        "42": 5.3799999999999955, 
        "43": 1.98, 
        "53": 6.81, 
        "41": -1.25, 
        "55": 11.88, 
        "54": -56.4, 
        "52": -3.7099999999999937
    }, 
    "21": {
        "56": -0.15, 
        "46": -11.29, 
        "51": -12.329999999999998, 
        "44": -64.4, 
        "45": 16.86, 
        "42": 5.030000000000001, 
        "43": 2.42, 
        "53": 7.08, 
        "41": -1.7800000000000011, 
        "55": 12.17, 
        "54": -61.76, 
        "52": -3.450000000000003
    }, 
    "22": {
        "56": -0.15, 
        "46": -11.88, 
        "51": -17.870000000000005, 
        "44": -64.4, 
        "45": 16.86, 
        "42": 4.239999999999995, 
        "43": 3.47, 
        "53": 8.22, 
        "41": -2.0400000000000063, 
        "55": 11.58, 
        "54": -65.19, 
        "52": 1.2999999999999972
    }, 
    "23": {
        "56": -0.44, 
        "46": -11.29, 
        "51": -22.97, 
        "44": -64.4, 
        "45": 16.86, 
        "42": 3.450000000000003, 
        "43": 3.82, 
        "53": 11.91, 
        "41": -2.4000000000000057, 
        "55": 14.52, 
        "54": -70.46, 
        "52": 4.019999999999996
    }, 
    "24": {
        "56": -0.44, 
        "46": -11.29, 
        "51": -24.989999999999995, 
        "44": -64.4, 
        "45": 16.57, 
        "42": 3.010000000000005, 
        "43": 3.82, 
        "53": 15.25, 
        "41": -2.480000000000004, 
        "55": 33.87, 
        "54": -79.08, 
        "52": 5.8700000000000045
    }, 
    "25": {
        "56": 1.03, 
        "46": -11.29,