{
    "speed": {
        "jambe_droite": 0.2, 
        "jambe_gauche": 0.2
    }, 
    "1": {
        "11": 3.21, 
        "24": -1.63, 
        "13": 1.4700000000000002, 
        "12": -4.62, 
        "15": -2.42, 
        "14": -2.07, 
        "22": -6.11, 
        "23": 2.07, 
        "25": -1.45, 
        "21": -3.21
    }, 
    "2": {
        "11": 1.8, 
        "24": 2.42, 
        "13": 2.0, 
        "12": -3.82, 
        "15": -5.49, 
        "14": -0.13, 
        "22": -5.14, 
        "23": 2.07, 
        "25": -3.91, 
        "21": -2.86
    }, 
    "3": {
        "11": -0.04, 
        "24": 8.66, 
        "13": 2.09, 
        "12": -4.0, 
        "15": -7.78, 
        "14": 5.05, 
        "22": -5.14, 
        "23": 1.89, 
        "25": -7.69, 
        "21": -4.53
    }, 
    "4": {
        "11": -0.13, 
        "24": 9.36, 
        "13": 2.09, 
        "12": -4.18, 
        "15": -7.69, 
        "14": 4.79, 
        "22": -5.32, 
        "23": 1.89, 
        "25": -7.78, 
        "21": -4.53
    }, 
    "5": {
        "11": -0.75, 
        "24": 10.77, 
        "13": 2.1799999999999997, 
        "12": -4.53, 
        "15": -7.69, 
        "14": 5.93, 
        "22": -5.67, 
        "23": 1.8, 
        "25": -8.66, 
        "21": -5.32
    }, 
    "6": {
        "11": -0.92, 
        "24": 11.74, 
        "13": 2.0, 
        "12": -4.7, 
        "15": -7.69, 
        "14": 7.52, 
        "22": -5.76, 
        "23": 1.8, 
        "25": -8.22, 
        "21": -5.49
    }, 
    "7": {
        "11": -1.54, 
        "24": 14.46, 
        "13": 2.09, 
        "12": -5.14, 
        "15": -7.78, 
        "14": 9.27, 
        "22": -6.02, 
        "23": 1.89, 
        "25": -9.19, 
        "21": -6.55
    }, 
    "8": {
        "11": -1.19, 
        "24": 17.89, 
        "13": 0.9500000000000002, 
        "12": -5.32, 
        "15": -10.68, 
        "14": 16.04, 
        "22": -6.29, 
        "23": 1.8, 
        "25": -10.33, 
        "21": -6.46
    }, 
    "9": {
        "11": -1.71, 
        "24": 29.49, 
        "13": -3.45, 
        "12": -6.02, 
        "15": -17.1, 
        "14": 28.44, 
        "22": -6.99, 
        "23": -2.24, 
        "25": -16.22, 
        "21": -6.9
    }, 
    "10": {
        "11": -1.71, 
        "24": 32.57, 
        "13": -5.470000000000001, 
        "12": -5.76, 
        "15": -18.77, 
        "14": 31.52, 
        "22": -6.73, 
        "23": -4.35, 
        "25": -17.63, 
        "21": -6.81
    }, 
    "11": {
        "11": -1.71, 
        "24": 32.57, 
        "13": -5.470000000000001, 
        "12": -5.76, 
        "15": -18.77, 
        "14": 31.52, 
        "22": -6.73, 
        "23": -4.35, 
        "25": -17.63, 
        "21": -6.81
    }, 
    "12": {
        "11": -1.71, 
        "24": 32.57, 
        "13": -5.470000000000001, 
        "12": -5.76, 
        "15": -18.77, 
        "14": 31.52, 
        "22": -6.73, 
        "23": -4.35, 
        "25": -17.63, 
        "21": -6.81
    }, 
    "nb_temps": 12
}