{
    "speed": {
        "bras_gauche": 0.2
    }, 
    "1": {
        "44": -15.08, 
        "42": 10.840000000000003, 
        "43": -7.25, 
        "41": -66.84
    }, 
    "2": {
        "44": -17.1, 
        "42": 12.239999999999995, 
        "43": -7.43, 
        "41": -57.16
    }, 
    "3": {
        "44": -29.58, 
        "42": 13.469999999999999, 
        "43": -7.52, 
        "41": -48.11
    }, 
    "4": {
        "44": -43.21, 
        "42": 13.909999999999997, 
        "43": -7.25, 
        "41": -37.03
    }, 
    "5": {
        "44": -48.31, 
        "42": 15.049999999999997, 
        "43": -5.67, 
        "41": -28.770000000000003
    }, 
    "6": {
        "44": -48.22, 
        "42": 15.760000000000005, 
        "43": -5.58, 
        "41": -21.909999999999997
    }, 
    "7": {
        "44": -47.87, 
        "42": 15.849999999999994, 
        "43": -5.67, 
        "41": -14.439999999999998
    }, 
    "8": {
        "44": -46.29, 
        "42": 15.14, 
        "43": -5.67, 
        "41": -9.159999999999997
    }, 
    "9": {
        "44": -42.42, 
        "42": 13.560000000000002, 
        "43": -5.67, 
        "41": -8.11
    }, 
    "10": {
        "44": -38.64, 
        "42": 12.769999999999996, 
        "43": -5.67, 
        "41": -8.290000000000006
    }, 
    "11": {
        "44": -37.67, 
        "42": 12.680000000000007, 
        "43": -5.67, 
        "41": -8.459999999999994
    }, 
    "12": {
        "44": -37.67, 
        "42": 12.680000000000007, 
        "43": -5.67, 
        "41": -8.370000000000005
    }, 
    "nb_temps": 12
}