{
    "speed": {
        "bras_gauche": 0.2
    }, 
    "1": {
        "44": -37.76, 
        "42": 10.840000000000003, 
        "43": -4.88, 
        "41": -7.930000000000007
    }, 
    "2": {
        "44": -37.85, 
        "42": 10.840000000000003, 
        "43": -4.88, 
        "41": -8.019999999999996
    }, 
    "3": {
        "44": -37.85, 
        "42": 10.840000000000003, 
        "43": -4.88, 
        "41": -8.019999999999996
    }, 
    "4": {
        "44": -37.85, 
        "42": 10.840000000000003, 
        "43": -4.88, 
        "41": -7.930000000000007
    }, 
    "5": {
        "44": -37.85, 
        "42": 10.840000000000003, 
        "43": -4.88, 
        "41": -8.019999999999996
    }, 
    "6": {
        "44": -37.85, 
        "42": 10.400000000000006, 
        "43": -4.97, 
        "41": -8.200000000000003
    }, 
    "7": {
        "44": -37.85, 
        "42": 9.959999999999994, 
        "43": -4.97, 
        "41": -11.799999999999997
    }, 
    "8": {
        "44": -38.64, 
        "42": 9.870000000000005, 
        "43": -5.05, 
        "41": -16.549999999999997
    }, 
    "9": {
        "44": -39.34, 
        "42": 9.430000000000007, 
        "43": -5.14, 
        "41": -25.870000000000005
    }, 
    "10": {
        "44": -39.25, 
        "42": 9.599999999999994, 
        "43": -5.23, 
        "41": -33.6
    }, 
    "11": {
        "44": -38.99, 
        "42": 9.870000000000005, 
        "43": -8.4, 
        "41": -38.26
    }, 
    "12": {
        "44": -34.15, 
        "42": 9.25, 
        "43": -9.27, 
        "41": -43.98
    }, 
    "13": {
        "44": -26.15, 
        "42": 8.11, 
        "43": -9.19, 
        "41": -52.42
    }, 
    "14": {
        "44": -22.46, 
        "42": 6.969999999999999, 
        "43": -9.19, 
        "41": -58.129999999999995
    }, 
    "15": {
        "44": -18.33, 
        "42": 6.180000000000007, 
        "43": -8.4, 
        "41": -63.41
    }, 
    "16": {
        "44": -15.34, 
        "42": 6.090000000000003, 
        "43": -8.04, 
        "41": -67.63
    }, 
    "17": {
        "44": -14.55, 
        "42": 6.0, 
        "43": -7.6, 
        "41": -68.86
    }, 
    "nb_temps": 17
}