{
    "speed": {
        "tete": 0.2
    }, 
    "1": {
        "37": 1.2600000000000016, 
        "36": 3.67
    }, 
    "2": {
        "37": 3.8999999999999986, 
        "36": 3.37
    }, 
    "3": {
        "37": 9.77, 
        "36": 3.37
    }, 
    "4": {
        "37": 15.630000000000003, 
        "36": 3.37
    }, 
    "5": {
        "37": 14.75, 
        "36": 3.96
    }, 
    "6": {
        "37": 9.469999999999999, 
        "36": 3.96
    }, 
    "7": {
        "37": 1.5500000000000007, 
        "36": 3.96
    }, 
    "8": {
        "37": -3.719999999999999, 
        "36": 3.67
    }, 
    "9": {
        "37": -3.1400000000000006, 
        "36": 1.91
    }, 
    "10": {
        "37": 0.6700000000000017, 
        "36": 0.44
    }, 
    "11": {
        "37": 4.489999999999998, 
        "36": 0.44
    }, 
    "12": {
        "37": 4.190000000000001, 
        "36": 0.73
    }, 
    "nb_temps": 12
}