{
    "speed": {
        "bras_gauche": 0.2, 
        "tete": 0.2, 
        "bras_droit": 0.2
    }, 
    "parties": {
        "offsetPart1": {
            "bras_gauche": 14, 
            "tete": 0, 
            "bras_droit": 0, 
            "min": 0
        }, 
        "nb_parts": 1
    }, 
    "1": {
        "45": 0.44, 
        "55": 1.03, 
        "54": -37.05, 
        "44": -51.03, 
        "56": -0.73, 
        "51": -15.670000000000002, 
        "43": 5.76, 
        "53": -1.89, 
        "52": -7.670000000000002, 
        "46": -1.03, 
        "36": 1.61, 
        "37": -16.63, 
        "41": -4.510000000000005, 
        "42": 6.090000000000003
    }, 
    "2": {
        "55": 1.03, 
        "54": -39.96, 
        "56": -0.73, 
        "51": -15.760000000000005, 
        "36": 1.61, 
        "53": -1.8, 
        "52": -7.849999999999994, 
        "37": -16.63
    }, 
    "3": {
        "55": 1.61, 
        "54": -44.97, 
        "56": -3.37, 
        "51": -15.930000000000007, 
        "36": 1.91, 
        "53": 1.71, 
        "52": -6.530000000000001, 
        "37": -16.63
    }, 
    "4": {
        "55": 7.77, 
        "54": -56.22, 
        "56": -8.65, 
        "51": -15.319999999999993, 
        "36": 1.61, 
        "53": 7.6, 
        "52": -5.030000000000001, 
        "37": -16.04
    }, 
    "5": {
        "55": 22.14, 
        "54": -73.36, 
        "56": -12.17, 
        "51": -14.0, 
        "36": -1.32, 
        "53": 17.27, 
        "52": -6.790000000000006, 
        "37": -16.04
    }, 
    "6": {
        "55": 33.58, 
        "54": -89.36, 
        "56": -12.46, 
        "51": -12.86, 
        "36": -6.3, 
        "53": 30.9, 
        "52": -10.75, 
        "37": -16.04
    }, 
    "7": {
        "55": 34.46, 
        "54": -104.48, 
        "56": -15.1, 
        "51": -9.689999999999998, 
        "36": -11.29, 
        "53": 39.96, 
        "52": -11.89, 
        "37": -16.04
    }, 
    "8": {
        "55": 34.16, 
        "54": -113.45, 
        "56": -19.79, 
        "51": -5.1200000000000045, 
        "36": -14.52, 
        "53": 47.16, 
        "52": -17.78, 
        "37": -16.04
    }, 
    "9": {
        "55": 33.87, 
        "54": -116.53, 
        "56": -19.79, 
        "51": -3.450000000000003, 
        "36": -15.1, 
        "53": 51.56, 
        "52": -22.260000000000005, 
        "37": -16.04
    }, 
    "10": {
        "55": 33.28, 
        "54": -116.35, 
        "56": -19.5, 
        "51": -4.239999999999995, 
        "36": -14.52, 
        "53": 49.89, 
        "52": -21.650000000000006, 
        "37": -16.04
    }, 
    "11": {
        "55": 35.34, 
        "54": -104.48, 
        "56": -17.74, 
        "51": -4.680000000000007, 
        "36": -13.34, 
        "53": 33.01, 
        "52": -17.689999999999998, 
        "37": -16.04
    }, 
    "12": {
        "55": 33.58, 
        "54": -90.59, 
        "56": -17.74, 
        "51": -4.239999999999995, 
        "36": -11.88, 
        "53": 15.78, 
        "52": -13.650000000000006, 
        "37": -16.04
    }, 
    "13": {
        "55": 30.94, 
        "54": -77.85, 
        "56": -17.74, 
        "51": -8.11, 
        "36": -8.06, 
        "53": 4.53, 
        "52": -11.89, 
        "37": -14.57
    }, 
    "14": {
        "55": 26.83, 
        "54": -67.82, 
        "56": -17.74, 
        "51": -8.11, 
        "36": -4.55, 
        "53": 1.36, 
        "52": -11.980000000000004, 
        "37": -12.52
    }, 
    "15": {
        "55": 8.94, 
        "54": -63.43, 
        "56": -17.16, 
        "51": -8.900000000000006, 
        "36": -2.49, 
        "53": 1.98, 
        "52": -12.420000000000002, 
        "37": -9.0
    }, 
    "16": {
        "45": 0.44, 
        "55": 1.03, 
        "54": -60.97, 
        "44": -50.59, 
        "56": -15.69, 
        "51": -9.519999999999996, 
        "43": 6.02, 
        "53": 2.24, 
        "52": -10.659999999999997, 
        "46": -1.03, 
        "36": 0.44, 
        "37": -3.719999999999999, 
        "41": -4.239999999999995, 
        "42": 4.590000000000003
    }, 
    "17": {
        "45": 0.44, 
        "55": -0.73, 
        "54": -61.05, 
        "44": -50.51, 
        "56": -17.45, 
        "51": -9.519999999999996, 
        "43": 5.93, 
        "53": 5.67, 
        "52": -9.689999999999998, 
        "46": -1.03, 
        "36": 1.03, 
        "37": 0.08999999999999986, 
        "41": -3.8900000000000006, 
        "42": 4.420000000000002
    }, 
    "18": {
        "45": 0.44, 
        "55": -0.73, 
        "54": -60.97, 
        "44": -50.51, 
        "56": -17.74, 
        "51": -8.900000000000006, 
        "43": 5.93, 
        "53": 6.55, 
        "52": -9.959999999999994, 
        "46": -1.03, 
        "36": 1.03, 
        "37": 2.4299999999999997, 
        "41": -3.6299999999999955, 
        "42": 4.420000000000002
    }, 
    "19": {
        "45": 0.44, 
        "55": -1.03, 
        "54": -60.79, 
        "44": -50.51, 
        "56": -18.04, 
        "51": -7.930000000000007, 
        "43": 5.85, 
        "53": 3.38, 
        "52": -9.340000000000003, 
        "46": -1.03, 
        "41": -3.450000000000003, 
        "42": 4.510000000000005
    }, 
    "20": {
        "45": 0.44, 
        "55": 0.15, 
        "54": -60.26, 
        "44": -51.65, 
        "56": -18.91, 
        "51": -8.370000000000005, 
        "43": 4.79, 
        "53": 3.03, 
        "52": -9.430000000000007, 
        "46": -1.03, 
        "41": -4.239999999999995, 
        "42": 5.1200000000000045
    }, 
    "21": {
        "45": 0.44, 
        "55": 1.61, 
        "54": -60.97, 
        "44": -56.57, 
        "56": -19.21, 
        "51": -8.64, 
        "43": 0.13, 
        "53": 0.66, 
        "52": -8.810000000000002, 
        "46": -0.15, 
        "41": -8.019999999999996, 
        "42": 5.3799999999999955
    }, 
    "22": {
        "45": 0.44, 
        "55": 3.08, 
        "54": -61.93, 
        "44": -62.9, 
        "56": -18.04, 
        "51": -8.810000000000002, 
        "43": -2.68, 
        "53": 2.33, 
        "52": -9.25, 
        "46": 0.15, 
        "41": -14.349999999999994, 
        "42": 0.6400000000000006
    }, 
    "23": {
        "45": 0.44, 
        "55": 3.37, 
        "54": -62.02, 
        "44": -74.51, 
        "56": -16.86, 
        "51": -9.340000000000003, 
        "43": -15.52, 
        "53": 3.91, 
        "52": -8.989999999999995, 
        "46": 0.73, 
        "41": -15.849999999999994, 
        "42": 1.519999999999996
    }, 
    "24": {
        "45": 0.44, 
        "55": 4.55, 
        "54": -62.02, 
        "44": -88.4, 
        "56": -8.94, 
        "51": -9.689999999999998, 
        "43": -33.8, 
        "53": 5.32, 
        "52": -8.989999999999995, 
        "46": 1.03, 
        "41": -14.620000000000005, 
        "42": 11.010000000000005
    }, 
    "25": {
        "45": 0.44, 
        "55": 6.6, 
        "54": -62.11, 
        "44": -110.11, 
        "56": -7.48, 
        "51": -10.129999999999995, 
        "43": -44.88, 
        "53": 7.25, 
        "52": -9.430000000000007, 
        "46": 1.61, 
        "41": -12.510000000000005, 
        "42": 17.870000000000005
    }, 
    "26": {
        "45": 3.08, 
        "55": 6.3, 
        "54": -62.02, 
        "44": -123.3, 
        "56": -7.48, 
        "51": -10.129999999999995, 
        "43": -44.62, 
        "53": 7.25, 
        "52": -9.689999999999998, 
        "46": 1.61, 
        "41": -8.459999999999994, 
        "42": 16.019999999999996
    }, 
    "nb_temps": 42, 
    "27": {
        "46": 3.08, 
        "44": -129.63, 
        "45": 12.46, 
        "42": 16.290000000000006, 
        "43": -41.45, 
        "41": -2.0400000000000063
    }, 
    "28": {
        "46": 15.98, 
        "44": -129.36, 
        "45": 12.17, 
        "42": 18.310000000000002, 
        "43": -39.78, 
        "41": 0.5900000000000034
    }, 
    "29": {
        "46": 29.18, 
        "44": -122.51, 
        "45": 9.82, 
        "42": 23.319999999999993,