{
    "speed": {
        "bras_droit": 0.2
    }, 
    "1": {
        "55": 0.73, 
        "54": -63.97, 
        "56": 0.15, 
        "51": -15.670000000000002, 
        "53": -1.89, 
        "52": -7.579999999999998
    }, 
    "2": {
        "55": 0.44, 
        "54": -65.05, 
        "56": 0.15, 
        "51": -16.11, 
        "53": -1.98, 
        "52": -9.519999999999996
    }, 
    "3": {
        "55": 0.44, 
        "54": -66.97, 
        "56": 0.15, 
        "51": -15.760000000000005, 
        "53": -1.8, 
        "52": -10.480000000000004
    }, 
    "4": {
        "55": 0.44, 
        "54": -67.49, 
        "56": 0.15, 
        "51": -15.489999999999995, 
        "53": -1.8, 
        "52": -10.310000000000002
    }, 
    "5": {
        "55": 0.44, 
        "54": -68.08, 
        "56": 0.15, 
        "51": -15.14, 
        "53": -1.63, 
        "52": -10.310000000000002
    }, 
    "6": {
        "55": 0.44, 
        "54": -69.42, 
        "56": 0.15, 
        "51": -15.14, 
        "53": -1.71, 
        "52": -10.920000000000002
    }, 
    "7": {
        "55": 0.15, 
        "54": -59.51, 
        "56": 0.15, 
        "51": -15.930000000000007, 
        "53": -2.95, 
        "52": -12.420000000000002
    }, 
    "8": {
        "55": -1.91, 
        "54": -71.34, 
        "56": 0.15, 
        "51": -19.269999999999996, 
        "53": -6.73, 
        "52": -17.599999999999994
    }, 
    "9": {
        "55": -10.41, 
        "54": -81.71, 
        "56": 0.15, 
        "51": -32.11, 
        "53": -10.59, 
        "52": -20.590000000000003
    }, 
    "10": {
        "55": -13.93, 
        "54": -88.13, 
        "56": 0.15, 
        "51": -38.7, 
        "53": -20.09, 
        "52": -23.67
    }, 
    "11": {
        "55": -13.93, 
        "54": -88.31, 
        "56": 0.15, 
        "51": -45.21, 
        "53": -41.8, 
        "52": -35.98
    }, 
    "12": {
        "55": -13.93, 
        "54": -82.59, 
        "56": 0.15, 
        "51": -51.8, 
        "53": -48.57, 
        "52": -50.48
    }, 
    "13": {
        "55": -14.22, 
        "54": -79.08, 
        "56": 0.15, 
        "51": -52.33, 
        "53": -51.3, 
        "52": -65.52
    }, 
    "14": {
        "55": -13.93, 
        "54": -79.6, 
        "56": 0.15, 
        "51": -51.98, 
        "53": -50.15, 
        "52": -74.57
    }, 
    "15": {
        "55": -13.64, 
        "54": -84.97, 
        "56": -0.15, 
        "51": -55.14, 
        "53": -45.23, 
        "52": -80.46000000000001
    }, 
    "16": {
        "55": -13.05, 
        "54": -93.85, 
        "56": 0.15, 
        "51": -60.769999999999996, 
        "53": -41.19, 
        "52": -79.93
    }, 
    "17": {
        "55": -13.05, 
        "54": -110.02, 
        "56": 0.15, 
        "51": -60.59, 
        "53": -31.25, 
        "52": -80.02
    }, 
    "18": {
        "55": -13.64, 
        "54": -118.73, 
        "56": 0.15, 
        "51": -61.120000000000005, 
        "53": -26.42, 
        "52": -80.02
    }, 
    "19": {
        "55": -13.64, 
        "54": -103.6, 
        "56": 0.15, 
        "51": -62.260000000000005, 
        "53": -31.34, 
        "52": -78.0
    }, 
    "20": {
        "55": -13.34, 
        "54": -82.51, 
        "56": 0.15, 
        "51": -60.510000000000005, 
        "53": -35.82, 
        "52": -77.65
    }, 
    "21": {
        "55": -13.05, 
        "54": -69.85, 
        "56": -0.15, 
        "51": -58.66, 
        "53": -37.32, 
        "52": -76.15
    }, 
    "22": {
        "55": -6.01, 
        "54": -70.55, 
        "56": 0.15, 
        "51": -56.99, 
        "53": -37.05, 
        "52": -68.95
    }, 
    "23": {
        "55": 13.93, 
        "54": -75.82, 
        "56": -0.15, 
        "51": -53.47, 
        "53": -33.63, 
        "52": -68.68
    }, 
    "24": {
        "55": 15.69, 
        "54": -86.37, 
        "56": -2.2, 
        "51": -53.82, 
        "53": -31.52, 
        "52": -67.89
    }, 
    "25": {
        "55": 32.99, 
        "54": -92.62, 
        "56": -7.77, 
        "51": -53.47, 
        "53": -30.9, 
        "52": -66.4
    }, 
    "26": {
        "55": 44.13, 
        "54": -98.86, 
        "56": -8.94, 
        "51": -52.07, 
        "53": -20.79, 
        "52": -65.08
    }, 
    "27": {
        "55": 42.67, 
        "54": -100.26, 
        "56": -8.94, 
        "51": -52.24, 
        "53": -5.41, 
        "52": -48.64
    }, 
    "28": {
        "55": 41.2, 
        "54": -99.74, 
        "56": -8.94, 
        "51": -54.26, 
        "53": 6.37, 
        "52": -30.619999999999997
    }, 
    "29": {
        "55": 36.8, 
        "54": -94.9, 
        "56": -8.94, 
        "51": -51.8, 
        "53": 20.26, 
        "52": -12.950000000000003
    }, 
    "30": {
        "55": 29.18, 
        "54": -92.26, 
        "56": -25.66, 
        "51": -46.79, 
        "53": 26.86, 
        "52": -3.1899999999999977
    }, 
    "31": {
        "55": 24.78, 
        "54": -93.32, 
        "56": -37.68, 
        "51": -40.9, 
        "53": 39.87, 
        "52": 5.959999999999994
    }, 
    "32": {
        "55": 25.07, 
        "54": -93.41, 
        "56": -42.96, 
        "51": -39.85, 
        "53": 48.31, 
        "52": 6.400000000000006
    }, 
    "33": {
        "55": 25.37, 
        "54": -93.76, 
        "56": -42.96, 
        "51": -41.08, 
        "53": 49.89, 
        "52": 6.840000000000003
    }, 
    "34": {
        "55": 24.78, 
        "54": -92.26, 
        "56": -38.27, 
        "51": -37.3, 
        "53": 32.57, 
        "52": 10.530000000000001
    }, 
    "35": {
        "55": 25.66, 
        "54": -89.1, 
        "56": -15.4, 
        "51": -39.05, 
        "53": 23.87, 
        "52": 7.709999999999994
    }, 
    "36": {
        "55": 37.68, 
        "54": -83.3, 
        "56": -9.82, 
        "51": -37.56, 
        "53": 15.43, 
        "52": 2.4399999999999977
    }, 
    "37": {
        "55": 39.15, 
        "54": -80.57, 
        "56": -9.82, 
        "51": -34.22, 
        "53": -1.27, 
        "52": -2.219999999999999
    }, 
    "38": {
        "55": 39.74, 
        "54": -66.95, 
        "56": -9.53, 
        "51": -28.07, 
        "53": 2.59, 
        "52": -11.450000000000003
    }, 
    "39": {
        "55": 38.86, 
        "54": -62.99, 
        "56": -8.36, 
        "51": -22.700000000000003, 
        "53": 10.07, 
        "52": -18.659999999999997
    }, 
    "40": {
        "55": 28.01, 
        "54": -63.52, 
        "56": -3.96, 
        "51": -17.340000000000003, 
        "53": 9.19, 
        "52": -18.310000000000002
    }, 
    "41": {
        "55": 16.86, 
        "54": -67.82, 
        "56": 5.72, 
        "51": -10.569999999999993, 
        "53": 5.23, 
        "52": -17.25
    }, 
    "42": {
        "55": 6.3, 
        "54": -72.4, 
        "56": 10.41, 
        "51": -2.3100000000000023, 
        "53": 5.41, 
        "52": -18.129999999999995
    }, 
    "43": {
        "55": 4.55, 
        "54": -72.84, 
        "56": 10.12, 
        "51": 0.5100000000000051, 
        "53": 3.82, 
        "52": -16.810000000000002
    }, 
    "44": {
        "55": 5.13, 
        "54": -71.34, 
        "56": 8.06, 
        "51": 0.23999999999999488, 
        "53": 1.01, 
        "52": -14.790000000000006
    }, 
    "nb_temps": 44
}
