{
    "speed": {
        "bras_gauche": 0.2
    }, 
    "1": {
        "46": -0.73, 
        "44": -51.65, 
        "45": 0.15, 
        "42": 6.349999999999994, 
        "43": 5.85, 
        "41": -4.859999999999999
    }, 
    "2": {
        "46": -0.73, 
        "44": -51.65, 
        "45": 0.44, 
        "42": 6.180000000000007, 
        "43": 5.85, 
        "41": -5.299999999999997
    }, 
    "3": {
        "46": -0.73, 
        "44": -51.65, 
        "45": 0.44, 
        "42": 5.909999999999997, 
        "43": 5.85, 
        "41": -6.530000000000001
    }, 
    "4": {
        "46": -0.73, 
        "44": -51.65, 
        "45": 0.44, 
        "42": 5.3799999999999955, 
        "43": 5.85, 
        "41": -7.319999999999993
    }, 
    "5": {
        "46": -0.73, 
        "44": -60.53, 
        "45": 0.15, 
        "42": 6.349999999999994, 
        "43": 7.78, 
        "41": -7.489999999999995
    }, 
    "6": {
        "46": -0.73, 
        "44": -76.79, 
        "45": 0.15, 
        "42": 6.790000000000006, 
        "43": 12.53, 
        "41": -12.150000000000006
    }, 
    "7": {
        "46": -0.73, 
        "44": -99.21, 
        "45": -0.15, 
        "42": 9.519999999999996, 
        "43": 15.43, 
        "41": -18.310000000000002
    }, 
    "8": {
        "46": -0.73, 
        "44": -107.38, 
        "45": -0.15, 
        "42": 16.730000000000004, 
        "43": 17.54, 
        "41": -28.15
    }, 
    "9": {
        "46": -0.73, 
        "44": -110.2, 
        "45": -0.44, 
        "42": 27.71, 
        "43": 28.88, 
        "41": -38.44
    }, 
    "10": {
        "46": -0.73, 
        "44": -109.67, 
        "45": -0.73, 
        "42": 34.84, 
        "43": 45.05, 
        "41": -46.18
    }, 
    "11": {
        "46": -1.32, 
        "44": -112.13, 
        "45": -0.44, 
        "42": 45.38, 
        "43": 60.26, 
        "41": -47.32
    }, 
    "12": {
        "46": -7.18, 
        "44": -108.97, 
        "45": 1.03, 
        "42": 49.78, 
        "43": 76.7, 
        "41": -44.95
    }, 
    "13": {
        "46": -9.24, 
        "44": -107.47, 
        "45": -0.73, 
        "42": 47.32, 
        "43": 76.26, 
        "41": -37.38
    }, 
    "14": {
        "46": -30.06, 
        "44": -106.68, 
        "45": -0.15, 
        "42": 46.09, 
        "43": 63.25, 
        "41": -38.62
    }, 
    "15": {
        "46": -63.49, 
        "44": -107.3, 
        "45": -0.73, 
        "42": 40.11, 
        "43": 47.16, 
        "41": -37.03
    }, 
    "16": {
        "46": -64.08, 
        "44": -110.55, 
        "45": -1.32, 
        "42": 36.07, 
        "43": 24.22, 
        "41": -35.89
    }, 
    "17": {
        "46": -38.86, 
        "44": -110.2, 
        "45": -1.32, 
        "42": 36.86, 
        "43": 11.12, 
        "41": -36.33
    }, 
    "18": {
        "46": 5.13, 
        "44": -110.46, 
        "45": -2.2, 
        "42": 35.45, 
        "43": 12.97, 
        "41": -34.84
    }, 
    "19": {
        "46": 24.19, 
        "44": -112.31, 
        "45": -2.2, 
        "42": 23.67, 
        "43": 10.86, 
        "41": -29.560000000000002
    }, 
    "20": {
        "46": 25.95, 
        "44": -110.37, 
        "45": -2.2, 
        "42": 12.950000000000003, 
        "43": 11.47, 
        "41": -20.42
    }, 
    "21": {
        "46": 23.02, 
        "44": -109.58, 
        "45": 1.32, 
        "42": 6.6200000000000045, 
        "43": 18.42, 
        "41": -22.97
    }, 
    "22": {
        "46": 9.82, 
        "44": -111.87, 
        "45": 7.18, 
        "42": 0.730000000000004, 
        "43": 33.19, 
        "41": -26.840000000000003
    }, 
    "23": {
        "46": -13.64, 
        "44": -113.63, 
        "45": 6.6, 
        "42": 0.37000000000000455, 
        "43": 41.36, 
        "41": -27.009999999999998
    }, 
    "24": {
        "46": -27.13, 
        "44": -113.89, 
        "45": 6.89, 
        "42": 2.3100000000000023, 
        "43": 42.59, 
        "41": -25.959999999999994
    }, 
    "25": {
        "46": -14.52, 
        "44": -110.9, 
        "45": 5.72, 
        "42": 8.989999999999995, 
        "43": 33.54, 
        "41": -20.950000000000003
    }, 
    "26": {
        "46": 2.2, 
        "44": -106.07, 
        "45": 5.72, 
        "42": 13.030000000000001, 
        "43": 26.68, 
        "41": -16.810000000000002
    }, 
    "27": {
        "46": 2.79, 
        "44": -102.99, 
        "45": 5.13, 
        "42": 12.069999999999993, 
        "43": 16.4, 
        "41": -12.769999999999996
    }, 
    "28": {
        "46": 2.79, 
        "44": -98.07, 
        "45": 5.43, 
        "42": 11.709999999999994, 
        "43": 9.19, 
        "41": -6.790000000000006
    }, 
    "29": {
        "46": 2.79, 
        "44": -89.8, 
        "45": 6.01, 
        "42": 9.159999999999997, 
        "43": 4.79, 
        "41": -1.7800000000000011
    }, 
    "30": {
        "46": 2.79, 
        "44": -76.79, 
        "45": 7.48, 
        "42": 3.980000000000004, 
        "43": 6.9, 
        "41": -0.730000000000004
    }, 
    "31": {
        "46": 2.79, 
        "44": -65.19, 
        "45": 7.77, 
        "42": 3.799999999999997, 
        "43": 7.16, 
        "41": -2.8400000000000034
    }, 
    "32": {
        "46": 2.79, 
        "44": -57.63, 
        "45": 7.77, 
        "42": 4.859999999999999, 
        "43": 6.37, 
        "41": -5.739999999999995
    }, 
    "33": {
        "46": 2.49, 
        "44": -57.89, 
        "45": 7.77, 
        "42": 6.260000000000005, 
        "43": 2.59, 
        "41": -5.209999999999994
    }, 
    "34": {
        "46": 2.49, 
        "44": -61.14, 
        "45": 7.77, 
        "42": 6.530000000000001, 
        "43": -0.22, 
        "41": -2.8400000000000034
    }, 
    "nb_temps": 34
}