{
    "speed": {
        "bras_droit": 0.2
    }, 
    "1": {
        "54": 0.66, 
        "51": -11.980000000000004, 
        "53": -4.97, 
        "52": -5.739999999999995
    }, 
    "2": {
        "54": 0.66, 
        "51": -11.799999999999997, 
        "53": -4.97, 
        "52": -5.739999999999995
    }, 
    "3": {
        "54": 0.66, 
        "51": -11.629999999999995, 
        "53": -4.97, 
        "52": -4.859999999999999
    }, 
    "4": {
        "54": 0.66, 
        "51": -11.540000000000006, 
        "53": -5.05, 
        "52": -4.950000000000003
    }, 
    "5": {
        "54": 0.66, 
        "51": -15.930000000000007, 
        "53": -4.97, 
        "52": -6.700000000000003
    }, 
    "6": {
        "54": 0.57, 
        "51": -34.4, 
        "53": -5.14, 
        "52": -14.260000000000005
    }, 
    "7": {
        "54": 1.1, 
        "51": -57.43, 
        "53": -5.14, 
        "52": -26.840000000000003
    }, 
    "8": {
        "54": 1.1, 
        "51": -79.58, 
        "53": -5.85, 
        "52": -32.9
    }, 
    "9": {
        "54": 1.1, 
        "51": -104.46000000000001, 
        "53": -5.58, 
        "52": -37.91
    }, 
    "10": {
        "54": 1.19, 
        "51": -133.74, 
        "53": -4.18, 
        "52": -37.74
    }, 
    "11": {
        "54": 1.1, 
        "51": -160.81, 
        "53": -4.26, 
        "52": -36.07
    }, 
    "12": {
        "54": 1.19, 
        "51": -179.70999999999998, 
        "53": 9.27, 
        "52": -28.15
    }, 
    "13": {
        "54": 1.19, 
        "51": -192.55, 
        "53": 41.63, 
        "52": -14.0
    }, 
    "14": {
        "54": 0.48, 
        "51": -195.54000000000002, 
        "53": 73.63, 
        "52": -3.5400000000000063
    }, 
    "15": {
        "54": -10.33, 
        "51": -195.19, 
        "53": 95.52, 
        "52": -4.239999999999995
    }, 
    "16": {
        "54": -22.55, 
        "51": -194.04000000000002, 
        "53": 89.54, 
        "52": -14.260000000000005
    }, 
    "17": {
        "54": -28.97, 
        "51": -194.04000000000002, 
        "53": 88.84, 
        "52": -22.53
    }, 
    "18": {
        "54": -29.67, 
        "51": -192.9, 
        "53": 89.54, 
        "52": -22.879999999999995
    }, 
    "19": {
        "54": -30.02, 
        "51": -191.57999999999998, 
        "53": 85.67, 
        "52": -22.97
    }, 
    "nb_temps": 19
}