{
    "11": {
        "44": 1.1, 
        "42": 36.07, 
        "43": 4.26, 
        "41": -160.81
    }, 
    "10": {
        "44": 1.19, 
        "42": 37.74, 
        "43": 4.18, 
        "41": -133.74
    }, 
    "13": {
        "44": 1.19, 
        "42": 14.0, 
        "43": -41.63, 
        "41": -192.55
    }, 
    "12": {
        "44": 1.19, 
        "42": 28.15, 
        "43": -9.27, 
        "41": -179.70999999999998
    }, 
    "15": {
        "44": -10.33, 
        "42": 4.239999999999995, 
        "43": -95.52, 
        "41": -195.19
    }, 
    "14": {
        "44": 0.48, 
        "42": 3.5400000000000063, 
        "43": -73.63, 
        "41": -195.54000000000002
    }, 
    "17": {
        "44": -28.97, 
        "42": 22.53, 
        "43": -88.84, 
        "41": -194.04000000000002
    }, 
    "16": {
        "44": -22.55, 
        "42": 14.260000000000005, 
        "43": -89.54, 
        "41": -194.04000000000002
    }, 
    "19": {
        "44": -30.02, 
        "42": 22.97, 
        "43": -85.67, 
        "41": -191.57999999999998
    }, 
    "18": {
        "44": -29.67, 
        "42": 22.879999999999995, 
        "43": -89.54, 
        "41": -192.9
    }, 
    "1": {
        "44": 0.66, 
        "42": 5.739999999999995, 
        "43": 4.97, 
        "41": -11.980000000000004
    }, 
    "3": {
        "44": 0.66, 
        "42": 4.859999999999999, 
        "43": 4.97, 
        "41": -11.629999999999995
    }, 
    "2": {
        "44": 0.66, 
        "42": 5.739999999999995, 
        "43": 4.97, 
        "41": -11.799999999999997
    }, 
    "5": {
        "44": 0.66, 
        "42": 6.700000000000003, 
        "43": 4.97, 
        "41": -15.930000000000007
    }, 
    "4": {
        "44": 0.66, 
        "42": 4.950000000000003, 
        "43": 5.05, 
        "41": -11.540000000000006
    }, 
    "7": {
        "44": 1.1, 
        "42": 26.840000000000003, 
        "43": 5.14, 
        "41": -57.43
    }, 
    "6": {
        "44": 0.57, 
        "42": 14.260000000000005, 
        "43": 5.14, 
        "41": -34.4
    }, 
    "9": {
        "44": 1.1, 
        "42": 37.91, 
        "43": 5.58, 
        "41": -104.46000000000001
    }, 
    "8": {
        "44": 1.1, 
        "42": 32.9, 
        "43": 5.85, 
        "41": -79.58
    }, 
    "nb_temps": 19, 
    "speed": {
        "bras_gauche": 0.2
    }
}