{
    "speed": {
        "bras_gauche": 0.2, 
        "bras_droit": 0.2
    }, 
    "1": {
        "54": -0.4, 
        "44": 0.04, 
        "42": -0.15000000000000568, 
        "51": 0.5900000000000034, 
        "43": 1.01, 
        "53": -16.13, 
        "41": -0.20000000000000284, 
        "52": -2.0400000000000063
    }, 
    "2": {
        "54": -0.4, 
        "44": 0.04, 
        "42": -0.15000000000000568, 
        "51": -0.01999999999999602, 
        "43": 1.01, 
        "53": -16.13, 
        "41": -0.20000000000000284, 
        "52": -3.980000000000004
    }, 
    "3": {
        "54": -0.31, 
        "44": -0.22, 
        "42": 1.8700000000000045, 
        "51": -5.909999999999997, 
        "43": 1.19, 
        "53": -16.22, 
        "41": -2.219999999999999, 
        "52": -8.11
    }, 
    "4": {
        "54": 0.4, 
        "44": -7.69, 
        "42": 7.670000000000002, 
        "51": -17.08, 
        "43": 1.36, 
        "53": -16.84, 
        "41": -8.200000000000003, 
        "52": -12.950000000000003
    }, 
    "5": {
        "54": 1.1, 
        "44": -18.07, 
        "42": 14.439999999999998, 
        "51": -32.37, 
        "43": 0.75, 
        "53": -16.84, 
        "41": -19.629999999999995, 
        "52": -14.349999999999994
    }, 
    "6": {
        "54": 1.01, 
        "44": -24.31, 
        "42": 21.120000000000005, 
        "51": -46.35, 
        "43": 0.31, 
        "53": -16.31, 
        "41": -36.24, 
        "52": -17.08
    }, 
    "7": {
        "54": -3.12, 
        "44": -29.85, 
        "42": 25.599999999999994, 
        "51": -60.68, 
        "43": 0.75, 
        "53": -16.22, 
        "41": -53.38, 
        "52": -20.86
    }, 
    "8": {
        "54": -9.63, 
        "44": -30.9, 
        "42": 25.689999999999998, 
        "51": -66.22, 
        "43": 0.48, 
        "53": -15.16, 
        "41": -69.21000000000001, 
        "52": -22.0
    }, 
    "9": {
        "54": -29.76, 
        "44": -30.9, 
        "42": 23.849999999999994, 
        "51": -66.22, 
        "43": -1.98, 
        "53": -16.4, 
        "41": -80.64, 
        "52": -23.849999999999994
    }, 
    "10": {
        "54": -51.12, 
        "44": -36.18, 
        "42": 26.479999999999997, 
        "51": -66.48, 
        "43": -4.53, 
        "53": -16.22, 
        "41": -92.15, 
        "52": -30.53
    }, 
    "11": {
        "54": -74.59, 
        "44": -42.95, 
        "42": 27.270000000000003, 
        "51": -66.13, 
        "43": -1.1, 
        "53": -15.78, 
        "41": -101.21000000000001, 
        "52": -33.16
    }, 
    "12": {
        "54": -86.55, 
        "44": -50.24, 
        "42": 30.090000000000003, 
        "51": -68.59, 
        "43": -1.63, 
        "53": -14.02, 
        "41": -109.03, 
        "52": -31.409999999999997
    }, 
    "13": {
        "54": -84.88, 
        "44": -58.33, 
        "42": 30.35, 
        "51": -77.82, 
        "43": -8.13, 
        "53": -11.56, 
        "41": -119.41, 
        "52": -24.290000000000006
    }, 
    "14": {
        "54": -81.71, 
        "44": -73.98, 
        "42": 35.01, 
        "51": -87.49, 
        "43": -15.34, 
        "53": -10.68, 
        "41": -123.71000000000001, 
        "52": -32.37
    }, 
    "15": {
        "54": -73.27, 
        "44": -84.18, 
        "42": 40.64, 
        "51": -106.84, 
        "43": -22.2, 
        "53": 0.13, 
        "41": -127.32, 
        "52": -40.64
    }, 
    "16": {
        "54": -62.73, 
        "44": -82.77, 
        "42": 53.21, 
        "51": -128.37, 
        "43": -28.88, 
        "53": 14.99, 
        "41": -127.14, 
        "52": -41.34
    }, 
    "17": {
        "54": -66.95, 
        "44": -80.48, 
        "42": 70.35, 
        "51": -136.64, 
        "43": -35.21, 
        "53": 22.46, 
        "41": -127.85, 
        "52": -46.88
    }, 
    "18": {
        "54": -90.15, 
        "44": -74.86, 
        "42": 75.63, 
        "51": -126.88, 
        "43": -36.35, 
        "53": 26.68, 
        "41": -133.47, 
        "52": -65.08
    }, 
    "19": {
        "54": -94.55, 
        "44": -71.08, 
        "42": 67.45, 
        "51": -116.15, 
        "43": -43.38, 
        "53": 26.51, 
        "41": -145.87, 
        "52": -79.14
    }, 
    "20": {
        "54": -95.43, 
        "44": -65.54, 
        "42": 60.68, 
        "51": -110.62, 
        "43": -66.42, 
        "53": 25.71, 
        "41": -167.32, 
        "52": -86.18
    }, 
    "21": {
        "54": -97.45, 
        "44": -61.41, 
        "42": 53.91, 
        "51": -110.26, 
        "43": -76.0, 
        "53": 23.87, 
        "41": -174.7, 
        "52": -89.16
    }, 
    "22": {
        "54": -97.1, 
        "44": -61.23, 
        "42": 53.82, 
        "51": -108.59, 
        "43": -78.81, 
        "53": 23.87, 
        "41": -174.44, 
        "52": -89.16
    }, 
    "23": {
        "54": -96.92, 
        "44": -62.2, 
        "42": 63.760000000000005, 
        "51": -108.42, 
        "43": -78.73, 
        "53": 23.87, 
        "41": -169.87, 
        "52": -89.16
    }, 
    "24": {
        "54": -96.66, 
        "44": -71.16, 
        "42": 73.87, 
        "51": -108.33, 
        "43": -78.2, 
        "53": 23.87, 
        "41": -166.0, 
        "52": -89.08
    }, 
    "25": {
        "54": -96.57, 
        "44": -73.36, 
        "42": 79.85, 
        "51": -108.51, 
        "43": -77.93, 
        "53": 23.87, 
        "41": -159.32, 
        "52": -89.08
    }, 
    "26": {
        "44": -74.77, 
        "42": 80.81, 
        "43": -73.45, 
        "41": -156.51
    }, 
    "27": {
        "44": -74.86, 
        "42": 81.52, 
        "43": -69.41, 
        "41": -152.73
    }, 
    "28": {
        "44": -74.86, 
        "42": 81.6, 
        "43": -66.07, 
        "41": -149.91
    }, 
    "29": {
        "44": -74.95, 
        "42": 81.87, 
        "43": -64.04, 
        "41": -148.07
    }, 
    "30": {
        "44": -75.12, 
        "42": 81.96000000000001, 
        "43": -63.08, 
        "41": -147.27
    }, 
    "nb_temps": 30
}