{
    "speed": {
        "tete": 0.2
    }, 
    "1": {
        "37": -21.03, 
        "36": 1.61
    }, 
    "2": {
        "37": -21.03, 
        "36": 2.2
    }, 
    "3": {
        "37": -21.03, 
        "36": 2.2
    }, 
    "4": {
        "37": -21.03, 
        "36": 1.03
    }, 
    "5": {
        "37": -18.68, 
        "36": 0.73
    }, 
    "6": {
        "37": -14.870000000000001, 
        "36": 0.73
    }, 
    "7": {
        "37": -9.0, 
        "36": -0.15
    }, 
    "8": {
        "37": -3.4299999999999997, 
        "36": -0.15
    }, 
    "9": {
        "37": 1.5500000000000007, 
        "36": -0.44
    }, 
    "10": {
        "37": 6.539999999999999, 
        "36": -1.03
    }, 
    "11": {
        "37": 10.940000000000001, 
        "36": -1.32
    }, 
    "12": {
        "37": 14.159999999999997, 
        "36": -1.32
    }, 
    "nb_temps": 12
}