{
    "speed": {
        "bras_gauche": 0.2, 
        "tete": 0.2, 
        "bras_droit": 0.2
    }, 
    "1": {
        "42": 8.900000000000006, 
        "44": -0.48, 
        "51": -6.0, 
        "43": 0.04, 
        "53": 12.35, 
        "52": -7.670000000000002, 
        "36": 1.61, 
        "37": -21.03, 
        "54": -5.76, 
        "41": -16.11
    }, 
    "2": {
        "42": 8.11, 
        "44": -0.48, 
        "51": -8.019999999999996, 
        "43": 0.04, 
        "53": 12.26, 
        "52": -7.579999999999998, 
        "36": 2.2, 
        "37": -21.03, 
        "54": -5.76, 
        "41": -16.11
    }, 
    "3": {
        "42": 4.329999999999998, 
        "44": -0.48, 
        "51": -13.120000000000005, 
        "43": 0.04, 
        "53": 12.26, 
        "52": -5.909999999999997, 
        "36": 2.2, 
        "37": -21.03, 
        "54": -5.76, 
        "41": -16.11
    }, 
    "4": {
        "42": 0.5499999999999972, 
        "44": -0.48, 
        "51": -15.579999999999998, 
        "43": 0.04, 
        "53": 12.26, 
        "52": -3.799999999999997, 
        "36": 1.03, 
        "37": -21.03, 
        "54": -5.76, 
        "41": -16.11
    }, 
    "5": {
        "42": 0.29000000000000625, 
        "44": -0.48, 
        "51": -16.64, 
        "43": 0.13, 
        "53": 12.18, 
        "52": -2.8400000000000034, 
        "36": 0.73, 
        "37": -18.68, 
        "54": -5.76, 
        "41": -14.879999999999995
    }, 
    "6": {
        "42": 8.290000000000006, 
        "44": -0.57, 
        "51": -18.569999999999993, 
        "43": -0.13, 
        "53": 12.53, 
        "52": -6.349999999999994, 
        "36": 0.73, 
        "37": -14.870000000000001, 
        "54": -6.46, 
        "41": -20.86
    }, 
    "7": {
        "42": 12.950000000000003, 
        "44": -0.84, 
        "51": -24.900000000000006, 
        "43": -3.47, 
        "53": 13.49, 
        "52": -11.629999999999995, 
        "36": -0.15, 
        "37": -9.0, 
        "54": -11.47, 
        "41": -32.99
    }, 
    "8": {
        "42": 13.030000000000001, 
        "44": -1.1, 
        "51": -33.16, 
        "43": -18.59, 
        "53": 19.74, 
        "52": -17.689999999999998, 
        "36": -0.15, 
        "37": -3.4299999999999997, 
        "54": -17.27, 
        "41": -44.68
    }, 
    "9": {
        "42": 8.459999999999994, 
        "44": -3.65, 
        "51": -44.07, 
        "43": -51.12, 
        "53": 22.99, 
        "52": -22.180000000000007, 
        "36": -0.44, 
        "37": 1.5500000000000007, 
        "54": -20.18, 
        "41": -49.34
    }, 
    "10": {
        "42": 4.590000000000003, 
        "44": -9.36, 
        "51": -55.05, 
        "43": -84.09, 
        "53": 23.78, 
        "52": -23.489999999999995, 
        "36": -1.03, 
        "37": 6.539999999999999, 
        "54": -18.95, 
        "41": -53.65
    }, 
    "11": {
        "42": -1.9099999999999966, 
        "44": -17.8, 
        "51": -71.23, 
        "43": -98.42, 
        "53": 24.31, 
        "52": -26.659999999999997, 
        "36": -1.32, 
        "37": 10.940000000000001, 
        "54": -16.4, 
        "41": -56.73
    }, 
    "12": {
        "42": -4.3700000000000045, 
        "44": -31.08, 
        "51": -90.92, 
        "43": -103.08, 
        "53": 35.12, 
        "52": -16.730000000000004, 
        "36": -1.32, 
        "37": 14.159999999999997, 
        "54": -8.84, 
        "41": -67.27
    }, 
    "13": {
        "42": -0.8599999999999994, 
        "44": -37.93, 
        "51": -100.51, 
        "43": -103.16, 
        "53": 56.84, 
        "52": -4.680000000000007, 
        "54": -7.78, 
        "41": -69.82
    }, 
    "14": {
        "42": 7.579999999999998, 
        "44": -54.02, 
        "51": -104.11, 
        "43": -102.02, 
        "53": 73.54, 
        "52": 3.1400000000000006, 
        "54": -8.4, 
        "41": -75.89
    }, 
    "15": {
        "42": 17.959999999999994, 
        "44": -61.93, 
        "51": -101.65, 
        "43": -100.62, 
        "53": 88.31, 
        "52": 11.14, 
        "54": -24.75, 
        "41": -76.59
    }, 
    "16": {
        "42": 20.86, 
        "44": -61.85, 
        "51": -99.53999999999999, 
        "43": -100.62, 
        "53": 92.53, 
        "52": 8.950000000000003, 
        "54": -44.7, 
        "41": -74.66
    }, 
    "17": {
        "42": 19.799999999999997, 
        "44": -61.93, 
        "51": -94.7, 
        "43": -100.53, 
        "53": 89.89, 
        "52": -6.530000000000001, 
        "54": -80.22, 
        "41": -73.69
    }, 
    "18": {
        "42": 16.810000000000002, 
        "44": -61.93, 
        "51": -88.64, 
        "43": -100.53, 
        "53": 90.68, 
        "52": -14.879999999999995, 
        "54": -89.54, 
        "41": -75.45
    }, 
    "19": {
        "42": 15.579999999999998, 
        "44": -62.2, 
        "51": -91.89, 
        "43": -100.53, 
        "53": 103.34, 
        "52": -14.260000000000005, 
        "54": -86.37, 
        "41": -75.45
    }, 
    "20": {
        "42": 15.489999999999995, 
        "44": -62.02, 
        "51": -93.12, 
        "43": -100.53, 
        "53": 106.15, 
        "52": -13.560000000000002, 
        "54": -85.58, 
        "41": -75.19
    }, 
    "21": {
        "42": 15.049999999999997, 
        "44": -62.02, 
        "51": -87.85, 
        "43": -100.53, 
        "53": 90.59, 
        "52": -13.379999999999995, 
        "54": -86.2, 
        "41": -75.01
    }, 
    "22": {
        "42": 14.180000000000007, 
        "44": -62.02, 
        "51": -90.04, 
        "43": -100.53, 
        "53": 102.55, 
        "52": -12.950000000000003, 
        "54": -85.67, 
        "41": -75.36
    }, 
    "23": {
        "42": 14.090000000000003, 
        "44": -61.58, 
        "51": -93.38, 
        "43": -100.44, 
        "53": 105.54, 
        "52": -12.590000000000003, 
        "54": -84.53, 
        "41": -75.01
    }, 
    "24": {
        "42": 14.0, 
        "44": -61.58, 
        "51": -87.67, 
        "43": -100.44, 
        "53": 81.63, 
        "52": -12.769999999999996, 
        "54": -84.88, 
        "41": -74.48
    }, 
    "25": {
        "42": 13.469999999999999, 
        "44": -61.58, 
        "51": -86.26, 
        "43": -100.44, 
        "53": 86.81, 
        "52": -13.120000000000005, 
        "54": -85.32, 
        "41": -74.92
    }, 
    "26": {
        "42": 13.560000000000002, 
        "44": -61.58, 
        "51": -92.86, 
        "43": -100.44, 
        "53": 105.71, 
        "52": -13.909999999999997, 
        "54": -84.88, 
        "41": -75.1
    }, 
    "27": {
        "42": 13.560000000000002, 
        "44": -61.58, 
        "51": -94.0, 
        "43": -100.44, 
        "53": 107.65, 
        "52": -13.819999999999993, 
        "54": -84.97, 
        "41": -75.1
    }, 
    "28": {
        "42": 13.379999999999995, 
        "44": -61.49, 
        "51": -94.62, 
        "43": -100.35, 
        "53": 103.08, 
        "52": -14.349999999999994, 
        "54": -84.97, 
        "41": -74.66
    }, 
    "29": {
        "42": 12.950000000000003, 
        "44": -61.49, 
        "51": -89.25, 
        "43": -100.35, 
        "53": 80.57, 
        "52": -18.129999999999995, 
        "54": -84.18, 
        "41": -73.6
    }, 
    "30": {
        "42": 15.319999999999993, 
        "44": -59.3, 
        "51": -82.75, 
        "43": -100.26, 
        "53": 72.13, 
        "52": -25.340000000000003, 
        "54": -81.98, 
        "41": -71.76
    }, 
    "31": {
        "42": 20.769999999999996, 
        "44": -48.31, 
        "51": -75.36, 
        "43": -100.26, 
        "53": 71.16, 
        "52": -31.14, 
        "54": -71.69, 
        "41": -67.63
    }, 
    "32": {
        "42": 23.58, 
        "44": -32.13, 
        "51": -66.66, 
        "43": -100.18, 
        "53": 62.46, 
        "52": -31.049999999999997, 
        "54": -60.7, 
        "41": -61.739999999999995
    }, 
    "33": {
        "42": 22.0, 
        "44": -12.62, 
        "51": -47.67,