{
    "speed": {
        "bras_gauche": 0.2, 
        "bras_droit": 0.2
    }, 
    "1": {
        "42": 4.950000000000003, 
        "44": 0.57, 
        "51": 1.2099999999999937, 
        "43": 4.44, 
        "53": -4.62, 
        "52": -4.769999999999996, 
        "54": 1.27, 
        "41": 7.6299999999999955
    }, 
    "2": {
        "42": 5.1200000000000045, 
        "44": 1.63, 
        "51": 5.079999999999998, 
        "43": 4.44, 
        "53": -4.44, 
        "52": -4.769999999999996, 
        "54": 1.19, 
        "41": 7.189999999999998
    }, 
    "3": {
        "42": 5.030000000000001, 
        "44": 1.63, 
        "51": 5.159999999999997, 
        "43": 4.26, 
        "53": -4.44, 
        "52": -4.680000000000007, 
        "54": 1.19, 
        "41": 7.359999999999999
    }, 
    "4": {
        "42": 5.030000000000001, 
        "44": 1.63, 
        "51": 5.079999999999998, 
        "43": 4.18, 
        "53": -4.44, 
        "52": -4.680000000000007, 
        "54": 1.19, 
        "41": 7.450000000000003
    }, 
    "5": {
        "42": 8.730000000000004, 
        "44": 1.36, 
        "51": 5.519999999999996, 
        "43": 2.59, 
        "53": -3.91, 
        "52": -5.209999999999994, 
        "54": 0.92, 
        "41": 8.069999999999993
    }, 
    "6": {
        "42": 22.180000000000007, 
        "44": -6.46, 
        "51": 13.689999999999998, 
        "43": 4.7, 
        "53": -4.0, 
        "52": -23.849999999999994, 
        "54": -4.88, 
        "41": 12.810000000000002
    }, 
    "7": {
        "42": 35.1, 
        "44": -11.3, 
        "51": 22.400000000000006, 
        "43": 28.79, 
        "53": -8.66, 
        "52": -48.9, 
        "54": -10.07, 
        "41": 17.819999999999993
    }, 
    "8": {
        "42": 50.57, 
        "44": -18.07, 
        "51": 23.629999999999995, 
        "43": 58.33, 
        "53": -24.4, 
        "52": -68.51, 
        "54": -10.15, 
        "41": 24.42
    }, 
    "9": {
        "42": 71.76, 
        "44": -13.76, 
        "51": 28.730000000000004, 
        "43": 77.32, 
        "53": -30.64, 
        "52": -82.4, 
        "54": -9.63, 
        "41": 31.799999999999997
    }, 
    "10": {
        "42": 71.58, 
        "44": -12.09, 
        "51": 34.260000000000005, 
        "43": 79.78, 
        "53": -30.46, 
        "52": -86.44, 
        "54": -6.64, 
        "41": 40.24000000000001
    }, 
    "11": {
        "42": 74.57, 
        "44": -5.23, 
        "51": 43.139999999999986, 
        "43": 82.51, 
        "53": -28.35, 
        "52": -90.57, 
        "54": -1.45, 
        "41": 22.569999999999993
    }, 
    "12": {
        "42": 98.66, 
        "44": -0.4, 
        "51": 38.66, 
        "43": 94.46, 
        "53": -35.56, 
        "52": -79.76, 
        "54": -3.74, 
        "41": 18.349999999999994
    }, 
    "13": {
        "42": 121.6, 
        "44": -5.05, 
        "51": 37.69, 
        "43": 92.97, 
        "53": -39.78, 
        "52": -80.11, 
        "54": -1.8, 
        "41": 5.780000000000001
    }, 
    "14": {
        "42": 128.99, 
        "44": -28.44, 
        "51": 38.22, 
        "43": 92.97, 
        "53": -35.74, 
        "52": -82.57, 
        "54": -2.15, 
        "41": 8.150000000000006
    }, 
    "15": {
        "42": 137.87, 
        "44": -57.36, 
        "51": 36.2, 
        "43": 93.05, 
        "53": -37.85, 
        "52": -97.43, 
        "54": -2.68, 
        "41": 9.120000000000005
    }, 
    "16": {
        "42": 145.69, 
        "44": -55.69, 
        "51": 13.959999999999994, 
        "43": 93.58, 
        "53": -47.16, 
        "52": -110.62, 
        "54": -5.85, 
        "41": 10.439999999999998
    }, 
    "17": {
        "42": 160.2, 
        "44": -29.93, 
        "51": -4.950000000000003, 
        "43": 98.15, 
        "53": -56.04, 
        "52": -124.77000000000001, 
        "54": -5.93, 
        "41": 12.810000000000002
    }, 
    "18": {
        "42": 167.49, 
        "44": -19.47, 
        "51": -4.069999999999993, 
        "43": 98.15, 
        "53": -63.78, 
        "52": -134.88, 
        "54": -3.3, 
        "41": 13.079999999999998
    }, 
    "19": {
        "42": 169.25, 
        "44": -19.03, 
        "51": 0.15000000000000568, 
        "43": 98.07, 
        "53": -74.07, 
        "52": -151.05, 
        "54": 0.04, 
        "41": 14.310000000000002
    }, 
    "20": {
        "42": 169.78, 
        "44": -19.12, 
        "51": 7.010000000000005, 
        "43": 98.15, 
        "53": -89.71, 
        "52": -163.89, 
        "54": 1.1, 
        "41": 14.920000000000002
    }, 
    "21": {
        "42": 169.87, 
        "44": -18.42, 
        "51": 11.489999999999995, 
        "43": 98.15, 
        "53": -94.99, 
        "52": -171.45, 
        "54": 1.1, 
        "41": 15.540000000000006
    }, 
    "22": {
        "42": 169.87, 
        "44": -18.15, 
        "51": 15.450000000000003, 
        "43": 98.07, 
        "53": -93.49, 
        "52": -174.26, 
        "54": -0.57, 
        "41": 15.540000000000006
    }, 
    "23": {
        "42": 169.87, 
        "44": -18.42, 
        "51": 15.450000000000003, 
        "43": 98.07, 
        "53": -91.3, 
        "52": -174.09, 
        "54": -1.71, 
        "41": 16.069999999999993
    }, 
    "24": {
        "42": 169.87, 
        "44": -18.42, 
        "51": 15.540000000000006, 
        "43": 98.15, 
        "53": -91.47, 
        "52": -173.65, 
        "54": -2.51, 
        "41": 16.150000000000006
    }, 
    "25": {
        "42": 169.87, 
        "44": -18.33, 
        "51": 15.629999999999995, 
        "43": 98.15, 
        "53": -91.56, 
        "52": -171.89, 
        "54": -8.75, 
        "41": 16.150000000000006
    }, 
    "26": {
        "42": 169.78, 
        "44": -18.33, 
        "51": 16.150000000000006, 
        "43": 98.15, 
        "53": -94.2, 
        "52": -170.84, 
        "54": -11.38, 
        "41": 16.069999999999993
    }, 
    "27": {
        "42": 169.78, 
        "44": -18.33, 
        "51": 16.590000000000003, 
        "43": 98.15, 
        "53": -95.96, 
        "52": -170.75, 
        "54": -11.56, 
        "41": 16.069999999999993
    }, 
    "nb_temps": 27
}