{
    "speed": {
        "bras_gauche": 0.2, 
        "bras_droit": 0.2, 
        "jambe_gauche": 0.2, 
        "jambe_droite": 0.2, 
        "colonne": 0.2, 
        "tete": 0.2
    }, 
    "1": {
        "51": -0.20000000000000284, 
        "53": -4.53, 
        "52": -5.1200000000000045, 
        "24": -0.31, 
        "25": 0.48, 
        "21": -4.09, 
        "22": -5.14, 
        "23": 2.59, 
        "44": 1.19, 
        "42": 4.859999999999999, 
        "43": 4.26, 
        "41": 0.6800000000000068, 
        "11": 3.82, 
        "13": 2.26, 
        "12": -5.32, 
        "15": 0.31, 
        "14": -0.57, 
        "33": -1.1, 
        "32": 2.51, 
        "31": -6.73, 
        "37": -20.44, 
        "36": 2.2, 
        "35": 0.4, 
        "34": 0.57, 
        "54": 0.66
    }, 
    "2": {
        "51": 1.1200000000000045, 
        "53": -4.53, 
        "52": -4.950000000000003, 
        "24": 6.29, 
        "25": 4.62, 
        "21": -3.82, 
        "22": -5.67, 
        "23": 3.91, 
        "44": 1.63, 
        "42": 4.859999999999999, 
        "43": 4.26, 
        "41": 2.700000000000003, 
        "11": 3.56, 
        "13": 4.29, 
        "12": -5.05, 
        "15": 0.4, 
        "14": 5.76, 
        "33": -1.8, 
        "32": 2.51, 
        "31": -5.49, 
        "37": -20.73, 
        "36": 2.2, 
        "35": 0.48, 
        "34": -2.59, 
        "54": 1.19
    }, 
    "3": {
        "51": 2.6200000000000045, 
        "53": -4.44, 
        "52": -4.950000000000003, 
        "24": 11.47, 
        "25": 8.48, 
        "21": -3.12, 
        "22": -5.67, 
        "23": 3.91, 
        "44": 1.63, 
        "42": 4.950000000000003, 
        "43": 4.26, 
        "41": 3.930000000000007, 
        "11": 3.21, 
        "13": 4.37, 
        "12": -4.97, 
        "15": 0.4, 
        "14": 11.3, 
        "33": -2.24, 
        "32": 2.51, 
        "31": -1.71, 
        "37": -20.73, 
        "36": 2.2, 
        "35": 0.48, 
        "34": -4.7, 
        "54": 1.19
    }, 
    "4": {
        "51": 3.5799999999999983, 
        "53": -4.44, 
        "52": -4.950000000000003, 
        "24": 14.11, 
        "25": 10.42, 
        "21": -3.12, 
        "22": -5.49, 
        "23": 3.91, 
        "44": 1.63, 
        "42": 4.859999999999999, 
        "43": 4.26, 
        "41": 4.989999999999995, 
        "11": 3.03, 
        "13": 4.37, 
        "12": -5.14, 
        "15": 0.48, 
        "14": 14.46, 
        "33": -2.42, 
        "32": 2.51, 
        "31": 2.07, 
        "37": -20.44, 
        "36": 1.91, 
        "35": 0.57, 
        "34": -6.2, 
        "54": 1.19
    }, 
    "5": {
        "51": 4.810000000000002, 
        "53": -4.44, 
        "52": -5.030000000000001, 
        "24": 20.18, 
        "25": 20.97, 
        "21": -2.77, 
        "22": -3.3, 
        "23": 4.0, 
        "44": 1.63, 
        "42": 4.859999999999999, 
        "43": 4.26, 
        "41": 6.920000000000002, 
        "11": 0.57, 
        "13": 4.37, 
        "12": -7.08, 
        "15": 0.57, 
        "14": 25.27, 
        "33": -2.51, 
        "32": 2.51, 
        "31": 3.74, 
        "37": -20.73, 
        "36": 1.91, 
        "35": 0.92, 
        "34": -8.66, 
        "54": 1.19
    }, 
    "6": {
        "51": 5.159999999999997, 
        "53": -4.44, 
        "52": -4.950000000000003, 
        "24": 19.21, 
        "25": 26.42, 
        "21": -2.59, 
        "22": -2.42, 
        "23": 3.91, 
        "44": 1.63, 
        "42": 4.950000000000003, 
        "43": 4.18, 
        "41": 7.269999999999996, 
        "11": 0.04, 
        "13": 4.37, 
        "12": -8.31, 
        "15": 12.62, 
        "14": 23.78, 
        "33": -2.77, 
        "32": 2.51, 
        "31": 3.91, 
        "37": -20.73, 
        "36": 1.91, 
        "35": 0.92, 
        "34": -9.01, 
        "54": 1.19
    }, 
    "7": {
        "51": 5.25, 
        "53": -4.44, 
        "52": -4.950000000000003, 
        "24": 17.36, 
        "25": 31.6, 
        "21": -2.33, 
        "22": -1.36, 
        "23": 4.0, 
        "44": 1.63, 
        "42": 5.030000000000001, 
        "43": 4.26, 
        "41": 7.359999999999999, 
        "11": -0.22, 
        "13": 4.29, 
        "12": -8.57, 
        "15": 25.71, 
        "14": 20.97, 
        "33": -3.03, 
        "32": 2.51, 
        "31": 3.91, 
        "37": -20.73, 
        "36": 2.2, 
        "35": 1.01, 
        "34": -9.01, 
        "54": 1.19
    }, 
    "8": {
        "51": 5.25, 
        "53": -4.44, 
        "52": -4.950000000000003, 
        "24": 15.96, 
        "25": 35.03, 
        "21": -1.8, 
        "22": -0.04, 
        "23": 4.0, 
        "44": 1.63, 
        "42": 5.030000000000001, 
        "43": 4.18, 
        "41": 7.359999999999999, 
        "11": -0.48, 
        "13": 4.37, 
        "12": -9.45, 
        "15": 34.07, 
        "14": 19.12, 
        "33": -3.21, 
        "32": 2.51, 
        "31": 3.91, 
        "37": -20.73, 
        "36": 2.2, 
        "35": 1.01, 
        "34": -9.01, 
        "54": 1.19
    }, 
    "9": {
        "51": 5.25, 
        "53": -4.44, 
        "52": -4.950000000000003, 
        "24": 14.73, 
        "25": 38.46, 
        "21": -1.45, 
        "22": 1.71, 
        "23": 3.91, 
        "44": 1.63, 
        "42": 5.030000000000001, 
        "43": 4.26, 
        "41": 7.359999999999999, 
        "11": -0.66, 
        "13": 4.29, 
        "12": -10.77, 
        "15": 40.22, 
        "14": 16.22, 
        "33": -3.38, 
        "32": 2.51, 
        "31": 3.91, 
        "37": -20.73, 
        "36": 2.2, 
        "35": 1.1, 
        "34": -9.01, 
        "54": 1.19
    }, 
    "10": {
        "51": 5.25, 
        "53": -4.44, 
        "52": -4.950000000000003, 
        "24": 13.23, 
        "25": 41.98, 
        "21": -1.1, 
        "22": 1.54, 
        "23": 3.91, 
        "44": 1.63, 
        "42": 4.950000000000003, 
        "43": 4.18, 
        "41": 7.450000000000003, 
        "11": -0.57, 
        "13": 4.37, 
        "12": -11.74, 
        "15": 43.65, 
        "14": 13.58, 
        "33": -3.03, 
        "32": 2.51, 
        "31": 4.09, 
        "37": -20.73, 
        "36": 2.2, 
        "35": 1.1, 
        "34": -9.01, 
        "54": 1.19
    }, 
    "11": {
        "51": 5.25, 
        "53": -4.53, 
        "52": -4.950000000000003, 
        "24": 11.21, 
        "25": 44.35, 
        "21": -0.22, 
        "22": 0.04, 
        "23": 3.91, 
        "44": 1.63, 
        "42": 5.030000000000001, 
        "43": 4.26, 
        "41": 7.359999999999999, 
        "11": -0.22, 
        "13": 4.29, 
        "12": -11.38, 
        "15": 44.88, 
        "14": 12.44, 
        "33": -3.03, 
        "32": 2.51, 
        "31": 4.18, 
        "37": -20.73, 
        "36": 2.2, 
        "35": 1.27, 
        "34": -8.84, 
        "54": 1.19
    }, 
    "12": {
        "51": 5.340000000000003, 
        "53": -4.44, 
        "52": -4.950000000000003, 
        "24": 8.48, 
        "25": 45.58, 
        "21": 0.66, 
        "22": -2.24, 
        "23": 4.0, 
        "44": 1.63, 
        "42": 5.030000000000001, 
        "43": 4.18, 
        "41": 7.359999999999999, 
        "11": 0.31, 
        "13": 3.8499999999999996, 
        "12": -9.36, 
        "15": 45.41, 
        "14": 10.68, 
        "33": -3.47, 
        "32": 2.42, 
        "31": 4.09, 
        "37": -20.73, 
        "36": 2.2, 
        "35": 1.54, 
        "34": -8.57, 
        "54": 1.19
    }, 
    "nb_temps": 12
}