{
    "speed": {
        "bras_gauche": 0.2
    }, 
    "1": {
        "44": -71.34, 
        "42": 102.53, 
        "43": 92.62, 
        "41": -2.1299999999999955
    }, 
    "2": {
        "44": -71.69, 
        "42": 90.13, 
        "43": 92.53, 
        "41": -1.9599999999999937
    }, 
    "3": {
        "44": -74.42, 
        "42": 75.19, 
        "43": 90.77, 
        "41": -1.7800000000000011
    }, 
    "4": {
        "44": -79.52, 
        "42": 74.03999999999999, 
        "43": 85.85, 
        "41": -3.450000000000003
    }, 
    "5": {
        "44": -86.02, 
        "42": 75.01, 
        "43": 73.71, 
        "41": -3.6299999999999955
    }, 
    "6": {
        "44": -93.41, 
        "42": 76.95, 
        "43": 56.75, 
        "41": -3.450000000000003
    }, 
    "7": {
        "44": -96.48, 
        "42": 82.92, 
        "43": 39.08, 
        "41": -4.950000000000003
    }, 
    "8": {
        "44": -99.82, 
        "42": 76.86, 
        "43": 29.23, 
        "41": -12.950000000000003
    }, 
    "9": {
        "44": -95.6, 
        "42": 70.09, 
        "43": 22.64, 
        "41": -26.310000000000002
    }, 
    "10": {
        "44": -91.21, 
        "42": 58.84, 
        "43": 11.38, 
        "41": -39.14
    }, 
    "11": {
        "44": -80.31, 
        "42": 38.7, 
        "43": -4.79, 
        "41": -62.620000000000005
    }, 
    "12": {
        "44": -59.65, 
        "42": 27.89, 
        "43": -24.31, 
        "41": -82.66
    }, 
    "13": {
        "44": -47.87, 
        "42": 19.269999999999996, 
        "43": -41.98, 
        "41": -94.44
    }, 
    "14": {
        "44": -32.48, 
        "42": 9.25, 
        "43": -49.89, 
        "41": -98.92
    }, 
    "15": {
        "44": -15.6, 
        "42": 3.980000000000004, 
        "43": -61.32, 
        "41": -102.97
    }, 
    "16": {
        "44": -0.75, 
        "42": -1.9099999999999966, 
        "43": -73.71, 
        "41": -103.76
    }, 
    "17": {
        "44": 1.63, 
        "42": -2.0900000000000034, 
        "43": -81.98, 
        "41": -102.88
    }, 
    "18": {
        "44": 1.63, 
        "42": -2.260000000000005, 
        "43": -81.98, 
        "41": -102.88
    }, 
    "19": {
        "44": 1.54, 
        "42": -2.0900000000000034, 
        "43": -81.98, 
        "41": -102.88
    }, 
    "20": {
        "44": 1.54, 
        "42": -2.4399999999999977, 
        "43": -81.98, 
        "41": -102.88
    }, 
    "21": {
        "44": 1.54, 
        "42": -2.8799999999999955, 
        "43": -81.89, 
        "41": -102.88
    }, 
    "22": {
        "44": 1.63, 
        "42": -3.049999999999997, 
        "43": -81.98, 
        "41": -102.7
    }, 
    "23": {
        "44": 1.27, 
        "42": -3.6700000000000017, 
        "43": -81.8, 
        "41": -102.78999999999999
    }, 
    "24": {
        "44": -1.1, 
        "42": -3.8499999999999943, 
        "43": -75.21, 
        "41": -102.88
    }, 
    "25": {
        "44": -17.01, 
        "42": 1.7800000000000011, 
        "43": -61.93, 
        "41": -99.1
    }, 
    "26": {
        "44": -45.58, 
        "42": 17.430000000000007, 
        "43": -49.89, 
        "41": -87.41
    }, 
    "27": {
        "44": -64.84, 
        "42": 26.4, 
        "43": -34.42, 
        "41": -72.02
    }, 
    "28": {
        "44": -73.89, 
        "42": 28.33, 
        "43": -15.96, 
        "41": -51.71
    }, 
    "29": {
        "44": -78.55, 
        "42": 26.130000000000003, 
        "43": -3.65, 
        "41": -35.36
    }, 
    "30": {
        "44": -74.59, 
        "42": 18.569999999999993, 
        "43": 0.13, 
        "41": -23.760000000000005
    }, 
    "31": {
        "44": -63.6, 
        "42": 13.299999999999997, 
        "43": 0.22, 
        "41": -16.200000000000003
    }, 
    "32": {
        "44": -37.67, 
        "42": 10.129999999999995, 
        "43": 0.13, 
        "41": -15.930000000000007
    }, 
    "33": {
        "44": -6.81, 
        "42": 8.989999999999995, 
        "43": 0.13, 
        "41": -20.150000000000006
    }, 
    "34": {
        "44": -0.22, 
        "42": 6.260000000000005, 
        "43": 0.13, 
        "41": -16.019999999999996
    }, 
    "35": {
        "44": -0.31, 
        "42": 6.260000000000005, 
        "43": 0.13, 
        "41": -12.510000000000005
    }, 
    "36": {
        "44": -0.31, 
        "42": 6.260000000000005, 
        "43": 0.13, 
        "41": -12.510000000000005
    }, 
    "nb_temps": 36
}