{
    "speed": {
        "bras_gauche": 0.2, 
        "bras_droit": 0.2
    }, 
    "1": {
        "54": -29.41, 
        "44": -71.34, 
        "42": 102.53, 
        "51": -195.26999999999998, 
        "43": 92.62, 
        "53": 89.36, 
        "41": -2.1299999999999955, 
        "52": -23.049999999999997
    }, 
    "2": {
        "54": -28.7, 
        "44": -71.69, 
        "42": 90.13, 
        "51": -193.34, 
        "43": 92.53, 
        "53": 89.27, 
        "41": -1.9599999999999937, 
        "52": -25.430000000000007
    }, 
    "3": {
        "54": -27.91, 
        "44": -74.42, 
        "42": 75.19, 
        "51": -187.19, 
        "43": 90.77, 
        "53": 89.27, 
        "41": -1.7800000000000011, 
        "52": -28.42
    }, 
    "4": {
        "54": -27.82, 
        "44": -79.52, 
        "42": 74.03999999999999, 
        "51": -178.31, 
        "43": 85.85, 
        "53": 89.36, 
        "41": -3.450000000000003, 
        "52": -28.42
    }, 
    "5": {
        "54": -26.33, 
        "44": -86.02, 
        "42": 75.01, 
        "51": -169.51999999999998, 
        "43": 73.71, 
        "53": 89.36, 
        "41": -3.6299999999999955, 
        "52": -28.42
    }, 
    "6": {
        "54": -25.71, 
        "44": -93.41, 
        "42": 76.95, 
        "51": -158.7, 
        "43": 56.75, 
        "53": 89.36, 
        "41": -3.450000000000003, 
        "52": -28.509999999999998
    }, 
    "7": {
        "54": -25.63, 
        "44": -96.48, 
        "42": 82.92, 
        "51": -144.55, 
        "43": 39.08, 
        "53": 88.22, 
        "41": -4.950000000000003, 
        "52": -30.18
    }, 
    "8": {
        "54": -25.71, 
        "44": -99.82, 
        "42": 76.86, 
        "51": -127.22999999999999, 
        "43": 29.23, 
        "53": 76.09, 
        "41": -12.950000000000003, 
        "52": -32.29
    }, 
    "9": {
        "54": -25.71, 
        "44": -95.6, 
        "42": 70.09, 
        "51": -107.01, 
        "43": 22.64, 
        "53": 63.43, 
        "41": -26.310000000000002, 
        "52": -32.99
    }, 
    "10": {
        "54": -26.95, 
        "44": -91.21, 
        "42": 58.84, 
        "51": -90.4, 
        "43": 11.38, 
        "53": 56.22, 
        "41": -39.14, 
        "52": -32.2
    }, 
    "11": {
        "54": -33.98, 
        "44": -80.31, 
        "42": 38.7, 
        "51": -71.41, 
        "43": -4.79, 
        "53": 40.22, 
        "41": -62.620000000000005, 
        "52": -29.21
    }, 
    "12": {
        "54": -40.48, 
        "44": -59.65, 
        "42": 27.89, 
        "51": -47.05, 
        "43": -24.31, 
        "53": 24.04, 
        "41": -82.66, 
        "52": -22.439999999999998
    }, 
    "13": {
        "54": -44.97, 
        "44": -47.87, 
        "42": 19.269999999999996, 
        "51": -26.130000000000003, 
        "43": -41.98, 
        "53": 16.57, 
        "41": -94.44, 
        "52": -13.739999999999995
    }, 
    "14": {
        "54": -45.49, 
        "44": -32.48, 
        "42": 9.25, 
        "51": -9.959999999999994, 
        "43": -49.89, 
        "53": 12.53, 
        "41": -98.92, 
        "52": -9.159999999999997
    }, 
    "15": {
        "54": -43.56, 
        "44": -15.6, 
        "42": 3.980000000000004, 
        "51": -0.6400000000000006, 
        "43": -61.32, 
        "53": 12.26, 
        "41": -102.97, 
        "52": -7.849999999999994
    }, 
    "16": {
        "54": -34.68, 
        "44": -0.75, 
        "42": -1.9099999999999966, 
        "51": 3.8499999999999943, 
        "43": -73.71, 
        "53": 12.26, 
        "41": -103.76, 
        "52": -7.760000000000005
    }, 
    "17": {
        "54": -17.19, 
        "44": 1.63, 
        "42": -2.0900000000000034, 
        "51": 0.769999999999996, 
        "43": -81.98, 
        "53": 11.56, 
        "41": -102.88, 
        "52": -6.6200000000000045
    }, 
    "18": {
        "54": -7.78, 
        "44": 1.63, 
        "42": -2.260000000000005, 
        "51": -1.9599999999999937, 
        "43": -81.98, 
        "53": 10.51, 
        "41": -102.88, 
        "52": -4.859999999999999
    }, 
    "19": {
        "54": -5.67, 
        "44": 1.54, 
        "42": -2.0900000000000034, 
        "51": -4.150000000000006, 
        "43": -81.98, 
        "53": 10.59, 
        "41": -102.88, 
        "52": -4.069999999999993
    }, 
    "20": {
        "54": -5.67, 
        "44": 1.54, 
        "42": -2.4399999999999977, 
        "51": -5.739999999999995, 
        "43": -81.98, 
        "53": 10.51, 
        "41": -102.88, 
        "52": -3.8900000000000006
    }, 
    "21": {
        "44": 1.54, 
        "42": -2.8799999999999955, 
        "43": -81.89, 
        "41": -102.88
    }, 
    "22": {
        "44": 1.63, 
        "42": -3.049999999999997, 
        "43": -81.98, 
        "41": -102.7
    }, 
    "23": {
        "44": 1.27, 
        "42": -3.6700000000000017, 
        "43": -81.8, 
        "41": -102.78999999999999
    }, 
    "24": {
        "44": -1.1, 
        "42": -3.8499999999999943, 
        "43": -75.21, 
        "41": -102.88
    }, 
    "25": {
        "44": -17.01, 
        "42": 1.7800000000000011, 
        "43": -61.93, 
        "41": -99.1
    }, 
    "26": {
        "44": -45.58, 
        "42": 17.430000000000007, 
        "43": -49.89, 
        "41": -87.41
    }, 
    "27": {
        "44": -64.84, 
        "42": 26.4, 
        "43": -34.42, 
        "41": -72.02
    }, 
    "28": {
        "44": -73.89, 
        "42": 28.33, 
        "43": -15.96, 
        "41": -51.71
    }, 
    "29": {
        "44": -78.55, 
        "42": 26.130000000000003, 
        "43": -3.65, 
        "41": -35.36
    }, 
    "30": {
        "44": -74.59, 
        "42": 18.569999999999993, 
        "43": 0.13, 
        "41": -23.760000000000005
    }, 
    "31": {
        "44": -63.6, 
        "42": 13.299999999999997, 
        "43": 0.22, 
        "41": -16.200000000000003
    }, 
    "32": {
        "44": -37.67, 
        "42": 10.129999999999995, 
        "43": 0.13, 
        "41": -15.930000000000007
    }, 
    "33": {
        "44": -6.81, 
        "42": 8.989999999999995, 
        "43": 0.13, 
        "41": -20.150000000000006
    }, 
    "34": {
        "44": -0.22, 
        "42": 6.260000000000005, 
        "43": 0.13, 
        "41": -16.019999999999996
    }, 
    "35": {
        "44": -0.31, 
        "42": 6.260000000000005, 
        "43": 0.13, 
        "41": -12.510000000000005
    }, 
    "36": {
        "44": -0.31, 
        "42": 6.260000000000005, 
        "43": 0.13, 
        "41": -12.510000000000005
    }, 
    "nb_temps": 36
}