{
    "speed": {
        "tete": 0.2
    }, 
    "24": {
        "37": -6.07, 
        "36": 1.03
    }, 
    "25": {
        "37": -6.359999999999999, 
        "36": -0.15
    }, 
    "26": {
        "37": -6.07, 
        "36": -0.15
    }, 
    "27": {
        "37": -6.07, 
        "36": -1.03
    }, 
    "20": {
        "37": -5.779999999999999, 
        "36": 18.62
    }, 
    "21": {
        "37": -5.779999999999999, 
        "36": 13.05
    }, 
    "22": {
        "37": -6.07, 
        "36": 8.06
    }, 
    "23": {
        "37": -6.07, 
        "36": 3.96
    }, 
    "28": {
        "37": -6.07, 
        "36": -0.44
    }, 
    "1": {
        "37": -4.6, 
        "36": -32.7
    }, 
    "3": {
        "37": -4.6, 
        "36": -25.37
    }, 
    "2": {
        "37": -4.6, 
        "36": -29.47
    }, 
    "5": {
        "37": -4.6, 
        "36": -12.46
    }, 
    "4": {
        "37": -4.6, 
        "36": -19.5
    }, 
    "7": {
        "37": -4.6, 
        "36": -0.73
    }, 
    "6": {
        "37": -4.6, 
        "36": -6.6
    }, 
    "9": {
        "37": -4.6, 
        "36": 11.88
    }, 
    "8": {
        "37": -4.6, 
        "36": 4.25
    }, 
    "nb_temps": 28, 
    "11": {
        "37": -4.6, 
        "36": 23.02
    }, 
    "10": {
        "37": -4.6, 
        "36": 17.45
    }, 
    "13": {
        "37": -4.9, 
        "36": 31.82
    }, 
    "12": {
        "37": -4.6, 
        "36": 28.01
    }, 
    "15": {
        "37": -5.779999999999999, 
        "36": 32.7
    }, 
    "14": {
        "37": -5.1899999999999995, 
        "36": 32.11
    }, 
    "17": {
        "37": -5.779999999999999, 
        "36": 31.52
    }, 
    "16": {
        "37": -5.779999999999999, 
        "36": 32.4
    }, 
    "19": {
        "37": -5.779999999999999, 
        "36": 25.07
    }, 
    "18": {
        "37": -6.07, 
        "36": 29.77
    }
}