{
    "speed": {
        "tete": 0.2
    }, 
    "20": {
        "37": -9.3, 
        "36": -2.79
    }, 
    "1": {
        "37": 11.82, 
        "36": -2.79
    }, 
    "3": {
        "37": 7.710000000000001, 
        "36": -2.79
    }, 
    "2": {
        "37": 11.23, 
        "36": -2.49
    }, 
    "5": {
        "37": -3.719999999999999, 
        "36": -2.79
    }, 
    "4": {
        "37": 2.1400000000000006, 
        "36": -2.79
    }, 
    "7": {
        "37": -16.04, 
        "36": -2.49
    }, 
    "6": {
        "37": -10.47, 
        "36": -2.79
    }, 
    "9": {
        "37": -22.79, 
        "36": -2.79
    }, 
    "8": {
        "37": -21.03, 
        "36": -2.79
    }, 
    "nb_temps": 20, 
    "11": {
        "37": -23.37, 
        "36": -3.08
    }, 
    "10": {
        "37": -23.37, 
        "36": -2.79
    }, 
    "13": {
        "37": -23.37, 
        "36": -3.08
    }, 
    "12": {
        "37": -23.37, 
        "36": -3.08
    }, 
    "15": {
        "37": -22.79, 
        "36": -2.79
    }, 
    "14": {
        "37": -23.37, 
        "36": -3.08
    }, 
    "17": {
        "37": -14.57, 
        "36": -2.79
    }, 
    "16": {
        "37": -20.15, 
        "36": -2.49
    }, 
    "19": {
        "37": -9.3, 
        "36": -2.49
    }, 
    "18": {
        "37": -10.47, 
        "36": -2.49
    }
}