{
    "speed": {
        "tete": 0.2
    }, 
    "1": {
        "37": -6.07, 
        "36": 0.44
    }, 
    "2": {
        "37": -6.07, 
        "36": 1.03
    }, 
    "3": {
        "37": -6.07, 
        "36": 0.15
    }, 
    "4": {
        "37": -6.359999999999999, 
        "36": 0.15
    }, 
    "5": {
        "37": -6.07, 
        "36": -1.03
    }, 
    "6": {
        "37": -6.07, 
        "36": -3.96
    }, 
    "7": {
        "37": -6.07, 
        "36": -8.06
    }, 
    "8": {
        "37": -5.779999999999999, 
        "36": -13.05
    }, 
    "9": {
        "37": -5.779999999999999, 
        "36": -18.62
    }, 
    "10": {
        "37": -5.779999999999999, 
        "36": -25.07
    }, 
    "11": {
        "37": -6.07, 
        "36": -29.77
    }, 
    "12": {
        "37": -5.779999999999999, 
        "36": -31.52
    }, 
    "13": {
        "37": -5.779999999999999, 
        "36": -32.4
    }, 
    "14": {
        "37": -5.779999999999999, 
        "36": -32.7
    }, 
    "15": {
        "37": -5.1899999999999995, 
        "36": -32.11
    }, 
    "16": {
        "37": -4.9, 
        "36": -31.82
    }, 
    "17": {
        "37": -4.6, 
        "36": -28.01
    }, 
    "18": {
        "37": -4.6, 
        "36": -23.02
    }, 
    "19": {
        "37": -4.6, 
        "36": -17.45
    }, 
    "20": {
        "37": -4.6, 
        "36": -11.88
    }, 
    "21": {
        "37": -4.6, 
        "36": -4.25
    }, 
    "22": {
        "37": -4.6, 
        "36": 0.73
    }, 
    "23": {
        "37": -4.6, 
        "36": 6.6
    }, 
    "24": {
        "37": -4.6, 
        "36": 12.46
    }, 
    "25": {
        "37": -4.6, 
        "36": 19.5
    }, 
    "26": {
        "37": -4.6, 
        "36": 25.37
    }, 
    "27": {
        "37": -4.6, 
        "36": 29.47
    }, 
    "28": {
        "37": -4.6, 
        "36": 32.7
    }, 
    "nb_temps": 28
}