{
    "speed": {
        "tete": 0.4, 
        "colonne": 1.0
    }, 
    "1": {
        "33": -0.92, 
        "32": -1.54, 
        "31": 1.19, 
        "37": -6.07, 
        "36": 0.44, 
        "35": 5.58, 
        "34": -6.37
    }, 
    "2": {
        "33": -0.92, 
        "32": -1.54, 
        "31": 1.19, 
        "35": 5.58, 
        "34": -6.37
    }, 
    "3": {
        "33": -0.75, 
        "32": -1.27, 
        "31": -1.98, 
        "35": 2.51, 
        "34": -3.74
    }, 
    "4": {
        "33": -0.57, 
        "32": -1.1, 
        "31": -3.21, 
        "35": 1.63, 
        "34": -1.27
    }, 
    "5": {
        "33": -0.57, 
        "32": -0.92, 
        "31": -6.11, 
        "35": 0.84, 
        "34": 3.56
    }, 
    "6": {
        "33": -0.57, 
        "32": -0.92, 
        "31": -8.31, 
        "35": 0.57, 
        "34": 6.73
    }, 
    "7": {
        "33": -0.48, 
        "32": -0.92, 
        "31": -9.98, 
        "37": -6.07, 
        "36": 1.03, 
        "35": 0.48, 
        "34": 9.71
    }, 
    "8": {
        "33": -0.4, 
        "32": -0.92, 
        "31": -11.56, 
        "37": -6.07, 
        "36": 0.15, 
        "35": 0.48, 
        "34": 11.74
    }, 
    "9": {
        "33": -0.04, 
        "32": -0.92, 
        "31": -12.44, 
        "37": -6.359999999999999, 
        "36": 0.15, 
        "35": 0.48, 
        "34": 11.74
    }, 
    "10": {
        "33": -0.04, 
        "32": -0.92, 
        "31": -12.35, 
        "37": -6.07, 
        "36": -1.03, 
        "35": 0.57, 
        "34": 10.95
    }, 
    "11": {
        "33": 0.04, 
        "32": -0.92, 
        "31": -11.82, 
        "37": -6.07, 
        "36": -3.96, 
        "35": 0.66, 
        "34": 9.71
    }, 
    "12": {
        "33": 0.04, 
        "32": -0.92, 
        "31": -11.21, 
        "37": -6.07, 
        "36": -8.06, 
        "35": 0.75, 
        "34": 7.87
    }, 
    "nb_temps": 33, 
    "13": {
        "37": -5.779999999999999, 
        "36": -13.05
    }, 
    "14": {
        "37": -5.779999999999999, 
        "36": -18.62
    }, 
    "15": {
        "37": -5.779999999999999, 
        "36": -25.07
    }, 
    "16": {
        "37": -6.07, 
        "36": -29.77
    }, 
    "17": {
        "37": -5.779999999999999, 
        "36": -31.52
    }, 
    "18": {
        "37": -5.779999999999999, 
        "36": -32.4
    }, 
    "19": {
        "37": -5.779999999999999, 
        "36": -32.7
    }, 
    "20": {
        "37": -5.1899999999999995, 
        "36": -32.11
    }, 
    "21": {
        "37": -4.9, 
        "36": -31.82
    }, 
    "22": {
        "37": -4.6, 
        "36": -28.01
    }, 
    "23": {
        "37": -4.6, 
        "36": -23.02
    }, 
    "24": {
        "37": -4.6, 
        "36": -17.45
    }, 
    "25": {
        "37": -4.6, 
        "36": -11.88
    }, 
    "26": {
        "37": -4.6, 
        "36": -4.25
    }, 
    "27": {
        "37": -4.6, 
        "36": 0.73
    }, 
    "28": {
        "37": -4.6, 
        "36": 6.6
    }, 
    "29": {
        "37": -4.6, 
        "36": 12.46
    }, 
    "30": {
        "37": -4.6, 
        "36": 19.5
    }, 
    "31": {
        "37": -4.6, 
        "36": 25.37
    }, 
    "32": {
        "37": -4.6, 
        "36": 29.47
    }, 
    "33": {
        "37": -4.6, 
        "36": 32.7
    }
}