{
    "11": {
        "37": 0.9699999999999989, 
        "34": 12.26, 
        "33": 2.95, 
        "42": 21.379999999999995, 
        "44": -38.29, 
        "51": -89.6, 
        "43": -36.09, 
        "53": 58.33, 
        "52": -39.93, 
        "36": 0.15, 
        "35": 1.19, 
        "54": -49.36, 
        "41": -91.52, 
        "31": 9.36, 
        "32": 2.33
    }, 
    "10": {
        "37": 4.780000000000001, 
        "34": 13.49, 
        "33": 3.03, 
        "42": 16.989999999999995, 
        "44": -37.85, 
        "51": -99.52, 
        "43": -30.37, 
        "53": 58.07, 
        "52": -34.48, 
        "36": 0.15, 
        "35": 1.27, 
        "54": -48.75, 
        "41": -105.65, 
        "31": 13.23, 
        "32": 1.63
    }, 
    "13": {
        "37": -6.07, 
        "34": 9.98, 
        "33": 2.77, 
        "42": 28.15, 
        "44": -40.92, 
        "51": -69.03, 
        "43": -34.59, 
        "53": 54.64, 
        "52": -41.16, 
        "36": 0.15, 
        "35": 1.54, 
        "54": -45.85, 
        "41": -69.21000000000001, 
        "31": 3.56, 
        "32": 2.51
    }, 
    "12": {
        "37": -2.5500000000000007, 
        "34": 11.12, 
        "33": 2.95, 
        "42": 25.519999999999996, 
        "44": -38.2, 
        "51": -82.31, 
        "43": -38.73, 
        "53": 61.32, 
        "52": -41.52, 
        "36": 0.15, 
        "35": 1.27, 
        "54": -49.1, 
        "41": -86.22, 
        "31": 6.37, 
        "32": 2.51
    }, 
    "15": {
        "37": -12.23, 
        "34": 7.08, 
        "33": 2.86, 
        "42": 26.840000000000003, 
        "44": -44.44, 
        "51": -43.27, 
        "43": -12.62, 
        "53": 29.67, 
        "52": -33.78, 
        "36": 0.15, 
        "35": 1.89, 
        "54": -39.16, 
        "41": -42.48, 
        "31": -1.36, 
        "32": 2.51
    }, 
    "14": {
        "37": -9.0, 
        "34": 8.92, 
        "33": 2.77, 
        "42": 27.89, 
        "44": -43.47, 
        "51": -55.67, 
        "43": -22.55, 
        "53": 38.2, 
        "52": -37.82, 
        "36": 0.15, 
        "35": 1.71, 
        "54": -41.54, 
        "41": -56.11, 
        "31": 1.19, 
        "32": 2.51
    }, 
    "17": {
        "37": -18.39, 
        "34": 2.51, 
        "33": 1.8, 
        "42": 17.78, 
        "44": -52.79, 
        "51": -22.879999999999995, 
        "43": 2.07, 
        "53": 11.3, 
        "52": -16.370000000000005, 
        "36": 0.15, 
        "35": 2.33, 
        "54": -37.23, 
        "41": -14.260000000000005, 
        "31": -4.35, 
        "32": 2.51
    }, 
    "16": {
        "37": -15.75, 
        "34": 4.79, 
        "33": 2.42, 
        "42": 23.049999999999997, 
        "44": -45.32, 
        "51": -30.880000000000003, 
        "43": -4.97, 
        "53": 22.37, 
        "52": -25.599999999999994, 
        "36": 0.15, 
        "35": 1.98, 
        "54": -37.58, 
        "41": -28.68, 
        "31": -3.47, 
        "32": 2.51
    }, 
    "19": {
        "37": -19.56, 
        "34": -2.51, 
        "33": -0.31, 
        "42": 6.180000000000007, 
        "44": -51.91, 
        "51": -15.14, 
        "43": 5.49, 
        "53": 7.87, 
        "52": -7.319999999999993, 
        "36": 0.15, 
        "35": 2.42, 
        "54": -36.79, 
        "41": -4.590000000000003, 
        "31": -4.62, 
        "32": 3.65
    }, 
    "18": {
        "37": -19.56, 
        "34": 0.75, 
        "33": 0.84, 
        "42": 11.36, 
        "44": -54.29, 
        "51": -17.159999999999997, 
        "43": 6.02, 
        "53": 8.04, 
        "52": -11.629999999999995, 
        "36": 0.15, 
        "35": 2.42, 
        "54": -37.32, 
        "41": -7.849999999999994, 
        "31": -4.62, 
        "32": 2.86
    }, 
    "1": {
        "42": 5.439999999999998, 
        "44": -20.57, 
        "51": -131.33, 
        "43": -86.6, 
        "53": 89.63, 
        "52": 2.290000000000006, 
        "54": -18.33, 
        "41": -129.62
    }, 
    "3": {
        "42": 12.769999999999996, 
        "44": -42.59, 
        "51": -128.47, 
        "43": -75.49, 
        "53": 86.55, 
        "52": 1.1200000000000045, 
        "54": -20.62, 
        "41": -127.82
    }, 
    "2": {
        "42": 8.260000000000005, 
        "44": -32.42, 
        "51": -131.38, 
        "43": -80.9, 
        "53": 88.66, 
        "52": 3.6700000000000017, 
        "54": -18.33, 
        "41": -129.79
    }, 
    "5": {
        "42": 15.120000000000005, 
        "44": -42.33, 
        "51": -122.93, 
        "43": -52.88, 
        "53": 74.51, 
        "52": -6.530000000000001, 
        "54": -35.3, 
        "41": -128.64
    }, 
    "4": {
        "42": 14.64, 
        "44": -43.03, 
        "51": -126.11, 
        "43": -60.44, 
        "53": 80.4, 
        "52": -3.5400000000000063, 
        "54": -28.44, 
        "41": -125.46000000000001
    }, 
    "7": {
        "42": 9.329999999999998, 
        "44": -30.55, 
        "51": -120.19, 
        "43": -36.62, 
        "53": 66.42, 
        "52": -13.379999999999995, 
        "54": -44.79, 
        "41": -114.9
    }, 
    "6": {
        "42": 10.079999999999998, 
        "44": -34.68, 
        "51": -120.35, 
        "43": -42.59, 
        "53": 71.34, 
        "52": -10.480000000000004, 
        "54": -39.96, 
        "41": -118.69
    }, 
    "9": {
        "37": 8.89, 
        "34": 14.64, 
        "33": 3.12, 
        "42": 10.840000000000003, 
        "44": -34.24, 
        "51": -110.76, 
        "43": -28.53, 
        "53": 59.3, 
        "52": -25.08, 
        "36": -0.44, 
        "35": 1.27, 
        "54": -49.01, 
        "41": -108.66, 
        "31": 16.75, 
        "32": 0.92
    }, 
    "8": {
        "37": 13.869999999999997, 
        "34": 15.6, 
        "33": 3.21, 
        "42": 6.180000000000007, 
        "44": -29.67, 
        "51": -113.32, 
        "43": -33.19, 
        "53": 64.48, 
        "52": -16.370000000000005, 
        "36": 0.15, 
        "35": 1.45, 
        "54": -48.75, 
        "41": -110.66, 
        "31": 19.65, 
        "32": 0.13
    }, 
    "nb_temps": 19, 
    "speed": {
        "bras_gauche": 0.2, 
        "tete": 0.2, 
        "bras_droit": 0.2, 
        "colonne": 0.2
    }
}