{
    "speed": {
        "bras_gauche": 0.2, 
        "bras_droit": 0.2, 
        "colonne": 0.2
    }, 
    "24": {
        "51": -86.7, 
        "54": -7.96, 
        "44": 1.71, 
        "42": 46.0, 
        "43": 31.6, 
        "53": 84.7, 
        "41": 52.150000000000006, 
        "52": -28.9
    }, 
    "25": {
        "51": -85.74, 
        "54": -6.2, 
        "44": 1.71, 
        "42": 41.96, 
        "43": 40.22, 
        "53": 84.53, 
        "41": 55.78, 
        "52": -20.71
    }, 
    "26": {
        "51": -85.38, 
        "54": -0.48, 
        "44": 1.71, 
        "42": 37.47, 
        "43": 46.2, 
        "53": 84.18, 
        "41": 60.74000000000001, 
        "52": -18.180000000000007
    }, 
    "27": {
        "51": -85.12, 
        "54": 0.48, 
        "44": 1.71, 
        "42": 35.8, 
        "43": 48.84, 
        "53": 84.18, 
        "41": 65.05000000000001, 
        "52": -15.769999999999996
    }, 
    "20": {
        "51": -91.4, 
        "54": -12.7, 
        "44": 1.8, 
        "42": 71.32, 
        "43": -9.89, 
        "53": 61.93, 
        "41": 15.329999999999998, 
        "52": -60.05
    }, 
    "21": {
        "51": -91.81, 
        "54": -8.4, 
        "44": 1.8, 
        "42": 63.14, 
        "43": 0.75, 
        "53": 78.11, 
        "41": 26.25, 
        "52": -43.95
    }, 
    "22": {
        "51": -91.8, 
        "54": -8.4, 
        "44": 1.71, 
        "42": 56.55, 
        "43": 12.0, 
        "53": 82.07, 
        "41": 39.099999999999994, 
        "52": -38.31
    }, 
    "23": {
        "51": -89.25, 
        "54": -8.31, 
        "44": 1.8, 
        "42": 51.54, 
        "43": 20.35, 
        "53": 84.35, 
        "41": 44.56999999999999, 
        "52": -33.2
    }, 
    "28": {
        "51": -84.77, 
        "54": 0.4, 
        "44": 1.71, 
        "42": 35.63, 
        "43": 49.19, 
        "53": 84.18, 
        "41": 65.44, 
        "52": -14.42
    }, 
    "1": {
        "51": -6.530000000000001, 
        "34": -2.95, 
        "33": 0.57, 
        "54": -5.85, 
        "44": -6.29, 
        "42": 87.41, 
        "43": -11.3, 
        "53": 20.79, 
        "41": -5.3799999999999955, 
        "35": 2.51, 
        "32": 4.09, 
        "52": -94.09, 
        "31": -4.35
    }, 
    "3": {
        "51": -10.75, 
        "34": 1.27, 
        "33": 6.11, 
        "54": -6.29, 
        "44": -7.78, 
        "42": 86.0, 
        "43": -12.44, 
        "53": 23.6, 
        "41": -7.670000000000002, 
        "35": 3.3, 
        "32": 4.79, 
        "52": -95.14, 
        "31": -4.26
    }, 
    "2": {
        "51": -9.780000000000001, 
        "34": -0.57, 
        "33": 3.3, 
        "54": -6.29, 
        "44": -6.99, 
        "42": 85.56, 
        "43": -11.82, 
        "53": 20.97, 
        "41": -6.090000000000003, 
        "35": 2.77, 
        "32": 4.18, 
        "52": -94.62, 
        "31": -4.26
    }, 
    "5": {
        "51": -12.150000000000006, 
        "34": 5, 
        "33": 13.93, 
        "54": -8.84, 
        "44": -3.91, 
        "42": 86.09, 
        "43": -12.44, 
        "53": 24.4, 
        "41": -6.530000000000001, 
        "35": 2.86, 
        "32": 4.35, 
        "52": -93.74, 
        "31": -3.56
    }, 
    "4": {
        "51": -12.680000000000007, 
        "34": 3.47, 
        "33": 9.98, 
        "54": -6.37, 
        "44": -7.6, 
        "42": 86.18, 
        "43": -12.44, 
        "53": 23.87, 
        "41": -6.530000000000001, 
        "35": 2.95, 
        "32": 4.7, 
        "52": -94.88, 
        "31": -4.0
    }, 
    "7": {
        "51": -14.439999999999998, 
        "34": 4, 
        "33": 22.73, 
        "54": -19.82, 
        "44": 1.71, 
        "42": 86.35, 
        "43": -12.26, 
        "53": 25.1, 
        "41": -8.290000000000006, 
        "35": 3.47, 
        "32": 4.26, 
        "52": -90.66, 
        "31": -2.42
    }, 
    "6": {
        "51": -11.799999999999997, 
        "34": 5, 
        "33": 18.51, 
        "54": -17.45, 
        "44": 1.45, 
        "42": 86.44, 
        "43": -12.35, 
        "53": 25.01, 
        "41": -6.790000000000006, 
        "35": 3.12, 
        "32": 4.26, 
        "52": -90.57, 
        "31": -3.21
    }, 
    "9": {
        "51": -36.769999999999996, 
        "34": 5, 
        "33": 30.46, 
        "54": -14.2, 
        "44": -1.54, 
        "42": 85.65, 
        "43": -12.26, 
        "53": 25.01, 
        "41": -8.290000000000006, 
        "35": 3.47, 
        "32": 3.56, 
        "52": -92.15, 
        "31": 1.36
    }, 
    "8": {
        "51": -22.900000000000006, 
        "34": 5, 
        "33": 26.77, 
        "54": -17.01, 
        "44": 0.22, 
        "42": 85.65, 
        "43": -12.26, 
        "53": 25.01, 
        "41": -7.409999999999997, 
        "35": 3.47, 
        "32": 4.09, 
        "52": -92.07, 
        "31": -0.57
    }, 
    "nb_temps": 28, 
    "11": {
        "51": -68.36, 
        "34": 7, 
        "33": 38.55, 
        "54": -14.37, 
        "44": -1.36, 
        "42": 86.26, 
        "43": -12.26, 
        "53": 25.19, 
        "41": -12.950000000000003, 
        "35": 4.44, 
        "32": 2.24, 
        "52": -88.54, 
        "31": 4.35
    }, 
    "10": {
        "51": -55.370000000000005, 
        "34": 6, 
        "33": 34.86, 
        "54": -13.67, 
        "44": -1.54, 
        "42": 85.74, 
        "43": -12.26, 
        "53": 25.01, 
        "41": -10.569999999999993, 
        "35": 3.91, 
        "32": 2.95, 
        "52": -92.24, 
        "31": 3.03
    }, 
    "13": {
        "51": -76.78, 
        "54": -15.6, 
        "44": 1.71, 
        "42": 84.68, 
        "43": -12.26, 
        "53": 25.27, 
        "41": -13.560000000000002, 
        "52": -83.92
    }, 
    "12": {
        "51": -72.11999999999999, 
        "34": 8, 
        "33": 40.57, 
        "54": -15.25, 
        "44": 0.66, 
        "42": 86.0, 
        "43": -12.26, 
        "53": 25.19, 
        "41": -13.469999999999999, 
        "35": 5.05, 
        "32": 1.01, 
        "52": -87.75, 
        "31": 4.27
    }, 
    "15": {
        "51": -79.95, 
        "54": -17.36, 
        "44": 1.71, 
        "42": 82.4, 
        "43": -12.26, 
        "53": 25.27, 
        "41": -6.0, 
        "52": -76.01
    }, 
    "14": {
        "51": -80.33, 
        "54": -17.19, 
        "44": 1.71, 
        "42": 83.89, 
        "43": -12.26, 
        "53": 25.27, 
        "41": -11.709999999999994, 
        "52": -78.66
    }, 
    "17": {
        "51": -88.47, 
        "54": -18.42, 
        "44": 1.71, 
        "42": 81.16, 
        "43": -12.26, 
        "53": 25.36, 
        "41": 0.3299999999999983, 
        "52": -65.11
    }, 
    "16": {
        "51": -82.68, 
        "54": -18.07, 
        "44": 1.71, 
        "42": 82.04, 
        "43": -12.26, 
        "53": 25.27, 
        "41": -3.1899999999999977, 
        "52": -71.92
    }, 
    "19": {
        "51": -91.97, 
        "54": -18.51, 
        "44": 1.71, 
        "42": 75.71000000000001, 
        "43": -12.26, 
        "53": 40.84, 
        "41": 2.530000000000001, 
        "52": -50.85
    }, 
    "18": {
        "51": -90.31, 
        "54": -19.56, 
        "44": 1.71, 
        "42": 79.14, 
        "43": -12.26, 
        "53": 26.77, 
        "41": 2.3499999999999943, 
        "52": -58.27
    }
}
