{
    "speed": {
        "bras_gauche": 0.2, 
        "bras_droit": 0.2, 
        "colonne": 0.2
    }, 
    "24": {
        "51": 48.150000000000006, 
        "54": 1.71, 
        "44": -7.96, 
        "42": 28.9, 
        "43": -84.7, 
        "53": -31.6, 
        "41": -86.7, 
        "52": -46.0
    }, 
    "25": {
        "51": 53.78, 
        "54": 1.71, 
        "44": -6.2, 
        "42": 20.71, 
        "43": -84.53, 
        "53": -40.22, 
        "41": -85.74, 
        "52": -41.96
    }, 
    "26": {
        "51": 57.74000000000001, 
        "54": 1.71, 
        "44": -0.48, 
        "42": 12.180000000000007, 
        "43": -84.18, 
        "53": -46.2, 
        "41": -85.38, 
        "52": -37.47
    }, 
    "27": {
        "51": 59.05000000000001, 
        "54": 1.71, 
        "44": 0.48, 
        "42": 8.769999999999996, 
        "43": -84.18, 
        "53": -48.84, 
        "41": -85.12, 
        "52": -35.8
    }, 
    "20": {
        "51": 8.329999999999998, 
        "54": 1.8, 
        "44": -12.7, 
        "42": 60.05, 
        "43": -61.93, 
        "53": 9.89, 
        "41": -91.4, 
        "52": -71.32
    }, 
    "21": {
        "51": 21.25, 
        "54": 1.8, 
        "44": -8.4, 
        "42": 43.95, 
        "43": -78.11, 
        "53": -0.75, 
        "41": -91.81, 
        "52": -63.14
    }, 
    "22": {
        "51": 31.099999999999994, 
        "54": 1.71, 
        "44": -8.4, 
        "42": 38.31, 
        "43": -82.07, 
        "53": -12.0, 
        "41": -91.8, 
        "52": -56.55
    }, 
    "23": {
        "51": 38.56999999999999, 
        "54": 1.8, 
        "44": -8.31, 
        "42": 33.2, 
        "43": -84.35, 
        "53": -20.35, 
        "41": -89.25, 
        "52": -51.54
    }, 
    "28": {
        "51": 58.44, 
        "54": 1.71, 
        "44": 0.4, 
        "42": 4.42, 
        "43": -84.18, 
        "53": -49.19, 
        "41": -84.77, 
        "52": -35.63
    }, 
    "1": {
        "51": -5.3799999999999955, 
        "34": -2.95, 
        "33": -0.57, 
        "54": -6.29, 
        "44": -5.85, 
        "42": 94.09, 
        "43": -20.79, 
        "53": 11.3, 
        "41": -6.530000000000001, 
        "35": -2.51, 
        "32": 4.09, 
        "52": -87.41, 
        "31": -4.35
    }, 
    "3": {
        "51": -7.670000000000002, 
        "34": 1.27, 
        "33": -6.11, 
        "54": -7.78, 
        "44": -6.29, 
        "42": 95.14, 
        "43": -23.6, 
        "53": 12.44, 
        "41": -10.75, 
        "35": -3.3, 
        "32": 4.79, 
        "52": -86.0, 
        "31": -4.26
    }, 
    "2": {
        "51": -6.090000000000003, 
        "34": -0.57, 
        "33": -3.3, 
        "54": -6.99, 
        "44": -6.29, 
        "42": 94.62, 
        "43": -20.97, 
        "53": 11.82, 
        "41": -9.780000000000001, 
        "35": -2.77, 
        "32": 4.18, 
        "52": -85.56, 
        "31": -4.26
    }, 
    "5": {
        "51": -6.530000000000001, 
        "34": 5.41, 
        "33": -13.93, 
        "54": -3.91, 
        "44": -8.84, 
        "42": 93.74, 
        "43": -24.4, 
        "53": 12.44, 
        "41": -12.150000000000006, 
        "35": -2.86, 
        "32": 4.35, 
        "52": -86.09, 
        "31": -3.56
    }, 
    "4": {
        "51": -6.530000000000001, 
        "34": 3.47, 
        "33": -9.98, 
        "54": -7.6, 
        "44": -6.37, 
        "42": 94.88, 
        "43": -23.87, 
        "53": 12.44, 
        "41": -12.680000000000007, 
        "35": -2.95, 
        "32": 4.7, 
        "52": -86.18, 
        "31": -4.0
    }, 
    "7": {
        "51": -8.290000000000006, 
        "34": 9.98, 
        "33": -22.73, 
        "54": 1.71, 
        "44": -19.82, 
        "42": 90.66, 
        "43": -25.1, 
        "53": 12.26, 
        "41": -14.439999999999998, 
        "35": -3.47, 
        "32": 4.26, 
        "52": -86.35, 
        "31": -2.42
    }, 
    "6": {
        "51": -6.790000000000006, 
        "34": 7.69, 
        "33": -18.51, 
        "54": 1.45, 
        "44": -17.45, 
        "42": 90.57, 
        "43": -25.01, 
        "53": 12.35, 
        "41": -11.799999999999997, 
        "35": -3.12, 
        "32": 4.26, 
        "52": -86.44, 
        "31": -3.21
    }, 
    "9": {
        "51": -8.290000000000006, 
        "34": 11.74, 
        "33": -30.46, 
        "54": -1.54, 
        "44": -14.2, 
        "42": 92.15, 
        "43": -25.01, 
        "53": 12.26, 
        "41": -36.769999999999996, 
        "35": -3.47, 
        "32": 3.56, 
        "52": -85.65, 
        "31": 1.36
    }, 
    "8": {
        "51": -7.409999999999997, 
        "34": 11.21, 
        "33": -26.77, 
        "54": 0.22, 
        "44": -17.01, 
        "42": 92.07, 
        "43": -25.01, 
        "53": 12.26, 
        "41": -22.900000000000006, 
        "35": -3.47, 
        "32": 4.09, 
        "52": -85.65, 
        "31": -0.57
    }, 
    "nb_temps": 28, 
    "11": {
        "51": -12.950000000000003, 
        "34": 11.56, 
        "33": -38.55, 
        "54": -1.36, 
        "44": -14.37, 
        "42": 88.54, 
        "43": -25.19, 
        "53": 12.26, 
        "41": -68.36, 
        "35": -4.44, 
        "32": 2.24, 
        "52": -86.26, 
        "31": 4.35
    }, 
    "10": {
        "51": -10.569999999999993, 
        "34": 11.91, 
        "33": -34.86, 
        "54": -1.54, 
        "44": -13.67, 
        "42": 92.24, 
        "43": -25.01, 
        "53": 12.26, 
        "41": -55.370000000000005, 
        "35": -3.91, 
        "32": 2.95, 
        "52": -85.74, 
        "31": 3.03
    }, 
    "13": {
        "51": -13.560000000000002, 
        "54": 1.71, 
        "44": -15.6, 
        "42": 83.92, 
        "43": -25.27, 
        "53": 12.26, 
        "41": -76.78, 
        "52": -84.68
    }, 
    "12": {
        "51": -13.469999999999999, 
        "34": 10.68, 
        "33": -40.57, 
        "54": 0.66, 
        "44": -15.25, 
        "42": 87.75, 
        "43": -25.19, 
        "53": 12.26, 
        "41": -72.119999999999997, 
        "35": -5.05, 
        "32": 1.01, 
        "52": -86.0, 
        "31": 4.27
    }, 
    "15": {
        "51": -6.0, 
        "54": 1.71, 
        "44": -17.36, 
        "42": 76.01, 
        "43": -25.27, 
        "53": 12.26, 
        "41": -79.95, 
        "52": -82.4
    }, 
    "14": {
        "51": -11.709999999999994, 
        "54": 1.71, 
        "44": -17.19, 
        "42": 78.66, 
        "43": -25.27, 
        "53": 12.26, 
        "41": -80.33, 
        "52": -83.89
    }, 
    "17": {
        "51": 0.3299999999999983, 
        "54": 1.71, 
        "44": -18.42, 
        "42": 65.11, 
        "43": -25.36, 
        "53": 12.26, 
        "41": -88.47, 
        "52": -81.16
    }, 
    "16": {
        "51": -3.1899999999999977, 
        "54": 1.71, 
        "44": -18.07, 
        "42": 71.92, 
        "43": -25.27, 
        "53": 12.26, 
        "41": -82.68, 
        "52": -82.04
    }, 
    "19": {
        "51": 2.530000000000001, 
        "54": 1.71, 
        "44": -18.51, 
        "42": 50.85, 
        "43": -40.84, 
        "53": 12.26, 
        "41": -91.97, 
        "52": -75.71000000000001
    }, 
    "18": {
        "51": 2.3499999999999943, 
        "54": 1.71, 
        "44": -19.56, 
        "42": 58.27, 
        "43": -26.77, 
        "53": 12.26, 
        "41": -90.31, 
        "52": -79.14
    }
}
