{
    "speed": {
        "bras_droit": 0.2
    }, 
    "1": {
        "54": -43.21, 
        "51": -2.569999999999993, 
        "53": 5.32, 
        "52": -11.36
    }, 
    "2": {
        "54": -43.3, 
        "51": -6.6200000000000045, 
        "53": 5.14, 
        "52": -14.620000000000005
    }, 
    "3": {
        "54": -43.38, 
        "51": -15.049999999999997, 
        "53": 4.88, 
        "52": -18.659999999999997
    }, 
    "4": {
        "54": -43.38, 
        "51": -15.049999999999997, 
        "53": 4.88, 
        "52": -18.659999999999997
    }, 
    "5": {
        "54": -43.38, 
        "51": -15.049999999999997, 
        "53": 4.88, 
        "52": -18.659999999999997
    }, 
    "6": {
        "54": -47.43, 
        "51": -56.64, 
        "53": 3.03, 
        "52": -37.21
    }, 
    "7": {
        "54": -47.96, 
        "51": -71.85, 
        "53": 7.34, 
        "52": -39.14
    }, 
    "8": {
        "54": -48.13, 
        "51": -90.22, 
        "53": 13.49, 
        "52": -44.51
    }, 
    "9": {
        "54": -48.13, 
        "51": -114.57, 
        "53": 13.67, 
        "52": -54.7
    }, 
    "10": {
        "54": -51.38, 
        "51": -130.22, 
        "53": 18.33, 
        "52": -66.31
    }, 
    "11": {
        "54": -52.53, 
        "51": -139.19, 
        "53": 23.25, 
        "52": -80.02
    }, 
    "12": {
        "54": -53.41, 
        "51": -137.6, 
        "53": 23.78, 
        "52": -83.71
    }, 
    "13": {
        "54": -79.6, 
        "51": -133.47, 
        "53": 27.12, 
        "52": -81.87
    }, 
    "14": {
        "54": -102.11, 
        "51": -133.03, 
        "53": 29.05, 
        "52": -82.13
    }, 
    "15": {
        "54": -117.14, 
        "51": -132.24, 
        "53": 29.49, 
        "52": -82.84
    }, 
    "16": {
        "54": -100.18, 
        "51": -130.4, 
        "53": 29.93, 
        "52": -83.01
    }, 
    "17": {
        "54": -77.32, 
        "51": -129.87, 
        "53": 30.99, 
        "52": -81.6
    }, 
    "18": {
        "54": -63.25, 
        "51": -127.58, 
        "53": 32.13, 
        "52": -82.66
    }, 
    "19": {
        "54": -50.24, 
        "51": -127.67, 
        "53": 29.67, 
        "52": -83.8
    }, 
    "20": {
        "54": -46.11, 
        "51": -128.73, 
        "53": 24.31, 
        "52": -83.01
    }, 
    "21": {
        "54": -69.49, 
        "51": -127.58, 
        "53": 21.85, 
        "52": -81.6
    }, 
    "22": {
        "54": -88.84, 
        "51": -126.78999999999999, 
        "53": 22.2, 
        "52": -80.64
    }, 
    "23": {
        "54": -102.55, 
        "51": -121.43, 
        "53": 23.43, 
        "52": -81.16
    }, 
    "24": {
        "54": -101.23, 
        "51": -111.67, 
        "53": 23.43, 
        "52": -82.04
    }, 
    "25": {
        "54": -96.48, 
        "51": -100.51, 
        "53": 23.6, 
        "52": -81.69
    }, 
    "26": {
        "54": -87.96, 
        "51": -91.1, 
        "53": 23.08, 
        "52": -70.97
    }, 
    "27": {
        "54": -75.56, 
        "51": -86.09, 
        "53": 16.84, 
        "52": -59.54
    }, 
    "28": {
        "54": -63.78, 
        "51": -78.97, 
        "53": 10.07, 
        "52": -47.05
    }, 
    "29": {
        "54": -61.41, 
        "51": -65.08, 
        "53": -2.68, 
        "52": -35.98
    }, 
    "30": {
        "54": -61.58, 
        "51": -53.21, 
        "53": -11.3, 
        "52": -29.21
    }, 
    "31": {
        "54": -67.21, 
        "51": -30.439999999999998, 
        "53": -12.18, 
        "52": -19.269999999999996
    }, 
    "32": {
        "54": -71.69, 
        "51": -13.909999999999997, 
        "53": -10.68, 
        "52": -11.189999999999998
    }, 
    "33": {
        "54": -68.97, 
        "51": -2.569999999999993, 
        "53": -7.52, 
        "52": -5.1200000000000045
    }, 
    "34": {
        "54": -66.24, 
        "51": 3.930000000000007, 
        "53": -6.73, 
        "52": -2.0400000000000063
    }, 
    "35": {
        "54": -60.62, 
        "51": 5.780000000000001, 
        "53": -7.25, 
        "52": -2.9200000000000017
    }, 
    "36": {
        "54": -55.96, 
        "51": 4.989999999999995, 
        "53": -7.6, 
        "52": -3.5400000000000063
    }, 
    "37": {
        "54": -55.25, 
        "51": 4.200000000000003, 
        "53": -7.6, 
        "52": -3.3599999999999994
    }, 
    "nb_temps": 37
}