{
    "speed": {
        "bras_gauche": 0.2
    }, 
    "1": {
        "44": -45.85, 
        "42": 8.64, 
        "43": -9.63, 
        "41": -1.0799999999999983
    }, 
    "2": {
        "44": -46.02, 
        "42": 10.310000000000002, 
        "43": -9.63, 
        "41": -1.4300000000000068
    }, 
    "3": {
        "44": -46.2, 
        "42": 16.200000000000003, 
        "43": -9.54, 
        "41": -2.480000000000004
    }, 
    "4": {
        "44": -46.2, 
        "42": 21.03, 
        "43": -8.57, 
        "41": -5.3799999999999955
    }, 
    "5": {
        "44": -45.58, 
        "42": 29.03, 
        "43": -5.76, 
        "41": -13.299999999999997
    }, 
    "6": {
        "44": -45.23, 
        "42": 39.32, 
        "43": -0.66, 
        "41": -29.03
    }, 
    "7": {
        "44": -45.14, 
        "42": 49.87, 
        "43": -2.95, 
        "41": -46.79
    }, 
    "8": {
        "44": -37.05, 
        "42": 62.97, 
        "43": -13.05, 
        "41": -73.25
    }, 
    "9": {
        "44": -36.53, 
        "42": 65.16, 
        "43": -31.25, 
        "41": -98.75
    }, 
    "10": {
        "44": -44.18, 
        "42": 63.41, 
        "43": -46.73, 
        "41": -121.08
    }, 
    "11": {
        "44": -44.53, 
        "42": 54.7, 
        "43": -65.89, 
        "41": -145.07999999999998
    }, 
    "12": {
        "44": -36.26, 
        "42": 40.55, 
        "43": -86.29, 
        "41": -165.91
    }, 
    "13": {
        "44": -20.35, 
        "42": 22.439999999999998, 
        "43": -89.36, 
        "41": -179.01
    }, 
    "14": {
        "44": -15.96, 
        "42": 15.230000000000004, 
        "43": -89.89, 
        "41": -186.48000000000002
    }, 
    "15": {
        "44": -14.2, 
        "42": 9.599999999999994, 
        "43": -89.8, 
        "41": -189.82
    }, 
    "16": {
        "44": -8.13, 
        "42": 8.11, 
        "43": -89.19, 
        "41": -191.57999999999998
    }, 
    "17": {
        "44": -1.54, 
        "42": 15.049999999999997, 
        "43": -89.45, 
        "41": -188.07
    }, 
    "18": {
        "44": 1.63, 
        "42": 24.810000000000002, 
        "43": -89.27, 
        "41": -187.1
    }, 
    "19": {
        "44": 1.63, 
        "42": 32.9, 
        "43": -89.45, 
        "41": -188.15
    }, 
    "20": {
        "44": 1.63, 
        "42": 38.44, 
        "43": -89.45, 
        "41": -189.74
    }, 
    "21": {
        "44": 1.63, 
        "42": 39.58, 
        "43": -89.45, 
        "41": -189.82
    }, 
    "22": {
        "44": -7.34, 
        "42": 36.07, 
        "43": -91.03, 
        "41": -187.63
    }, 
    "23": {
        "44": -21.58, 
        "42": 31.32, 
        "43": -93.32, 
        "41": -180.24
    }, 
    "24": {
        "44": -23.69, 
        "42": 26.659999999999997, 
        "43": -92.97, 
        "41": -167.67000000000002
    }, 
    "25": {
        "44": -25.45, 
        "42": 24.11, 
        "43": -87.96, 
        "41": -152.64
    }, 
    "26": {
        "44": -28.09, 
        "42": 24.900000000000006, 
        "43": -85.32, 
        "41": -138.66
    }, 
    "27": {
        "44": -31.25, 
        "42": 35.1, 
        "43": -72.22, 
        "41": -128.37
    }, 
    "28": {
        "44": -51.03, 
        "42": 55.41, 
        "43": -47.96, 
        "41": -113.87
    }, 
    "29": {
        "44": -66.15, 
        "42": 68.24, 
        "43": -12.26, 
        "41": -84.59
    }, 
    "30": {
        "44": -73.01, 
        "42": 68.42, 
        "43": 28.7, 
        "41": -50.57
    }, 
    "31": {
        "44": -89.89, 
        "42": 54.44, 
        "43": 52.7, 
        "41": -22.620000000000005
    }, 
    "32": {
        "44": -111.52, 
        "42": 33.08, 
        "43": 41.45, 
        "41": -18.22
    }, 
    "33": {
        "44": -117.49, 
        "42": 6.530000000000001, 
        "43": 29.76, 
        "41": -16.019999999999996
    }, 
    "34": {
        "44": -105.54, 
        "42": -3.760000000000005, 
        "43": 20.18, 
        "41": -6.0
    }, 
    "35": {
        "44": -85.41, 
        "42": -2.260000000000005, 
        "43": 11.3, 
        "41": -1.9599999999999937
    }, 
    "36": {
        "44": -64.31, 
        "42": 1.25, 
        "43": 4.44, 
        "41": -2.6599999999999966
    }, 
    "37": {
        "44": -58.51, 
        "42": 5.560000000000002, 
        "43": -6.37, 
        "41": -0.730000000000004
    }, 
    "38": {
        "44": -57.98, 
        "42": 8.11, 
        "43": -12.62, 
        "41": 1.2099999999999937
    }, 
    "39": {
        "44": -54.81, 
        "42": 8.290000000000006, 
        "43": -13.05, 
        "41": 1.0300000000000011
    }, 
    "40": {
        "44": -48.84, 
        "42": 8.459999999999994, 
        "43": -13.05, 
        "41": -0.20000000000000284
    }, 
    "41": {
        "44": -47.69, 
        "42": 8.730000000000004, 
        "43": -13.05, 
        "41": -0.29000000000000625
    }, 
    "42": {
        "44": -47.6, 
        "42": 8.64, 
        "43": -13.05, 
        "41": -0.20000000000000284
    }, 
    "nb_temps": 42
}