{
    "speed": {
        "bras_gauche": 0.2, 
        "tete": 0.6000000000000001, 
        "bras_droit": 0.2
    }, 
    "1": {
        "51": -183.41, 
        "41": -179.36, 
        "37": 1.2600000000000016, 
        "44": 1.01, 
        "42": 35.01, 
        "36": 3.67, 
        "53": 44.18, 
        "43": -33.1, 
        "54": -3.56, 
        "52": -28.33
    }, 
    "2": {
        "51": -183.49, 
        "41": -179.19, 
        "37": 3.8999999999999986, 
        "44": 1.01, 
        "42": 51.45, 
        "36": 3.37, 
        "53": 44.09, 
        "43": -33.1, 
        "54": -3.65, 
        "52": -40.64
    }, 
    "3": {
        "51": -186.84, 
        "41": -181.20999999999998, 
        "37": 9.77, 
        "44": -2.42, 
        "42": 90.75, 
        "36": 3.37, 
        "53": 44.09, 
        "43": -32.92, 
        "54": -3.74, 
        "52": -47.67
    }, 
    "4": {
        "51": -176.99, 
        "41": -170.92000000000002, 
        "37": 15.630000000000003, 
        "44": -4.62, 
        "42": 94.62, 
        "36": 3.37, 
        "53": 43.65, 
        "43": -32.48, 
        "54": -4.18, 
        "52": -51.71
    }, 
    "5": {
        "51": -144.46, 
        "41": -173.74, 
        "37": 14.75, 
        "44": -1.36, 
        "42": 98.13, 
        "36": 3.96, 
        "53": 41.54, 
        "43": -32.4, 
        "54": -4.97, 
        "52": -58.4
    }, 
    "6": {
        "51": -114.57, 
        "41": -172.86, 
        "37": 9.469999999999999, 
        "44": -1.36, 
        "42": 91.19, 
        "36": 3.96, 
        "53": 41.36, 
        "43": -32.84, 
        "54": -12.62, 
        "52": -60.769999999999996
    }, 
    "7": {
        "51": -95.41, 
        "41": -159.67000000000002, 
        "37": 1.5500000000000007, 
        "44": -1.98, 
        "42": 77.91, 
        "36": 3.96, 
        "53": 40.31, 
        "43": -33.19, 
        "54": -19.03, 
        "52": -61.47
    }, 
    "8": {
        "51": -79.14, 
        "41": -136.37, 
        "37": -3.719999999999999, 
        "44": -1.01, 
        "42": 68.24, 
        "36": 3.67, 
        "53": 40.13, 
        "43": -34.07, 
        "54": -17.89, 
        "52": -61.3
    }, 
    "9": {
        "51": -67.36, 
        "41": -102.26, 
        "37": -3.1400000000000006, 
        "44": -4.7, 
        "42": 64.11, 
        "36": 1.91, 
        "53": 40.48, 
        "43": -34.42, 
        "54": -13.85, 
        "52": -59.54
    }, 
    "10": {
        "51": -59.54, 
        "41": -74.22, 
        "37": 0.6700000000000017, 
        "44": -15.16, 
        "42": 57.78, 
        "36": 0.44, 
        "53": 42.33, 
        "43": -36.09, 
        "54": -7.87, 
        "52": -55.32
    }, 
    "11": {
        "51": -56.64, 
        "41": -59.1, 
        "37": 4.489999999999998, 
        "44": -27.12, 
        "42": 52.24, 
        "36": 0.44, 
        "53": 45.32, 
        "43": -42.95, 
        "54": -1.01, 
        "52": -50.92
    }, 
    "12": {
        "51": -50.66, 
        "41": -50.31, 
        "37": 4.190000000000001, 
        "44": -20.53, 
        "42": 44.68, 
        "36": 0.73, 
        "53": 48.84, 
        "43": -52.62, 
        "54": 1.1, 
        "52": -45.82
    }, 
    "nb_temps": 31, 
    "13": {
        "42": 42.31, 
        "44": -18.33, 
        "51": -40.64, 
        "43": -56.31, 
        "53": 51.3, 
        "52": -42.13, 
        "54": 1.1, 
        "41": -41.96
    }, 
    "14": {
        "42": 45.12, 
        "44": -18.24, 
        "51": -30.090000000000003, 
        "43": -56.31, 
        "53": 52.26, 
        "52": -39.32, 
        "54": 1.1, 
        "41": -31.490000000000002
    }, 
    "15": {
        "42": 44.24, 
        "44": -18.07, 
        "51": -21.739999999999995, 
        "43": -56.31, 
        "53": 52.88, 
        "52": -39.14, 
        "54": 1.1, 
        "41": -29.119999999999997
    }, 
    "16": {
        "42": 36.95, 
        "44": -17.89, 
        "51": -21.47, 
        "43": -56.31, 
        "53": 52.79, 
        "52": -35.45, 
        "54": 1.1, 
        "41": -22.349999999999994
    }, 
    "17": {
        "42": 29.380000000000003, 
        "44": -15.78, 
        "51": -16.11, 
        "43": -56.31, 
        "53": 48.04, 
        "52": -31.229999999999997, 
        "54": 1.1, 
        "41": -16.810000000000002
    }, 
    "18": {
        "42": 21.299999999999997, 
        "44": -14.2, 
        "51": -11.36, 
        "43": -56.31, 
        "53": 28.88, 
        "52": -20.510000000000005, 
        "54": 1.1, 
        "41": -11.799999999999997
    }, 
    "19": {
        "42": 18.22, 
        "44": -11.82, 
        "51": -5.469999999999999, 
        "43": -56.31, 
        "53": 17.19, 
        "52": -12.86, 
        "54": 1.1, 
        "41": -7.409999999999997
    }, 
    "20": {
        "42": 16.459999999999994, 
        "44": -6.37, 
        "51": -0.01999999999999602, 
        "43": -56.31, 
        "53": 11.12, 
        "52": -8.810000000000002, 
        "54": 1.1, 
        "41": -2.569999999999993
    }, 
    "21": {
        "42": 16.11, 
        "44": 0.92, 
        "51": -2.1299999999999955, 
        "43": -55.69, 
        "53": -2.51, 
        "52": -9.159999999999997, 
        "54": 1.19, 
        "41": -2.9200000000000017
    }, 
    "22": {
        "42": 17.78, 
        "44": 1.63, 
        "51": -5.739999999999995, 
        "43": -39.43, 
        "53": -8.31, 
        "52": -10.840000000000003, 
        "54": 1.19, 
        "41": -6.349999999999994
    }, 
    "23": {
        "42": 17.959999999999994, 
        "44": 1.63, 
        "51": -8.549999999999997, 
        "43": -17.71, 
        "53": -5.93, 
        "52": -13.739999999999995, 
        "54": 1.19, 
        "41": -9.519999999999996
    }, 
    "24": {
        "42": 17.159999999999997, 
        "44": 1.63, 
        "51": -11.099999999999994, 
        "43": -10.77, 
        "53": -1.8, 
        "52": -17.689999999999998, 
        "54": 1.19, 
        "41": -9.25
    }, 
    "25": {
        "42": 12.950000000000003, 
        "44": 1.63, 
        "51": -8.810000000000002, 
        "43": -7.16, 
        "53": -1.63, 
        "52": -15.930000000000007, 
        "54": 1.19, 
        "41": -7.319999999999993
    }, 
    "26": {
        "42": 9.780000000000001, 
        "44": 1.63, 
        "51": -6.700000000000003, 
        "43": -5.85, 
        "53": -3.03, 
        "52": -10.659999999999997, 
        "54": 1.19, 
        "41": -6.180000000000007
    }, 
    "27": {
        "42": 10.040000000000006, 
        "44": 1.63, 
        "51": -6.349999999999994, 
        "43": -5.85, 
        "53": -2.95, 
        "52": -8.810000000000002, 
        "54": 1.19, 
        "41": -6.180000000000007
    }, 
    "28": {
        "42": 10.040000000000006, 
        "44": 1.63, 
        "51": -6.260000000000005, 
        "43": -5.85, 
        "53": -3.03, 
        "52": -8.810000000000002, 
        "54": 1.19, 
        "41": -5.819999999999993
    }, 
    "29": {
        "42": 10.400000000000006, 
        "44": 1.63, 
        "51": -6.260000000000005, 
        "43": -5.85, 
        "53": -3.03, 
        "52": -8.730000000000004, 
        "54": 1.19, 
        "41": -5.819999999999993
    }, 
    "30": {
        "42": 10.480000000000004, 
        "44": 1.63, 
        "51": -6.260000000000005, 
        "43": -5.85, 
        "53": -3.03, 
        "52": -8.64, 
        "54": 1.19, 
        "41": -5.909999999999997
    }, 
    "31": {
        "42": 10.480000000000004, 
        "44": 1.63, 
        "51": -6.180000000000007, 
        "43": -5.76, 
        "53": -3.03, 
        "52": -8.730000000000004, 
        "54": 1.19, 
        "41": -5.909999999999997
    }
}