{
    "speed": {
        "bras_gauche": 0.2, 
        "bras_droit": 0.2
    }, 
    "1": {
        "42": 6.180000000000007, 
        "44": -51.91, 
        "51": -14.620000000000005, 
        "43": 5.58, 
        "53": 7.78, 
        "52": -7.319999999999993, 
        "54": -36.7, 
        "41": -4.420000000000002
    }, 
    "2": {
        "42": 5.819999999999993, 
        "44": -52.53, 
        "51": -14.879999999999995, 
        "43": 5.49, 
        "53": 7.34, 
        "52": -10.480000000000004, 
        "54": -37.14, 
        "41": -4.510000000000005
    }, 
    "3": {
        "42": 6.180000000000007, 
        "44": -52.53, 
        "51": -15.049999999999997, 
        "43": 5.49, 
        "53": 7.6, 
        "52": -13.299999999999997, 
        "54": -37.41, 
        "41": -4.510000000000005
    }, 
    "4": {
        "42": 9.780000000000001, 
        "44": -51.56, 
        "51": -15.14, 
        "43": 5.49, 
        "53": 7.52, 
        "52": -16.11, 
        "54": -37.32, 
        "41": -4.329999999999998
    }, 
    "5": {
        "42": 12.950000000000003, 
        "44": -50.42, 
        "51": -15.14, 
        "43": 5.49, 
        "53": 7.34, 
        "52": -19.89, 
        "54": -37.41, 
        "41": -4.239999999999995
    }, 
    "6": {
        "42": 14.700000000000003, 
        "44": -49.54, 
        "51": -14.969999999999999, 
        "43": 5.49, 
        "53": 6.99, 
        "52": -22.790000000000006, 
        "54": -37.32, 
        "41": -4.420000000000002
    }, 
    "7": {
        "42": 15.049999999999997, 
        "44": -49.54, 
        "51": -14.439999999999998, 
        "43": 5.49, 
        "53": 6.9, 
        "52": -24.549999999999997, 
        "54": -37.32, 
        "41": -4.329999999999998
    }, 
    "8": {
        "42": 15.579999999999998, 
        "44": -49.54, 
        "51": -14.349999999999994, 
        "43": 5.58, 
        "53": 6.99, 
        "52": -26.04, 
        "54": -37.32, 
        "41": -4.239999999999995
    }, 
    "9": {
        "42": 16.370000000000005, 
        "44": -49.54, 
        "51": -14.349999999999994, 
        "43": 5.67, 
        "53": 6.64, 
        "52": -27.450000000000003, 
        "54": -37.32, 
        "41": -4.329999999999998
    }, 
    "10": {
        "42": 17.340000000000003, 
        "44": -49.54, 
        "51": -14.349999999999994, 
        "43": 5.67, 
        "53": 6.64, 
        "52": -28.590000000000003, 
        "54": -37.32, 
        "41": -4.329999999999998
    }, 
    "11": {
        "42": 18.129999999999995, 
        "44": -49.45, 
        "51": -14.349999999999994, 
        "43": 5.58, 
        "53": 6.55, 
        "52": -29.65, 
        "54": -37.32, 
        "41": -4.239999999999995
    }, 
    "12": {
        "42": 18.129999999999995, 
        "44": -49.54, 
        "51": -14.349999999999994, 
        "43": 5.49, 
        "53": 6.55, 
        "52": -29.740000000000002, 
        "54": -37.32, 
        "41": -4.239999999999995
    }, 
    "nb_temps": 12
}