{
    "11": {
        "37": -18.39, 
        "34": 19.12, 
        "33": 9.89, 
        "42": 61.379999999999995, 
        "44": -47.52, 
        "51": -121.34, 
        "43": -64.13, 
        "53": 65.01, 
        "52": -47.93, 
        "36": 0.15, 
        "35": -3.3, 
        "54": -34.68, 
        "41": -107.89, 
        "31": 6.46, 
        "32": -4.09
    }, 
    "10": {
        "37": -15.75, 
        "34": 20.53, 
        "33": 11.3, 
        "42": 48.2, 
        "44": -44.0, 
        "51": -129.25, 
        "43": -81.71, 
        "53": 64.66, 
        "52": -44.95, 
        "36": 0.15, 
        "35": -2.15, 
        "54": -34.68, 
        "41": -133.65, 
        "31": 8.75, 
        "32": -5.85
    }, 
    "13": {
        "34": 12.62, 
        "33": 4.35, 
        "42": 63.05, 
        "44": -44.97, 
        "51": -98.48, 
        "43": -39.52, 
        "53": 60.53, 
        "52": -56.99, 
        "35": -3.3, 
        "54": -34.86, 
        "41": -69.38, 
        "31": 0.13, 
        "32": 1.27
    }, 
    "12": {
        "37": -19.56, 
        "34": 16.04, 
        "33": 7.16, 
        "42": 63.14, 
        "44": -46.64, 
        "51": -108.33, 
        "43": -49.45, 
        "53": 63.25, 
        "52": -52.95, 
        "36": 0.15, 
        "35": -3.38, 
        "54": -34.86, 
        "41": -85.21, 
        "31": 2.86, 
        "32": -0.84
    }, 
    "15": {
        "37": -19.56, 
        "34": -1.54, 
        "33": 0.4, 
        "42": 61.21, 
        "44": -44.53, 
        "51": -93.65, 
        "43": -39.78, 
        "53": 76.0, 
        "52": -67.36, 
        "36": 0.15, 
        "35": 1.01, 
        "54": -34.77, 
        "41": -60.59, 
        "31": -3.74, 
        "32": 3.47
    }, 
    "14": {
        "34": 6.64, 
        "33": 2.77, 
        "42": 62.35, 
        "44": -44.09, 
        "51": -96.73, 
        "43": -38.11, 
        "53": 66.86, 
        "52": -61.03, 
        "35": -1.8, 
        "54": -34.42, 
        "41": -60.86, 
        "31": -0.66, 
        "32": 2.59
    }, 
    "speed": {
        "bras_gauche": 0.2, 
        "tete": 0.2, 
        "bras_droit": 0.2, 
        "colonne": 0.2
    }, 
    "1": {
        "42": -12.290000000000006, 
        "44": 1.63, 
        "51": -135.76, 
        "43": -90.07, 
        "53": 66.07, 
        "52": 13.340000000000003, 
        "54": -2.07, 
        "41": -141.91
    }, 
    "3": {
        "42": -13.159999999999997, 
        "44": 1.63, 
        "51": -135.67000000000002, 
        "43": -86.55, 
        "53": 64.13, 
        "52": 10.790000000000006, 
        "36": -0.44, 
        "37": 8.89, 
        "54": -1.98, 
        "41": -140.42000000000002
    }, 
    "2": {
        "42": -12.11, 
        "44": 1.63, 
        "51": -134.35, 
        "43": -89.19, 
        "53": 64.22, 
        "52": 12.900000000000006, 
        "36": 0.15, 
        "37": 13.869999999999997, 
        "54": -2.07, 
        "41": -140.07
    }, 
    "5": {
        "37": 0.9699999999999989, 
        "34": 18.68, 
        "33": 12.09, 
        "42": -12.810000000000002, 
        "44": 1.19, 
        "51": -140.15, 
        "43": -85.93, 
        "53": 56.48, 
        "52": -4.069999999999993, 
        "36": 0.15, 
        "35": 2.68, 
        "54": -15.34, 
        "41": -150.18, 
        "31": 18.42, 
        "32": -14.37
    }, 
    "4": {
        "37": 4.780000000000001, 
        "34": 18.51, 
        "33": 12.09, 
        "42": -12.989999999999995, 
        "44": 1.19, 
        "51": -140.86, 
        "43": -86.02, 
        "53": 62.02, 
        "52": 5.599999999999994, 
        "36": 0.15, 
        "35": 2.77, 
        "54": -4.09, 
        "41": -146.22, 
        "31": 18.51, 
        "32": -14.46
    }, 
    "7": {
        "37": -6.07, 
        "34": 19.91, 
        "33": 13.05, 
        "42": -7.099999999999994, 
        "44": 1.19, 
        "51": -139.01, 
        "43": -87.25, 
        "53": 59.47, 
        "52": -26.57, 
        "36": 0.15, 
        "35": 1.45, 
        "54": -34.33, 
        "41": -148.86, 
        "31": 16.31, 
        "32": -12.44
    }, 
    "6": {
        "37": -2.5500000000000007, 
        "34": 19.21, 
        "33": 12.44, 
        "42": -11.760000000000005, 
        "44": 1.19, 
        "51": -136.81, 
        "43": -86.46, 
        "53": 56.48, 
        "52": -16.810000000000002, 
        "36": 0.15, 
        "35": 2.42, 
        "54": -30.37, 
        "41": -150.09, 
        "31": 17.98, 
        "32": -14.11
    }, 
    "9": {
        "37": -12.23, 
        "34": 21.14, 
        "33": 12.35, 
        "42": 24.900000000000006, 
        "44": -22.9, 
        "51": -132.68, 
        "43": -90.24, 
        "53": 62.29, 
        "52": -37.74, 
        "36": 0.15, 
        "35": -0.75, 
        "54": -33.98, 
        "41": -144.2, 
        "31": 11.47, 
        "32": -7.69
    }, 
    "8": {
        "37": -9.0, 
        "34": 20.7, 
        "33": 13.32, 
        "42": 4.590000000000003, 
        "44": -3.12, 
        "51": -138.22, 
        "43": -89.19, 
        "53": 61.67, 
        "52": -32.55, 
        "36": 0.15, 
        "35": 0.13, 
        "54": -34.24, 
        "41": -148.15, 
        "31": 14.37, 
        "32": -10.15
    }, 
    "nb_temps": 15
}