{
    "speed": {
        "bras_gauche": 0.2, 
        "tete": 0.2, 
        "bras_droit": 0.2, 
        "colonne": 0.2
    }, 
    "20": {
        "34": 5.23, 
        "33": -2.18, 
        "42": 59.36, 
        "44": -44.26, 
        "51": -87.05, 
        "43": -40.04, 
        "53": 76.18, 
        "52": -67.89, 
        "35": 3.82, 
        "54": -36.7, 
        "41": -80.95, 
        "31": -1.01, 
        "32": 1.98
    }, 
    "21": {
        "34": 4.18, 
        "33": -1.03, 
        "42": 59.1, 
        "44": -45.23, 
        "51": -86.18, 
        "43": -40.04, 
        "53": 76.26, 
        "52": -68.51, 
        "35": 4.18, 
        "54": -36.53, 
        "41": -68.31, 
        "31": -2.24, 
        "32": -0.13
    }, 
    "22": {
        "37": -19.56, 
        "34": 0.13, 
        "33": 0, 
        "42": 60.95, 
        "44": -44.35, 
        "51": -92.59, 
        "43": -40.31, 
        "53": 76.44, 
        "52": -67.98, 
        "36": 0.15, 
        "35": 3.12, 
        "54": -36.62, 
        "41": -59.19, 
        "31": -3.21, 
        "32": -2.15
    }, 
    "1": {
        "42": -10.090000000000003, 
        "44": -20.26, 
        "51": -128.99, 
        "43": -68.53, 
        "53": 91.82, 
        "52": -12.680000000000007, 
        "54": -28.44, 
        "41": -123.45
    }, 
    "3": {
        "42": -10.0, 
        "44": -20.26, 
        "51": -129.16, 
        "43": -68.53, 
        "53": 93.23, 
        "52": -8.370000000000005, 
        "54": -21.49, 
        "41": -124.71000000000001
    }, 
    "2": {
        "42": -10.090000000000003, 
        "44": -20.26, 
        "51": -128.99, 
        "43": -68.53, 
        "53": 92.0, 
        "52": -11.010000000000005, 
        "54": -26.07, 
        "41": -123.53999999999999
    }, 
    "5": {
        "42": -10.090000000000003, 
        "44": -20.09, 
        "51": -131.27, 
        "43": -68.09, 
        "53": 93.85, 
        "52": -3.5400000000000063, 
        "54": -10.24, 
        "41": -128.77000000000001
    }, 
    "4": {
        "42": -10.180000000000007, 
        "44": -20.09, 
        "51": -129.52, 
        "43": -68.44, 
        "53": 93.67, 
        "52": -5.469999999999999, 
        "54": -15.78, 
        "41": -126.33
    }, 
    "7": {
        "42": -7.450000000000003, 
        "44": -28.7, 
        "51": -139.8, 
        "43": -56.66, 
        "53": 92.88, 
        "52": -4.329999999999998, 
        "54": -6.81, 
        "41": -130.87
    }, 
    "6": {
        "42": -10.090000000000003, 
        "44": -22.02, 
        "51": -134.62, 
        "43": -65.45, 
        "53": 93.76, 
        "52": -3.269999999999996, 
        "54": -6.9, 
        "41": -129.07
    }, 
    "9": {
        "42": -5.8700000000000045, 
        "44": -38.46, 
        "51": -146.66, 
        "43": -37.41, 
        "53": 92.44, 
        "52": -8.810000000000002, 
        "36": 0.15, 
        "37": 13.869999999999997, 
        "54": -6.9, 
        "41": -136.95
    }, 
    "8": {
        "42": -7.099999999999994, 
        "44": -36.44, 
        "51": -144.99, 
        "43": -46.55, 
        "53": 92.26, 
        "52": -6.790000000000006, 
        "54": -6.81, 
        "41": -132.14
    }, 
    "nb_temps": 22, 
    "11": {
        "37": 4.780000000000001, 
        "34": 12.26, 
        "33": -16.75, 
        "42": 9.340000000000003, 
        "44": -27.03, 
        "51": -153.16, 
        "43": -37.05, 
        "53": 94.29, 
        "52": -12.239999999999995, 
        "36": 0.15, 
        "35": -1.27, 
        "54": -6.9, 
        "41": -142.28999999999999, 
        "31": 22.73, 
        "32": 17.54
    }, 
    "10": {
        "42": 0.29000000000000625, 
        "44": -35.91, 
        "51": -148.15, 
        "43": -36.18, 
        "53": 93.14, 
        "52": -9.519999999999996, 
        "36": -0.44, 
        "37": 8.89, 
        "54": -6.81, 
        "41": -138.89
    }, 
    "13": {
        "37": -2.5500000000000007, 
        "34": 13.49, 
        "33": -17.27, 
        "42": 33.69, 
        "44": -19.12, 
        "51": -158.88, 
        "43": -59.74, 
        "53": 94.64, 
        "52": -43.71, 
        "36": 0.15, 
        "35": -1.54, 
        "54": -30.02, 
        "41": -148.86, 
        "31": 21.05, 
        "32": 17.45
    }, 
    "12": {
        "37": 0.9699999999999989, 
        "34": 12.88, 
        "33": -16.92, 
        "42": 22.349999999999994, 
        "44": -19.82, 
        "51": -159.67000000000002, 
        "43": -45.49, 
        "53": 100.09, 
        "52": -22.97, 
        "36": 0.15, 
        "35": -1.54, 
        "54": -13.14, 
        "41": -146.25999999999999, 
        "31": 22.37, 
        "32": 17.54
    }, 
    "15": {
        "37": -9.0, 
        "34": 12.53, 
        "33": -14.37, 
        "42": 47.23, 
        "44": -31.52, 
        "51": -124.24000000000001, 
        "43": -67.47, 
        "53": 80.57, 
        "52": -65.87, 
        "36": 0.15, 
        "35": -1.36, 
        "54": -41.1, 
        "41": -148.18, 
        "31": 14.34, 
        "32": 16.84
    }, 
    "14": {
        "37": -6.07, 
        "34": 13.32, 
        "33": -16.57, 
        "42": 40.55, 
        "44": -24.84, 
        "51": -141.74, 
        "43": -68.18, 
        "53": 83.12, 
        "52": -60.510000000000005, 
        "36": 0.15, 
        "35": -1.89, 
        "54": -40.66, 
        "41": -148.98, 
        "31": 21.33, 
        "32": 17.27
    }, 
    "17": {
        "37": -15.75, 
        "34": 11.03, 
        "33": -9.36, 
        "42": 50.84, 
        "44": -36.09, 
        "51": -104.2, 
        "43": -50.24, 
        "53": 78.37, 
        "52": -67.63, 
        "36": 0.15, 
        "35": 3.12, 
        "54": -38.73, 
        "41": -135.32, 
        "31": 9.98, 
        "32": 11.56
    }, 
    "16": {
        "37": -12.23, 
        "34": 12.09, 
        "33": -11.56, 
        "42": 49.43, 
        "44": -31.96, 
        "51": -111.76, 
        "43": -60.62, 
        "53": 79.69, 
        "52": -67.71000000000001, 
        "36": 0.15, 
        "35": 1.01, 
        "54": -39.08, 
        "41": -146.91, 
        "31": 12.53, 
        "32": 14.55
    }, 
    "19": {
        "37": -19.56, 
        "34": 6.64, 
        "33": -5.23, 
        "42": 59.54, 
        "44": -44.53, 
        "51": -92.59, 
        "43": -40.92, 
        "53": 76.18, 
        "52": -68.15, 
        "36": 0.15, 
        "35": 3.82, 
        "54": -37.14, 
        "41": -86.75, 
        "31": 1.98, 
        "32": 4.88
    }, 
    "18": {
        "37": -18.39, 
        "34": 8.75, 
        "33": -7.16, 
        "42": 57.16, 
        "44": -43.47, 
        "51": -99.19, 
        "43": -42.95, 
        "53": 76.44, 
        "52": -68.24, 
        "36": 0.15, 
        "35": 3.65, 
        "54": -38.2, 
        "41": -105.1, 
        "31": 6.29, 
        "32": 8.57
    }
}
