{
    "speed": {
        "bras_gauche": 0.2, 
        "bras_droit": 0.2
    }, 
    "1": {
        "42": 15.409999999999997, 
        "44": -52.09, 
        "51": -13.909999999999997, 
        "43": 10.68, 
        "53": 7.78, 
        "52": -30.090000000000003, 
        "54": -37.14, 
        "41": -3.980000000000004,
        "45": 0,
        "46": 0,
        "55": 0,
        "56": 0
    }, 
    "2": {
        "42": 23.319999999999993, 
        "44": -44.44, 
        "51": -13.030000000000001, 
        "43": 9.1, 
        "53": 8.13, 
        "52": -36.07, 
        "54": -36.53, 
        "41": -4.510000000000005
    }, 
    "3": {
        "42": 32.64, 
        "44": -37.76, 
        "51": -11.709999999999994, 
        "43": 6.29, 
        "53": 7.96, 
        "52": -43.54, 
        "54": -33.27, 
        "41": -5.469999999999999
    }, 
    "4": {
        "42": 43.45, 
        "44": -32.48, 
        "51": -10.219999999999999, 
        "43": 1.8, 
        "53": 7.87, 
        "52": -54.26, 
        "54": -26.07, 
        "41": -4.239999999999995
    }, 
    "5": {
        "42": 55.85, 
        "44": -25.1, 
        "51": -8.019999999999996, 
        "43": 1.01, 
        "53": 7.78, 
        "52": -66.75, 
        "54": -17.63, 
        "41": -2.9200000000000017
    }, 
    "6": {
        "42": 68.07, 
        "44": -18.59, 
        "51": -7.230000000000004, 
        "43": -1.71, 
        "53": 8.57, 
        "52": -78.53, 
        "54": -9.1, 
        "41": -1.25
    }, 
    "7": {
        "42": 79.05, 
        "44": -12.97, 
        "51": -6.180000000000007, 
        "43": -7.34, 
        "53": 11.03, 
        "52": -87.85, 
        "54": -5.85, 
        "41": -0.9899999999999949
    }, 
    "8": {
        "42": 86.18, 
        "44": -8.22, 
        "51": -6.6200000000000045, 
        "43": -11.12, 
        "53": 16.31, 
        "52": -94.0, 
        "54": -5.58, 
        "41": -2.3100000000000023
    }, 
    "9": {
        "42": 88.9, 
        "44": -6.11, 
        "51": -7.140000000000001, 
        "43": -11.91, 
        "53": 19.12, 
        "52": -94.44, 
        "54": -5.58, 
        "41": -4.420000000000002
    }, 
    "10": {
        "42": 89.69, 
        "44": -5.05, 
        "51": -7.319999999999993, 
        "43": -12.7, 
        "53": 21.14, 
        "52": -94.44, 
        "54": -5.58, 
        "41": -4.950000000000003
    }, 
    "11": {
        "42": 89.69, 
        "44": -5.05, 
        "51": -7.670000000000002, 
        "43": -13.32, 
        "53": 21.05, 
        "52": -94.44, 
        "54": -5.49, 
        "41": -4.859999999999999
    }, 
    "12": {
        "42": 89.52, 
        "44": -5.05, 
        "51": -7.670000000000002, 
        "43": -14.11, 
        "53": 21.49, 
        "52": -94.35, 
        "54": -5.23, 
        "41": -4.950000000000003
    }, 
    "nb_temps": 12
}
