{
    "speed": {
        "bras_gauche": 0.2, 
        "jambe_gauche": 0.2, 
        "bras_droit": 0.2, 
        "jambe_droite": 0.2
    }, 
    "parties": {
        "offsetPart1": {
            "bras_gauche": 0, 
            "jambe_gauche": 2, 
            "bras_droit": 0, 
            "jambe_droite": 2, 
            "min": 0
        }, 
        "nb_parts": 1
    }, 
    "1": {
        "11": 2.95, 
        "24": -1.89, 
        "13": -94.79, 
        "12": 11.56, 
        "15": 10.86, 
        "14": -0.92, 
        "22": -6.29, 
        "23": -94.9, 
        "42": 6.180000000000007, 
        "44": -51.91, 
        "51": -14.620000000000005, 
        "43": 5.58, 
        "53": 7.78, 
        "52": -7.319999999999993, 
        "25": 14.11, 
        "54": -36.7, 
        "41": -4.420000000000002, 
        "21": 1.27
    }, 
    "2": {
        "42": 5.819999999999993, 
        "44": -52.53, 
        "51": -14.879999999999995, 
        "43": 5.49, 
        "53": 7.34, 
        "52": -10.480000000000004, 
        "54": -37.14, 
        "41": -4.510000000000005
    }, 
    "3": {
        "42": 6.180000000000007, 
        "44": -52.53, 
        "51": -15.049999999999997, 
        "43": 5.49, 
        "53": 7.6, 
        "52": -13.299999999999997, 
        "54": -37.41, 
        "41": -4.510000000000005
    }, 
    "4": {
        "11": 1.63, 
        "24": -0.84, 
        "13": -94.62, 
        "12": 12.88, 
        "15": 10.86, 
        "14": -1.19, 
        "22": -8.04, 
        "23": -94.99, 
        "42": 9.780000000000001, 
        "44": -51.56, 
        "51": -15.14, 
        "43": 5.49, 
        "53": 7.52, 
        "52": -16.11, 
        "25": 14.2, 
        "54": -37.32, 
        "41": -4.329999999999998, 
        "21": 1.19
    }, 
    "5": {
        "11": 0.31, 
        "24": -0.66, 
        "13": -94.44, 
        "12": 17.27, 
        "15": 10.86, 
        "14": -0.92, 
        "22": -10.42, 
        "23": -94.99, 
        "42": 12.950000000000003, 
        "44": -50.42, 
        "51": -15.14, 
        "43": 5.49, 
        "53": 7.34, 
        "52": -19.89, 
        "25": 14.2, 
        "54": -37.41, 
        "41": -4.239999999999995, 
        "21": 0.57
    }, 
    "6": {
        "11": 0.57, 
        "24": -0.75, 
        "13": -94.44, 
        "12": 18.51, 
        "15": 10.86, 
        "14": -0.92, 
        "22": -14.29, 
        "23": -95.16, 
        "42": 14.700000000000003, 
        "44": -49.54, 
        "51": -14.969999999999999, 
        "43": 5.49, 
        "53": 6.99, 
        "52": -22.790000000000006, 
        "25": 14.2, 
        "54": -37.32, 
        "41": -4.420000000000002, 
        "21": 0.57
    }, 
    "7": {
        "11": 1.19, 
        "24": -0.75, 
        "13": -94.18, 
        "12": 19.3, 
        "15": 10.86, 
        "14": -0.75, 
        "22": -20.26, 
        "23": -94.99, 
        "42": 15.049999999999997, 
        "44": -49.54, 
        "51": -14.439999999999998, 
        "43": 5.49, 
        "53": 6.9, 
        "52": -24.549999999999997, 
        "25": 14.2, 
        "54": -37.32, 
        "41": -4.329999999999998, 
        "21": 0.84
    }, 
    "8": {
        "11": 1.89, 
        "24": -0.75, 
        "13": -93.12, 
        "12": 19.82, 
        "15": 10.95, 
        "14": -1.27, 
        "22": -26.24, 
        "23": -94.99, 
        "42": 15.579999999999998, 
        "44": -49.54, 
        "51": -14.349999999999994, 
        "43": 5.58, 
        "53": 6.99, 
        "52": -26.04, 
        "25": 14.64, 
        "54": -37.32, 
        "41": -4.239999999999995, 
        "21": 0.84
    }, 
    "9": {
        "11": 2.42, 
        "24": -0.84, 
        "13": -93.03, 
        "12": 19.82, 
        "15": 10.86, 
        "14": -1.1, 
        "22": -28.62, 
        "23": -94.9, 
        "42": 16.370000000000005, 
        "44": -49.54, 
        "51": -14.349999999999994, 
        "43": 5.67, 
        "53": 6.64, 
        "52": -27.450000000000003, 
        "25": 15.52, 
        "54": -37.32, 
        "41": -4.329999999999998, 
        "21": 1.71
    }, 
    "10": {
        "11": 2.51, 
        "24": -0.48, 
        "13": -93.03, 
        "12": 20.0, 
        "15": 10.95, 
        "14": -1.27, 
        "22": -29.85, 
        "23": -94.9, 
        "42": 17.340000000000003, 
        "44": -49.54, 
        "51": -14.349999999999994, 
        "43": 5.67, 
        "53": 6.64, 
        "52": -28.590000000000003, 
        "25": 16.57, 
        "54": -37.32, 
        "41": -4.329999999999998, 
        "21": 1.63
    }, 
    "11": {
        "11": 3.21, 
        "24": -1.1, 
        "13": -92.95, 
        "12": 20.62, 
        "15": 10.95, 
        "14": -1.27, 
        "22": -30.11, 
        "23": -94.9, 
        "42": 18.129999999999995, 
        "44": -49.45, 
        "51": -14.349999999999994, 
        "43": 5.58, 
        "53": 6.55, 
        "52": -29.65, 
        "25": 16.84, 
        "54": -37.32, 
        "41": -4.239999999999995, 
        "21": 1.71
    }, 
    "12": {
        "11": 3.65, 
        "24": -0.4, 
        "13": -92.68, 
        "12": 20.7, 
        "15": 10.86, 
        "14": -1.45, 
        "22": -30.29, 
        "23": -94.9, 
        "42": 18.129999999999995, 
        "44": -49.54, 
        "51": -14.349999999999994, 
        "43": 5.49, 
        "53": 6.55, 
        "52": -29.740000000000002, 
        "25": 16.13, 
        "54": -37.32, 
        "41": -4.239999999999995, 
        "21": 1.63
    }, 
    "nb_temps": 14, 
    "13": {
        "11": 4.0, 
        "24": -0.4, 
        "13": -92.33, 
        "12": 20.88, 
        "15": 10.95, 
        "14": -1.54, 
        "22": -30.37, 
        "23": -94.99, 
        "25": 15.96, 
        "21": 1.63
    }, 
    "14": {
        "11": 4.0, 
        "24": -0.22, 
        "13": -92.07, 
        "12": 20.88, 
        "15": 10.86, 
        "14": -1.71, 
        "22": -30.37, 
        "23": -94.9, 
        "25": 15.96, 
        "21": 1.36
    }
}