{
    "speed": {
        "tete": 0.2
    }, 
    "1": {
        "37": -18.97, 
        "36": 1.61
    }, 
    "2": {
        "37": -18.39, 
        "36": 1.61
    }, 
    "3": {
        "37": -17.21, 
        "36": 1.61
    }, 
    "4": {
        "37": -14.870000000000001, 
        "36": 1.61
    }, 
    "5": {
        "37": -10.47, 
        "36": 1.61
    }, 
    "6": {
        "37": -6.07, 
        "36": 1.61
    }, 
    "7": {
        "37": -0.21000000000000085, 
        "36": 1.61
    }, 
    "8": {
        "37": 6.539999999999999, 
        "36": 1.61
    }, 
    "9": {
        "37": 13.869999999999997, 
        "36": 1.61
    }, 
    "10": {
        "37": 19.439999999999998, 
        "36": 1.61
    }, 
    "11": {
        "37": 22.67, 
        "36": 1.61
    }, 
    "12": {
        "37": 23.549999999999997, 
        "36": 1.61
    }, 
    "nb_temps": 12
}