{
    "11": {
        "33": -1.19, 
        "54": -13.76, 
        "31": 6.73, 
        "51": -18.400000000000006, 
        "53": -80.57, 
        "52": -6.790000000000006, 
        "35": -3.03, 
        "32": 4.0, 
        "34": 22.9
    }, 
    "10": {
        "33": -0.66, 
        "54": -14.37, 
        "31": 7.08, 
        "51": -17.340000000000003, 
        "53": -80.57, 
        "52": -8.549999999999997, 
        "35": -3.03, 
        "32": 6.64, 
        "34": 20.44
    }, 
    "12": {
        "33": -2.42, 
        "54": -12.97, 
        "31": 8.66, 
        "51": -20.33, 
        "53": -80.66, 
        "52": -5.469999999999999, 
        "35": -3.03, 
        "32": 1.27, 
        "34": 27.21
    }, 
    "speed": {
        "bras_droit": 0.2, 
        "colonne": 0.2
    }, 
    "1": {
        "33": -0.57, 
        "54": -15.25, 
        "31": 10.86, 
        "51": -13.030000000000001, 
        "53": -82.24, 
        "52": -12.239999999999995, 
        "35": -3.03, 
        "32": 14.37, 
        "34": 12.79
    }, 
    "3": {
        "33": -0.57, 
        "54": -15.96, 
        "31": 9.8, 
        "51": -13.209999999999994, 
        "53": -81.8, 
        "52": -15.14, 
        "35": -3.03, 
        "32": 17.63, 
        "34": 13.58
    }, 
    "2": {
        "33": -0.57, 
        "54": -15.6, 
        "31": 9.8, 
        "51": -12.950000000000003, 
        "53": -81.98, 
        "52": -13.819999999999993, 
        "35": -3.03, 
        "32": 16.84, 
        "34": 13.14
    }, 
    "5": {
        "33": -0.75, 
        "54": -16.04, 
        "31": 9.8, 
        "51": -14.0, 
        "53": -81.36, 
        "52": -15.049999999999997, 
        "35": -3.3, 
        "32": 17.71, 
        "34": 14.55
    }, 
    "4": {
        "33": -0.66, 
        "54": -15.96, 
        "31": 9.8, 
        "51": -13.469999999999999, 
        "53": -81.63, 
        "52": -15.230000000000004, 
        "35": -3.12, 
        "32": 17.71, 
        "34": 14.11
    }, 
    "7": {
        "33": -0.66, 
        "54": -16.04, 
        "31": 8.92, 
        "51": -15.319999999999993, 
        "53": -80.75, 
        "52": -13.819999999999993, 
        "35": -3.56, 
        "32": 15.78, 
        "34": 16.13
    }, 
    "6": {
        "33": -0.66, 
        "54": -16.04, 
        "31": 9.36, 
        "51": -14.620000000000005, 
        "53": -81.01, 
        "52": -14.790000000000006, 
        "35": -3.56, 
        "32": 17.27, 
        "34": 15.25
    }, 
    "9": {
        "33": -0.66, 
        "54": -15.08, 
        "31": 7.52, 
        "51": -16.549999999999997, 
        "53": -80.66, 
        "52": -10.400000000000006, 
        "35": -3.03, 
        "32": 10.15, 
        "34": 18.77
    }, 
    "8": {
        "33": -0.75, 
        "54": -15.78, 
        "31": 8.04, 
        "51": -15.849999999999994, 
        "53": -80.66, 
        "52": -12.420000000000002, 
        "35": -3.12, 
        "32": 13.67, 
        "34": 17.36
    }, 
    "nb_temps": 12
}