{
    "11": {
        "33": 1.19, 
        "32": -4.0, 
        "31": 6.73, 
        "42": 6.790000000000006, 
        "43": 80.57, 
        "35": 3.03, 
        "41": -18.400000000000006, 
        "34": 22.9, 
        "44": -13.76
    }, 
    "10": {
        "33": 0.66, 
        "32": -6.64, 
        "31": 7.08, 
        "42": 8.549999999999997, 
        "43": 80.57, 
        "35": 3.03, 
        "41": -17.340000000000003, 
        "34": 20.44, 
        "44": -14.37
    }, 
    "12": {
        "33": 2.42, 
        "32": -1.27, 
        "31": 8.66, 
        "42": 5.469999999999999, 
        "43": 80.66, 
        "35": 3.03, 
        "41": -20.33, 
        "34": 27.21, 
        "44": -12.97
    }, 
    "speed": {
        "bras_gauche": 0.2, 
        "colonne": 0.2
    }, 
    "1": {
        "33": 0.57, 
        "32": -14.37, 
        "31": 10.86, 
        "42": 12.239999999999995, 
        "43": 82.24, 
        "35": 3.03, 
        "41": -13.030000000000001, 
        "34": 12.79, 
        "44": -15.25
    }, 
    "3": {
        "33": 0.57, 
        "32": -17.63, 
        "31": 9.8, 
        "42": 15.14, 
        "43": 81.8, 
        "35": 3.03, 
        "41": -13.209999999999994, 
        "34": 13.58, 
        "44": -15.96
    }, 
    "2": {
        "33": 0.57, 
        "32": -16.84, 
        "31": 9.8, 
        "42": 13.819999999999993, 
        "43": 81.98, 
        "35": 3.03, 
        "41": -12.950000000000003, 
        "34": 13.14, 
        "44": -15.6
    }, 
    "5": {
        "33": 0.75, 
        "32": -17.71, 
        "31": 9.8, 
        "42": 15.049999999999997, 
        "43": 81.36, 
        "35": 3.3, 
        "41": -14.0, 
        "34": 14.55, 
        "44": -16.04
    }, 
    "4": {
        "33": 0.66, 
        "32": -17.71, 
        "31": 9.8, 
        "42": 15.230000000000004, 
        "43": 81.63, 
        "35": 3.12, 
        "41": -13.469999999999999, 
        "34": 14.11, 
        "44": -15.96
    }, 
    "7": {
        "33": 0.66, 
        "32": -15.78, 
        "31": 8.92, 
        "42": 13.819999999999993, 
        "43": 80.75, 
        "35": 3.56, 
        "41": -15.319999999999993, 
        "34": 16.13, 
        "44": -16.04
    }, 
    "6": {
        "33": 0.66, 
        "32": -17.27, 
        "31": 9.36, 
        "42": 14.790000000000006, 
        "43": 81.01, 
        "35": 3.56, 
        "41": -14.620000000000005, 
        "34": 15.25, 
        "44": -16.04
    }, 
    "9": {
        "33": 0.66, 
        "32": -10.15, 
        "31": 7.52, 
        "42": 10.400000000000006, 
        "43": 80.66, 
        "35": 3.03, 
        "41": -16.549999999999997, 
        "34": 18.77, 
        "44": -15.08
    }, 
    "8": {
        "33": 0.75, 
        "32": -13.67, 
        "31": 8.04, 
        "42": 12.420000000000002, 
        "43": 80.66, 
        "35": 3.12, 
        "41": -15.849999999999994, 
        "34": 17.36, 
        "44": -15.78
    }, 
    "nb_temps": 12
}