{
    "speed": {
        "bras_gauche": 0.2, 
        "bras_droit": 0.2
    }, 
    "1": {
        "42": 16.810000000000002, 
        "44": -52.09, 
        "51": -14.620000000000005, 
        "43": 8.92, 
        "53": 7.87, 
        "52": -28.950000000000003, 
        "54": -39.34, 
        "41": -4.150000000000006,
        "46": 0,
        "45": 0,
        "55": 0,
        "56": 0
    }, 
    "2": {
        "42": 14.700000000000003, 
        "44": -52.62, 
        "51": -15.760000000000005, 
        "43": 9.27, 
        "53": 6.55, 
        "52": -29.740000000000002, 
        "54": -39.87, 
        "41": -2.3100000000000023
    }, 
    "3": {
        "42": 15.930000000000007, 
        "44": -51.56, 
        "51": -21.739999999999995, 
        "43": 6.99, 
        "53": 2.07, 
        "52": -32.2, 
        "54": -40.75, 
        "41": -5.469999999999999
    }, 
    "4": {
        "42": 22.439999999999998, 
        "44": -49.01, 
        "51": -27.189999999999998, 
        "43": 4.0, 
        "53": 8.31, 
        "52": -38.44, 
        "54": -35.91, 
        "41": -10.659999999999997
    }, 
    "5": {
        "42": 32.02, 
        "44": -45.85, 
        "51": -33.16, 
        "43": -0.31, 
        "53": 16.66, 
        "52": -46.53, 
        "54": -34.42, 
        "41": -16.730000000000004
    }, 
    "6": {
        "42": 46.18, 
        "44": -44.35, 
        "51": -39.49, 
        "43": -8.04, 
        "53": 26.95, 
        "52": -55.76, 
        "54": -34.42, 
        "41": -22.349999999999994
    }, 
    "7": {
        "42": 56.02, 
        "44": -44.53, 
        "51": -48.81, 
        "43": -15.43, 
        "53": 34.77, 
        "52": -62.0, 
        "54": -35.21, 
        "41": -29.65
    }, 
    "8": {
        "42": 59.8, 
        "44": -44.62, 
        "51": -62.35, 
        "43": -24.22, 
        "53": 45.05, 
        "52": -66.92, 
        "54": -35.65, 
        "41": -40.99
    }, 
    "9": {
        "42": 61.739999999999995, 
        "44": -43.56, 
        "51": -77.82, 
        "43": -33.89, 
        "53": 59.82, 
        "52": -67.89, 
        "54": -33.63, 
        "41": -52.59
    }, 
    "10": {
        "42": 62.09, 
        "44": -41.89, 
        "51": -88.37, 
        "43": -39.25, 
        "53": 71.87, 
        "52": -67.89, 
        "54": -32.75, 
        "41": -59.269999999999996
    }, 
    "11": {
        "42": 62.35, 
        "44": -41.45, 
        "51": -92.24, 
        "43": -40.13, 
        "53": 76.09, 
        "52": -67.89, 
        "54": -32.66, 
        "41": -60.510000000000005
    }, 
    "12": {
        "42": 62.35, 
        "44": -41.36, 
        "51": -93.82, 
        "43": -40.66, 
        "53": 76.18, 
        "52": -67.63, 
        "54": -32.75, 
        "41": -61.82
    }, 
    "nb_temps": 12
}
