{
    "speed": {
        "bras_gauche": 0.2, 
        "bras_droit": 0.2
    }, 
    "parties": {
        "offsetPart1": {
            "bras_gauche": 0, 
            "bras_droit": 0, 
            "min": 0
        }, 
        "nb_parts": 1
    }, 
    "1": {
        "54": -14.9, 
        "44": -14.9, 
        "42": 5.1200000000000045, 
        "51": -1.4300000000000068, 
        "43": 2.51, 
        "53": -2.51, 
        "41": -1.4300000000000068, 
        "52": -5.1200000000000045
    }, 
    "2": {
        "54": -11.65, 
        "44": -11.65, 
        "42": 5.030000000000001, 
        "51": -4.239999999999995, 
        "43": 2.42, 
        "53": -2.42, 
        "41": -4.239999999999995, 
        "52": -5.030000000000001
    }, 
    "3": {
        "54": -10.59, 
        "44": -10.59, 
        "42": 5.1200000000000045, 
        "51": -6.349999999999994, 
        "43": 4.18, 
        "53": -4.18, 
        "41": -6.349999999999994, 
        "52": -5.1200000000000045
    }, 
    "4": {
        "54": -9.1, 
        "44": -9.1, 
        "42": 5.1200000000000045, 
        "51": -9.340000000000003, 
        "43": 14.73, 
        "53": -14.73, 
        "41": -9.340000000000003, 
        "52": -5.1200000000000045
    }, 
    "5": {
        "54": -3.65, 
        "44": -3.65, 
        "42": 4.590000000000003, 
        "51": -12.86, 
        "43": 27.47, 
        "53": -27.47, 
        "41": -12.86, 
        "52": -4.590000000000003
    }, 
    "6": {
        "54": -1.45, 
        "44": -1.45, 
        "42": 4.950000000000003, 
        "51": -16.459999999999994, 
        "43": 44.35, 
        "53": -44.35, 
        "41": -16.459999999999994, 
        "52": -4.950000000000003
    }, 
    "7": {
        "54": -1.71, 
        "44": -1.71, 
        "42": 4.769999999999996, 
        "51": -19.450000000000003, 
        "43": 62.81, 
        "53": -62.81, 
        "41": -19.450000000000003, 
        "52": -4.769999999999996
    }, 
    "8": {
        "54": -5.49, 
        "44": -5.49, 
        "42": 4.510000000000005, 
        "51": -19.980000000000004, 
        "43": 74.95, 
        "53": -74.95, 
        "41": -19.980000000000004, 
        "52": -4.510000000000005
    }, 
    "9": {
        "54": -12.18, 
        "44": -12.18, 
        "42": 4.590000000000003, 
        "51": -19.629999999999995, 
        "43": 77.85, 
        "53": -77.85, 
        "41": -19.629999999999995, 
        "52": -4.590000000000003
    }, 
    "10": {
        "54": -12.7, 
        "44": -12.7, 
        "42": 4.150000000000006, 
        "51": -19.010000000000005, 
        "43": 80.4, 
        "53": -80.4, 
        "41": -19.010000000000005, 
        "52": -4.150000000000006
    }, 
    "11": {
        "54": -12.7, 
        "44": -12.7, 
        "42": 4.150000000000006, 
        "51": -19.010000000000005, 
        "43": 83.03, 
        "53": -83.03, 
        "41": -19.010000000000005, 
        "52": -4.150000000000006
    }, 
    "12": {
        "54": -11.65, 
        "44": -11.65, 
        "42": 4.150000000000006, 
        "51": -18.92, 
        "43": 84.0, 
        "53": -84.0, 
        "41": -18.92, 
        "52": -4.150000000000006
    }, 
    "nb_temps": 12
}