{
    "speed": {
        "jambe_droite": 0.2, 
        "jambe_gauche": 0.2
    }, 
    "1": {
        "11": 6.02, 
        "24": -2.95, 
        "13": -0.6399999999999999, 
        "12": -5.23, 
        "15": 2.07, 
        "14": -1.89, 
        "22": -6.55, 
        "23": -1.27, 
        "25": 2.59, 
        "21": -2.24
    }, 
    "2": {
        "11": 5.67, 
        "24": -2.95, 
        "13": -0.6399999999999999, 
        "12": -6.37, 
        "15": 2.95, 
        "14": -1.8, 
        "22": -6.11, 
        "23": -1.27, 
        "25": 2.95, 
        "21": -1.19
    }, 
    "3": {
        "11": 5.49, 
        "24": -2.95, 
        "13": -0.73, 
        "12": -8.48, 
        "15": 3.21, 
        "14": -1.8, 
        "22": -5.67, 
        "23": -1.27, 
        "25": 3.03, 
        "21": -1.19
    }, 
    "4": {
        "11": 5.76, 
        "24": -1.89, 
        "13": -0.73, 
        "12": -5.14, 
        "15": 4.09, 
        "14": -0.48, 
        "22": -6.02, 
        "23": -1.27, 
        "25": 3.03, 
        "21": -1.19
    }, 
    "5": {
        "11": 6.11, 
        "24": 5.05, 
        "13": -0.73, 
        "12": -2.86, 
        "15": 4.09, 
        "14": 4.44, 
        "22": -6.29, 
        "23": -3.12, 
        "25": 3.38, 
        "21": -1.36
    }, 
    "6": {
        "11": 7.16, 
        "24": 12.7, 
        "13": -1.69, 
        "12": 1.54, 
        "15": 4.0, 
        "14": 10.68, 
        "22": -6.64, 
        "23": -5.76, 
        "25": 3.65, 
        "21": -2.86
    }, 
    "7": {
        "11": 8.31, 
        "24": 18.68, 
        "13": -8.809999999999999, 
        "12": 4.7, 
        "15": 4.09, 
        "14": 21.67, 
        "22": -6.81, 
        "23": -10.33, 
        "25": 3.56, 
        "21": -3.47
    }, 
    "8": {
        "11": 11.47, 
        "24": 18.51, 
        "13": -15.49, 
        "12": 5.05, 
        "15": 7.52, 
        "14": 36.97, 
        "22": -6.64, 
        "23": -10.42, 
        "25": 4.18, 
        "21": -3.56
    }, 
    "9": {
        "11": 14.29, 
        "24": 17.63, 
        "13": -28.24, 
        "12": 3.38, 
        "15": 26.42, 
        "14": 57.36, 
        "22": -6.55, 
        "23": -10.33, 
        "25": 5.14, 
        "21": -3.47
    }, 
    "10": {
        "11": 15.43, 
        "24": 19.47, 
        "13": -36.33, 
        "12": 3.47, 
        "15": 35.12, 
        "14": 75.12, 
        "22": -7.16, 
        "23": -10.42, 
        "25": 5.14, 
        "21": -3.82
    }, 
    "11": {
        "11": 14.99, 
        "24": 35.82, 
        "13": -36.42, 
        "12": 3.56, 
        "15": 35.12, 
        "14": 79.87, 
        "22": -6.37, 
        "23": -19.38, 
        "25": 7.69, 
        "21": -6.29
    }, 
    "12": {
        "11": 15.78, 
        "24": 47.16, 
        "13": -36.42, 
        "12": 4.7, 
        "15": 35.12, 
        "14": 83.74, 
        "22": -5.76, 
        "23": -27.65, 
        "25": 19.21, 
        "21": -8.13
    }, 
    "13": {
        "11": 16.04, 
        "24": 56.04, 
        "13": -36.33, 
        "12": 6.37, 
        "15": 35.12, 
        "14": 83.38, 
        "22": -6.2, 
        "23": -34.59, 
        "25": 28.97, 
        "21": -9.1
    }, 
    "14": {
        "11": 16.13, 
        "24": 73.54, 
        "13": -36.24, 
        "12": 6.37, 
        "15": 35.12, 
        "14": 82.86, 
        "22": -5.76, 
        "23": -45.05, 
        "25": 28.79, 
        "21": -10.95
    }, 
    "15": {
        "11": 16.22, 
        "24": 89.1, 
        "13": -36.07, 
        "12": 6.55, 
        "15": 35.21, 
        "14": 82.68, 
        "22": -2.59, 
        "23": -51.65, 
        "25": 28.79, 
        "21": -14.11
    }, 
    "16": {
        "11": 16.22, 
        "24": 97.01, 
        "13": -35.89, 
        "12": 6.55, 
        "15": 35.74, 
        "14": 82.42, 
        "22": -1.1, 
        "23": -52.0, 
        "25": 28.79, 
        "21": -16.04
    }, 
    "17": {
        "11": 16.22, 
        "24": 102.99, 
        "13": -35.8, 
        "12": 6.46, 
        "15": 37.23, 
        "14": 82.24, 
        "22": -1.63, 
        "23": -52.0, 
        "25": 28.79, 
        "21": -16.04
    }, 
    "18": {
        "11": 16.31, 
        "24": 104.22, 
        "13": -35.8, 
        "12": 6.73, 
        "15": 37.14, 
        "14": 82.42, 
        "22": -1.71, 
        "23": -52.09, 
        "25": 28.62, 
        "21": -15.69
    }, 
    "19": {
        "11": 16.31, 
        "24": 104.48, 
        "13": -38.18, 
        "12": 11.03, 
        "15": 37.14, 
        "14": 90.95, 
        "22": -0.31, 
        "23": -51.91, 
        "25": 29.14, 
        "21": -14.37
    }, 
    "20": {
        "11": 15.16, 
        "24": 103.69, 
        "13": -47.05, 
        "12": 11.47, 
        "15": 37.14, 
        "14": 104.75, 
        "22": 0.75, 
        "23": -52.09, 
        "25": 32.22, 
        "21": -13.23
    }, 
    "21": {
        "11": 13.41, 
        "24": 103.69, 
        "13": -47.41, 
        "12": 9.54, 
        "15": 34.95, 
        "14": 109.23, 
        "22": 0.4, 
        "23": -52.0, 
        "25": 31.87, 
        "21": -13.32
    }, 
    "22": {
        "11": 12.18, 
        "24": 105.54, 
        "13": -46.97, 
        "12": 7.25, 
        "15": 27.82, 
        "14": 108.88, 
        "22": -2.95, 
        "23": -52.09, 
        "25": 30.73, 
        "21": -12.53
    }, 
    "23": {
        "11": 12.09, 
        "24": 109.67, 
        "13": -47.58, 
        "12": 7.43, 
        "15": 27.56, 
        "14": 109.23, 
        "22": -5.05, 
        "23": -52.44, 
        "25": 30.64, 
        "21": -12.7
    }, 
    "24": {
        "11": 11.82, 
        "24": 112.04, 
        "13": -47.58, 
        "12": 7.43, 
        "15": 27.47, 
        "14": 109.32, 
        "22": -4.18, 
        "23": -52.35, 
        "25": 30.73, 
        "21": -12.62
    }, 
    "nb_temps": 24
}