{
    "speed": {
        "bras_gauche": 0.2, 
        "bras_droit": 0.2
    }, 
    "1": {
        "56": 15.1, 
        "46": -20.67, 
        "51": 16.33, 
        "44": -0.92, 
        "45": 20.09, 
        "42": 178.75, 
        "43": 67.91, 
        "53": -80.84, 
        "41": 14.840000000000003, 
        "55": 14.22, 
        "54": -2.24, 
        "52": -176.01999999999998
    }, 
    "2": {
        "56": 15.1, 
        "46": -20.67, 
        "51": 16.33, 
        "44": -0.92, 
        "45": 20.38, 
        "42": 178.75, 
        "43": 67.91, 
        "53": -80.84, 
        "41": 14.840000000000003, 
        "55": 14.22, 
        "54": -2.15, 
        "52": -176.01999999999998
    }, 
    "3": {
        "56": 15.1, 
        "46": -20.67, 
        "51": 16.33, 
        "44": -1.01, 
        "45": 20.38, 
        "42": 178.75, 
        "43": 67.91, 
        "53": -80.75, 
        "41": 14.840000000000003, 
        "55": 14.22, 
        "54": -2.24, 
        "52": -176.01999999999998
    }, 
    "4": {
        "56": 15.4, 
        "46": -20.67, 
        "51": 16.33, 
        "44": -0.92, 
        "45": 20.09, 
        "42": 178.75, 
        "43": 67.91, 
        "53": -80.75, 
        "41": 14.840000000000003, 
        "55": 14.22, 
        "54": -2.24, 
        "52": -176.01999999999998
    }, 
    "5": {
        "56": 15.1, 
        "46": -20.67, 
        "51": 12.370000000000005, 
        "44": -4.18, 
        "45": 20.38, 
        "42": 177.43, 
        "43": 67.82, 
        "53": -79.6, 
        "41": 10.180000000000007, 
        "55": 14.52, 
        "54": -5.85, 
        "52": -176.01999999999998
    }, 
    "6": {
        "56": 15.1, 
        "46": -20.67, 
        "51": 6.400000000000006, 
        "44": -9.1, 
        "45": 20.38, 
        "42": 176.01999999999998, 
        "43": 68.0, 
        "53": -79.69, 
        "41": 4.730000000000004, 
        "55": 14.52, 
        "54": -10.95, 
        "52": -174.44
    }, 
    "7": {
        "56": 15.4, 
        "46": -20.67, 
        "51": 0.8599999999999994, 
        "44": -13.85, 
        "45": 20.38, 
        "42": 175.93, 
        "43": 68.7, 
        "53": -79.78, 
        "41": -1.0799999999999983, 
        "55": 14.52, 
        "54": -12.88, 
        "52": -174.44
    }, 
    "8": {
        "56": 15.1, 
        "46": -20.67, 
        "51": -2.3100000000000023, 
        "44": -15.96, 
        "45": 20.38, 
        "42": 175.85, 
        "43": 70.37, 
        "53": -79.78, 
        "41": -5.030000000000001, 
        "55": 14.52, 
        "54": -14.55, 
        "52": -174.44
    }, 
    "9": {
        "56": 15.1, 
        "46": -20.67, 
        "51": -4.329999999999998, 
        "44": -17.1, 
        "45": 20.38, 
        "42": 175.76, 
        "43": 70.99, 
        "53": -79.78, 
        "41": -6.790000000000006, 
        "55": 14.52, 
        "54": -14.64, 
        "52": -174.35
    }, 
    "10": {
        "56": 15.4, 
        "46": -20.67, 
        "51": -4.239999999999995, 
        "44": -17.27, 
        "45": 20.38, 
        "42": 175.67000000000002, 
        "43": 70.9, 
        "53": -79.78, 
        "41": -6.8799999999999955, 
        "55": 14.52, 
        "54": -14.9, 
        "52": -174.35
    }, 
    "11": {
        "56": 15.1, 
        "46": -20.67, 
        "51": -4.239999999999995, 
        "44": -17.45, 
        "45": 20.38, 
        "42": 175.49, 
        "43": 70.9, 
        "53": -79.78, 
        "41": -7.489999999999995, 
        "55": 14.52, 
        "54": -14.99, 
        "52": -174.35
    }, 
    "12": {
        "56": 15.1, 
        "46": -20.67, 
        "51": -4.590000000000003, 
        "44": -17.98, 
        "45": 20.38, 
        "42": 175.32, 
        "43": 70.73, 
        "53": -79.34, 
        "41": -7.930000000000007, 
        "55": 14.52, 
        "54": -15.25, 
        "52": -174.35
    }, 
    "nb_temps": 12
}