{
    "speed": {
        "bras_gauche": 0.2, 
        "bras_droit": 0.2
    }, 
    "1": {
        "56": 0.44, 
        "46": -0.15, 
        "51": -0.730000000000004, 
        "44": 0.31, 
        "45": -1.91, 
        "42": 5.469999999999999, 
        "43": 4.18, 
        "53": -4.26, 
        "41": -0.9000000000000057, 
        "55": -0.73, 
        "54": 0.75, 
        "52": -5.469999999999999
    }, 
    "2": {
        "56": 0.44, 
        "46": -0.15, 
        "51": -0.730000000000004, 
        "44": 0.4, 
        "45": -4.55, 
        "42": 6.260000000000005, 
        "43": 2.42, 
        "53": -4.53, 
        "41": -0.9899999999999949, 
        "55": -0.73, 
        "54": 0.84, 
        "52": -5.819999999999993
    }, 
    "3": {
        "56": 0.44, 
        "46": -0.44, 
        "51": -0.5499999999999972, 
        "44": 0.4, 
        "45": -4.55, 
        "42": 7.230000000000004, 
        "43": 1.71, 
        "53": -4.53, 
        "41": -0.8100000000000023, 
        "55": -0.44, 
        "54": 0.84, 
        "52": -5.909999999999997
    }, 
    "4": {
        "56": 1.61, 
        "46": -1.03, 
        "51": -0.01999999999999602, 
        "44": 0.4, 
        "45": -3.08, 
        "42": 14.530000000000001, 
        "43": 6.11, 
        "53": -5.76, 
        "41": 0.8599999999999994, 
        "55": 1.61, 
        "54": 0.84, 
        "52": -11.010000000000005
    }, 
    "5": {
        "56": 1.61, 
        "46": -1.03, 
        "51": -0.01999999999999602, 
        "44": 0.4, 
        "45": -3.08, 
        "42": 27.71, 
        "43": 15.52, 
        "53": -13.67, 
        "41": 3.230000000000004, 
        "55": 1.61, 
        "54": 0.84, 
        "52": -24.019999999999996
    }, 
    "6": {
        "56": 1.61, 
        "46": -0.73, 
        "51": 0.06999999999999318, 
        "44": 0.4, 
        "45": -2.79, 
        "42": 42.4, 
        "43": 23.96, 
        "53": -21.67, 
        "41": 4.019999999999996, 
        "55": 1.91, 
        "54": 0.84, 
        "52": -39.41
    }, 
    "7": {
        "56": 1.61, 
        "46": 23.31, 
        "51": -1.5999999999999943, 
        "44": 0.4, 
        "45": -3.67, 
        "42": 54.97, 
        "43": 30.46, 
        "53": -34.24, 
        "41": 9.120000000000005, 
        "55": 3.08, 
        "54": 0.84, 
        "52": -56.46
    }, 
    "8": {
        "56": 1.03, 
        "46": 23.31, 
        "51": -0.8100000000000023, 
        "44": 0.4, 
        "45": -4.84, 
        "42": 62.09, 
        "43": 35.3, 
        "53": -40.92, 
        "41": 10.0, 
        "55": 3.08, 
        "54": 0.84, 
        "52": -68.77
    }, 
    "9": {
        "56": 1.61, 
        "46": 20.38, 
        "51": -1.1599999999999966, 
        "44": 0.4, 
        "45": -4.55, 
        "42": 81.43, 
        "43": 37.85, 
        "53": -44.18, 
        "41": 10.620000000000005, 
        "55": 3.37, 
        "54": 0.84, 
        "52": -81.87
    }, 
    "10": {
        "56": 0.73, 
        "46": -1.32, 
        "51": -5.3799999999999955, 
        "44": 0.4, 
        "45": -4.25, 
        "42": 105.52, 
        "43": 39.78, 
        "53": -46.55, 
        "41": 6.1299999999999955, 
        "55": 3.96, 
        "54": 0.84, 
        "52": -100.42
    }, 
    "11": {
        "56": 1.03, 
        "46": -7.18, 
        "51": -6.530000000000001, 
        "44": 0.31, 
        "45": -3.08, 
        "42": 128.11, 
        "43": 41.8, 
        "53": -48.48, 
        "41": -0.45999999999999375, 
        "55": 12.76, 
        "54": 0.04, 
        "52": -117.91
    }, 
    "12": {
        "56": 0.44, 
        "46": -7.18, 
        "51": -0.20000000000000284, 
        "44": 0.4, 
        "45": 7.18, 
        "42": 151.41, 
        "43": 54.9, 
        "53": -51.47, 
        "41": -0.8100000000000023, 
        "55": 27.13, 
        "54": 0.22, 
        "52": -131.71
    }, 
    "13": {
        "56": 0.44, 
        "46": -7.18, 
        "51": -0.6400000000000006, 
        "44": 0.4, 
        "45": 15.69, 
        "42": 163.63, 
        "43": 62.99, 
        "53": -55.16, 
        "41": 2.530000000000001, 
        "55": 28.01, 
        "54": -0.84, 
        "52": -147.98
    }, 
    "14": {
        "56": 0.44, 
        "46": -7.18, 
        "51": 1.3799999999999955, 
        "44": 0.4, 
        "45": 29.47, 
        "42": 169.95999999999998, 
        "43": 63.96, 
        "53": -57.63, 
        "41": 3.230000000000004, 
        "55": 27.71, 
        "54": -5.49, 
        "52": -158.35
    }, 
    "15": {
        "56": 0.44, 
        "46": -7.18, 
        "51": 4.810000000000002, 
        "44": 0.4, 
        "45": 30.94, 
        "42": 174.97, 
        "43": 63.96, 
        "53": -57.8, 
        "41": 5.340000000000003, 
        "55": 27.13, 
        "54": -7.16, 
        "52": -162.57
    }, 
    "16": {
        "56": 0.44, 
        "46": -8.65, 
        "51": 6.310000000000002, 
        "44": 0.4, 
        "45": 30.35, 
        "42": 178.84, 
        "43": 63.96, 
        "53": -60.35, 
        "41": 6.920000000000002, 
        "55": 26.83, 
        "54": -4.44, 
        "52": -168.45999999999998
    }, 
    "17": {
        "56": 1.61, 
        "46": -9.53, 
        "51": 5.159999999999997, 
        "44": 0.04, 
        "45": 30.35, 
        "42": 179.19, 
        "43": 63.96, 
        "53": -60.44, 
        "41": 6.75, 
        "55": 27.71, 
        "54": -6.64, 
        "52": -168.81
    }, 
    "18": {
        "56": 1.61, 
        "46": -13.93, 
        "51": 3.5799999999999983, 
        "44": -0.04, 
        "45": 30.35, 
        "42": 179.19, 
        "43": 63.87, 
        "53": -60.44, 
        "41": 6.569999999999993, 
        "55": 31.52, 
        "54": -10.33, 
        "52": -169.07999999999998
    }, 
    "19": {
        "56": 1.61, 
        "46": -13.93, 
        "51": 4.459999999999994, 
        "44": 0.13, 
        "45": 31.52, 
        "42": 179.19, 
        "43": 64.04, 
        "53": -60.44, 
        "41": 6.840000000000003, 
        "55": 33.28, 
        "54": -8.84, 
        "52": -169.07999999999998
    }, 
    "20": {
        "56": 2.79, 
        "46": -13.93, 
        "51": 7.6299999999999955, 
        "44": 0.4, 
        "45": 31.82, 
        "42": 178.92000000000002, 
        "43": 64.84, 
        "53": -60.53, 
        "41": 8.069999999999993, 
        "55": 30.06, 
        "54": -1.19, 
        "52": -169.25
    }, 
    "21": {
        "56": 2.79, 
        "46": -13.64, 
        "51": 8.590000000000003, 
        "44": 0.4, 
        "45": 30.94, 
        "42": 179.01, 
        "43": 65.89, 
        "53": -60.44, 
        "41": 8.329999999999998, 
        "55": 29.18, 
        "54": -0.22, 
        "52": -169.95999999999998
    }, 
    "22": {
        "56": 3.08, 
        "46": -13.34, 
        "51": 8.86, 
        "44": 0.4, 
        "45": 29.47, 
        "42": 178.92000000000002, 
        "43": 65.1, 
        "53": -60.44, 
        "41": 9.030000000000001, 
        "55": 30.65, 
        "54": 0.4, 
        "52": -170.22
    }, 
    "nb_temps": 22
}