{
    "speed": {
        "jambe_droite": 0.2, 
        "jambe_gauche": 0.2
    }, 
    "1": {
        "11": 4.62, 
        "24": -2.77, 
        "13": 1.12, 
        "12": -5.14, 
        "15": -0.48, 
        "14": -1.89, 
        "22": -4.79, 
        "23": 1.19, 
        "25": 0.13, 
        "21": -4.18
    }, 
    "2": {
        "11": 4.97, 
        "24": -2.95, 
        "13": 0.2400000000000002, 
        "12": -5.14, 
        "15": 0.48, 
        "14": -1.89, 
        "22": -4.7, 
        "23": -1.1, 
        "25": 0.84, 
        "21": -3.74
    }, 
    "3": {
        "11": 4.97, 
        "24": -2.95, 
        "13": -0.19999999999999996, 
        "12": -5.76, 
        "15": 0.66, 
        "14": -1.89, 
        "22": -4.7, 
        "23": -1.1, 
        "25": 0.84, 
        "21": -3.74
    }, 
    "4": {
        "11": 4.97, 
        "24": -2.86, 
        "13": -0.29000000000000004, 
        "12": -5.58, 
        "15": 0.75, 
        "14": -1.89, 
        "22": -4.7, 
        "23": -1.1, 
        "25": 0.92, 
        "21": -3.74
    }, 
    "5": {
        "11": 4.79, 
        "24": -0.75, 
        "13": -0.29000000000000004, 
        "12": -5.85, 
        "15": 0.75, 
        "14": -1.89, 
        "22": -4.7, 
        "23": -1.54, 
        "25": 0.92, 
        "21": -3.91
    }, 
    "6": {
        "11": 4.7, 
        "24": 10.59, 
        "13": -0.29000000000000004, 
        "12": -5.85, 
        "15": 0.75, 
        "14": -1.89, 
        "22": -4.79, 
        "23": -7.78, 
        "25": 1.01, 
        "21": -3.74
    }, 
    "7": {
        "11": 4.88, 
        "24": 27.82, 
        "13": -0.29000000000000004, 
        "12": -5.49, 
        "15": 0.84, 
        "14": -1.8, 
        "22": -6.02, 
        "23": -16.92, 
        "25": 1.1, 
        "21": -3.12
    }, 
    "8": {
        "11": 5.05, 
        "24": 44.26, 
        "13": -4.07, 
        "12": -4.53, 
        "15": 1.54, 
        "14": 9.36, 
        "22": -6.29, 
        "23": -24.22, 
        "25": 1.63, 
        "21": -3.12
    }, 
    "9": {
        "11": 5.85, 
        "24": 58.77, 
        "13": -15.76, 
        "12": -0.13, 
        "15": 1.89, 
        "14": 27.82, 
        "22": -6.64, 
        "23": -32.92, 
        "25": 2.59, 
        "21": -4.0
    }, 
    "10": {
        "11": 6.99, 
        "24": 74.77, 
        "13": -19.54, 
        "12": 4.44, 
        "15": 2.59, 
        "14": 39.16, 
        "22": -5.41, 
        "23": -40.22, 
        "25": 5.67, 
        "21": -4.44
    }, 
    "11": {
        "11": 7.25, 
        "24": 86.9, 
        "13": -24.55, 
        "12": 5.32, 
        "15": 3.38, 
        "14": 49.8, 
        "22": -2.95, 
        "23": -45.58, 
        "25": 11.38, 
        "21": -5.32
    }, 
    "12": {
        "11": 7.52, 
        "24": 99.65, 
        "13": -32.9, 
        "12": 8.75, 
        "15": 5.14, 
        "14": 67.47, 
        "22": 0.75, 
        "23": -51.91, 
        "25": 16.13, 
        "21": -7.69
    }, 
    "13": {
        "11": 6.9, 
        "24": 100.35, 
        "13": -39.93, 
        "12": 11.74, 
        "15": 9.71, 
        "14": 81.98, 
        "22": 1.89, 
        "23": -52.7, 
        "25": 23.69, 
        "21": -8.75
    }, 
    "14": {
        "11": 4.18, 
        "24": 102.64, 
        "13": -40.9, 
        "12": 10.59, 
        "15": 22.11, 
        "14": 89.54, 
        "22": 3.56, 
        "23": -52.7, 
        "25": 24.31, 
        "21": -8.75
    }, 
    "15": {
        "11": 1.71, 
        "24": 103.08, 
        "13": -43.98, 
        "12": 5.67, 
        "15": 32.4, 
        "14": 96.57, 
        "22": 3.74, 
        "23": -52.7, 
        "25": 24.4, 
        "21": -9.27
    }, 
    "16": {
        "11": -0.04, 
        "24": 108.62, 
        "13": -45.38, 
        "12": 4.62, 
        "15": 32.4, 
        "14": 104.13, 
        "22": 3.56, 
        "23": -52.88, 
        "25": 24.4, 
        "21": -9.27
    }, 
    "17": {
        "11": -0.92, 
        "24": 108.09, 
        "13": -46.35, 
        "12": 4.0, 
        "15": 32.31, 
        "14": 105.54, 
        "22": 2.68, 
        "23": -53.23, 
        "25": 26.59, 
        "21": -9.36
    }, 
    "18": {
        "11": -0.92, 
        "24": 107.82, 
        "13": -46.53, 
        "12": 4.0, 
        "15": 32.31, 
        "14": 105.63, 
        "22": 2.59, 
        "23": -53.32, 
        "25": 27.47, 
        "21": -9.45
    }, 
    "19": {
        "11": -1.63, 
        "24": 108.79, 
        "13": -48.02, 
        "12": 4.44, 
        "15": 32.22, 
        "14": 107.03, 
        "22": 0.4, 
        "23": -53.23, 
        "25": 26.95, 
        "21": -10.59
    }, 
    "20": {
        "11": -8.04, 
        "24": 112.04, 
        "13": -51.19, 
        "12": 3.21, 
        "15": 32.22, 
        "14": 111.87, 
        "22": 0.57, 
        "23": -54.2, 
        "25": 27.65, 
        "21": -10.59
    }, 
    "21": {
        "11": -6.02, 
        "24": 112.84, 
        "13": -52.95, 
        "12": 1.19, 
        "15": 28.44, 
        "14": 112.13, 
        "22": 2.86, 
        "23": -57.54, 
        "25": 28.0, 
        "21": -8.57
    }, 
    "22": {
        "11": -2.68, 
        "24": 112.84, 
        "13": -52.95, 
        "12": -0.04, 
        "15": 28.18, 
        "14": 111.78, 
        "22": 1.89, 
        "23": -57.45, 
        "25": 28.0, 
        "21": -8.84
    }, 
    "nb_temps": 22
}