{
    "speed": {
        "bras_gauche": 0.2, 
        "jambe_gauche": 0.2, 
        "bras_droit": 0.2, 
        "jambe_droite": 0.2
    }, 
    "parties": {
        "offsetPart1": {
            "bras_gauche": 0, 
            "jambe_gauche": 0, 
            "bras_droit": 0, 
            "jambe_droite": 0, 
            "min": 0
        }, 
        "nb_parts": 1
    }, 
    "1": {
        "24": 7.69, 
        "25": 31.08, 
        "21": 4.0, 
        "22": -3.91, 
        "23": 13.49, 
        "46": -20.67, 
        "44": -0.92, 
        "45": 20.09, 
        "42": 178.75, 
        "43": 67.91, 
        "41": 14.840000000000003, 
        "11": 4.62, 
        "13": 12.02, 
        "12": -1.1, 
        "15": 37.23, 
        "14": 4.79, 
        "55": 14.22, 
        "54": -2.24, 
        "56": 15.1, 
        "51": 16.33, 
        "53": -80.84, 
        "52": -176.01999999999998
    }, 
    "2": {
        "24": 7.43, 
        "25": 32.13, 
        "21": 4.0, 
        "22": -3.82, 
        "23": 13.49, 
        "46": -20.67, 
        "44": -0.92, 
        "45": 20.38, 
        "42": 178.75, 
        "43": 67.91, 
        "41": 14.840000000000003, 
        "11": 4.62, 
        "13": 11.93, 
        "12": -1.1, 
        "15": 37.41, 
        "14": 4.7, 
        "55": 14.22, 
        "54": -2.15, 
        "56": 15.1, 
        "51": 16.33, 
        "53": -80.84, 
        "52": -176.01999999999998
    }, 
    "3": {
        "24": 7.08, 
        "25": 32.48, 
        "21": 3.91, 
        "22": -3.74, 
        "23": 13.49, 
        "46": -20.67, 
        "44": -1.01, 
        "45": 20.38, 
        "42": 178.75, 
        "43": 67.91, 
        "41": 14.840000000000003, 
        "11": 4.62, 
        "13": 12.02, 
        "12": -1.19, 
        "15": 37.58, 
        "14": 4.35, 
        "55": 14.22, 
        "54": -2.24, 
        "56": 15.1, 
        "51": 16.33, 
        "53": -80.75, 
        "52": -176.01999999999998
    }, 
    "4": {
        "24": 6.99, 
        "25": 32.75, 
        "21": 3.91, 
        "22": -3.74, 
        "23": 13.49, 
        "46": -20.67, 
        "44": -0.92, 
        "45": 20.09, 
        "42": 178.75, 
        "43": 67.91, 
        "41": 14.840000000000003, 
        "11": 4.62, 
        "13": 12.02, 
        "12": -1.27, 
        "15": 37.76, 
        "14": 4.18, 
        "55": 14.22, 
        "54": -2.24, 
        "56": 15.4, 
        "51": 16.33, 
        "53": -80.75, 
        "52": -176.01999999999998
    }, 
    "5": {
        "24": 6.55, 
        "25": 30.55, 
        "21": 2.59, 
        "22": -2.95, 
        "23": 17.54, 
        "46": -20.67, 
        "44": -4.18, 
        "45": 20.38, 
        "42": 177.43, 
        "43": 67.82, 
        "41": 10.180000000000007, 
        "11": 3.03, 
        "13": 16.24, 
        "12": -1.27, 
        "15": 36.7, 
        "14": 3.3, 
        "55": 14.52, 
        "54": -5.85, 
        "56": 15.1, 
        "51": 12.370000000000005, 
        "53": -79.6, 
        "52": -176.01999999999998
    }, 
    "6": {
        "24": 5.14, 
        "25": 29.85, 
        "21": 2.33, 
        "22": -1.98, 
        "23": 24.92, 
        "46": -20.67, 
        "44": -9.1, 
        "45": 20.38, 
        "42": 176.01999999999998, 
        "43": 68.0, 
        "41": 4.730000000000004, 
        "11": 2.59, 
        "13": 23.01, 
        "12": -2.15, 
        "15": 33.8, 
        "14": 3.38, 
        "55": 14.52, 
        "54": -10.95, 
        "56": 15.1, 
        "51": 6.400000000000006, 
        "53": -79.69, 
        "52": -174.44
    }, 
    "7": {
        "24": 13.05, 
        "25": 26.86, 
        "21": 3.47, 
        "22": -0.04, 
        "23": 25.27, 
        "46": -20.67, 
        "44": -13.85, 
        "45": 20.38, 
        "42": 175.93, 
        "43": 68.7, 
        "41": -1.0799999999999983, 
        "11": 1.54, 
        "13": 23.36, 
        "12": -2.68, 
        "15": 25.63, 
        "14": 14.02, 
        "55": 14.52, 
        "54": -12.88, 
        "56": 15.4, 
        "51": 0.8599999999999994, 
        "53": -79.78, 
        "52": -174.44
    }, 
    "8": {
        "24": 13.76, 
        "25": 26.42, 
        "21": 4.88, 
        "22": 1.45, 
        "23": 29.76, 
        "46": -20.67, 
        "44": -15.96, 
        "45": 20.38, 
        "42": 175.85, 
        "43": 70.37, 
        "41": -5.030000000000001, 
        "11": 0.48, 
        "13": 24.15, 
        "12": -3.12, 
        "15": 21.41, 
        "14": 20.26, 
        "55": 14.52, 
        "54": -14.55, 
        "56": 15.1, 
        "51": -2.3100000000000023, 
        "53": -79.78, 
        "52": -174.44
    }, 
    "9": {
        "24": 13.41, 
        "25": 27.21, 
        "21": 5.58, 
        "22": 2.68, 
        "23": 33.19, 
        "46": -20.67, 
        "44": -17.1, 
        "45": 20.38, 
        "42": 175.76, 
        "43": 70.99, 
        "41": -6.790000000000006, 
        "11": -0.57, 
        "13": 27.32, 
        "12": -3.65, 
        "15": 20.79, 
        "14": 20.88, 
        "55": 14.52, 
        "54": -14.64, 
        "56": 15.1, 
        "51": -4.329999999999998, 
        "53": -79.78, 
        "52": -174.35
    }, 
    "10": {
        "24": 16.22, 
        "25": 29.14, 
        "21": 5.58, 
        "22": 2.59, 
        "23": 33.19, 
        "46": -20.67, 
        "44": -17.27, 
        "45": 20.38, 
        "42": 175.67000000000002, 
        "43": 70.9, 
        "41": -6.8799999999999955, 
        "11": -0.92, 
        "13": 27.76, 
        "12": -3.65, 
        "15": 22.99, 
        "14": 21.93, 
        "55": 14.52, 
        "54": -14.9, 
        "56": 15.4, 
        "51": -4.239999999999995, 
        "53": -79.78, 
        "52": -174.35
    }, 
    "11": {
        "24": 16.31, 
        "25": 31.52, 
        "21": 5.49, 
        "22": 2.77, 
        "23": 33.1, 
        "46": -20.67, 
        "44": -17.45, 
        "45": 20.38, 
        "42": 175.49, 
        "43": 70.9, 
        "41": -7.489999999999995, 
        "11": -1.1, 
        "13": 27.76, 
        "12": -3.82, 
        "15": 24.57, 
        "14": 22.11, 
        "55": 14.52, 
        "54": -14.99, 
        "56": 15.1, 
        "51": -4.239999999999995, 
        "53": -79.78, 
        "52": -174.35
    }, 
    "12": {
        "24": 16.84, 
        "25": 33.63, 
        "21": 5.14, 
        "22": 2.33, 
        "23": 33.01, 
        "46": -20.67, 
        "44": -17.98, 
        "45": 20.38, 
        "42": 175.32, 
        "43": 70.73, 
        "41": -7.930000000000007, 
        "11": -0.92, 
        "13": 27.32, 
        "12": -3.74, 
        "15": 34.24, 
        "14": 20.7, 
        "55": 14.52, 
        "54": -15.25, 
        "56": 15.1, 
        "51": -4.590000000000003, 
        "53": -79.34, 
        "52": -174.35
    }, 
    "nb_temps": 14, 
    "13": {
        "11": -0.66, 
        "24": 16.75, 
        "13": 27.32, 
        "12": -3.56, 
        "15": 36.88, 
        "14": 20.09, 
        "22": 2.24, 
        "23": 32.92, 
        "25": 34.59, 
        "21": 5.05
    }, 
    "14": {
        "11": -0.48, 
        "24": 16.66, 
        "13": 27.58, 
        "12": -3.47, 
        "15": 36.97, 
        "14": 20.79, 
        "22": 1.98, 
        "23": 33.01, 
        "25": 34.95, 
        "21": 5.05
    }
}