{
    "11": {
        "33": 2.86, 
        "32": 1.63, 
        "31": -5.23, 
        "37": -18.39, 
        "36": 1.61, 
        "35": -0.57, 
        "34": 9.27
    }, 
    "10": {
        "33": 2.51, 
        "32": 1.54, 
        "31": -2.77, 
        "37": -17.21, 
        "36": 1.61, 
        "35": -0.75, 
        "34": 13.05
    }, 
    "12": {
        "33": 2.86, 
        "32": 1.63, 
        "31": -7.08, 
        "37": -18.97, 
        "36": 1.61, 
        "35": -0.48, 
        "34": 6.02
    }, 
    "speed": {
        "tete": 0.2, 
        "colonne": 0.2
    }, 
    "1": {
        "33": 0.57, 
        "32": 1.54, 
        "31": 11.47, 
        "37": 23.549999999999997, 
        "36": 1.61, 
        "35": -0.04, 
        "34": 28.79
    }, 
    "3": {
        "33": 0.57, 
        "32": 1.63, 
        "31": 11.47, 
        "37": 19.439999999999998, 
        "36": 1.61, 
        "35": -0.04, 
        "34": 28.7
    }, 
    "2": {
        "33": 0.57, 
        "32": 1.54, 
        "31": 11.47, 
        "37": 22.67, 
        "36": 1.61, 
        "35": -0.04, 
        "34": 28.7
    }, 
    "5": {
        "33": 0.22, 
        "32": 1.54, 
        "31": 10.95, 
        "37": 6.539999999999999, 
        "36": 1.61, 
        "35": -0.04, 
        "34": 27.91
    }, 
    "4": {
        "33": 0.4, 
        "32": 1.63, 
        "31": 11.47, 
        "37": 13.869999999999997, 
        "36": 1.61, 
        "35": 0.04, 
        "34": 29.23
    }, 
    "7": {
        "33": -0.22, 
        "32": 1.63, 
        "31": 8.84, 
        "37": -6.07, 
        "36": 1.61, 
        "35": -0.75, 
        "34": 21.05
    }, 
    "6": {
        "33": 0.04, 
        "32": 1.54, 
        "31": 10.24, 
        "37": -0.21000000000000085, 
        "36": 1.61, 
        "35": -0.48, 
        "34": 24.75
    }, 
    "9": {
        "33": 1.63, 
        "32": 1.54, 
        "31": 1.1, 
        "37": -14.870000000000001, 
        "36": 1.61, 
        "35": -0.84, 
        "34": 15.69
    }, 
    "8": {
        "33": 0.31, 
        "32": 1.54, 
        "31": 5.58, 
        "37": -10.47, 
        "36": 1.61, 
        "35": -0.75, 
        "34": 17.89
    }, 
    "nb_temps": 12
}