{
    "speed": {
        "bras_droit": 0.2
    }, 
    "1": {
        "54": -30.99, 
        "51": -15.14, 
        "53": 53.05, 
        "52": -18.040000000000006
    }, 
    "2": {
        "54": -30.99, 
        "51": -15.230000000000004, 
        "53": 52.97, 
        "52": -18.040000000000006
    }, 
    "3": {
        "54": -30.99, 
        "51": -15.760000000000005, 
        "53": 52.62, 
        "52": -18.040000000000006
    }, 
    "4": {
        "54": -31.69, 
        "51": -16.810000000000002, 
        "53": 52.18, 
        "52": -17.959999999999994
    }, 
    "5": {
        "54": -33.8, 
        "51": -19.010000000000005, 
        "53": 51.38, 
        "52": -17.959999999999994
    }, 
    "6": {
        "54": -38.29, 
        "51": -21.739999999999995, 
        "53": 49.27, 
        "52": -17.78
    }, 
    "7": {
        "54": -45.41, 
        "51": -25.159999999999997, 
        "53": 46.46, 
        "52": -17.78
    }, 
    "8": {
        "54": -52.88, 
        "51": -29.740000000000002, 
        "53": 44.09, 
        "52": -17.689999999999998
    }, 
    "9": {
        "54": -61.32, 
        "51": -34.92, 
        "53": 39.96, 
        "52": -17.519999999999996
    }, 
    "10": {
        "54": -65.8, 
        "51": -39.14, 
        "53": 32.66, 
        "52": -16.11
    }, 
    "11": {
        "54": -66.15, 
        "51": -40.73, 
        "53": 27.21, 
        "52": -13.909999999999997
    }, 
    "12": {
        "54": -66.68, 
        "51": -43.19, 
        "53": 25.98, 
        "52": -13.379999999999995
    }, 
    "13": {
        "54": -68.26, 
        "51": -45.47, 
        "53": 25.98, 
        "52": -12.86
    }, 
    "14": {
        "54": -71.16, 
        "51": -51.45, 
        "53": 25.63, 
        "52": -12.769999999999996
    }, 
    "15": {
        "54": -78.99, 
        "51": -59.54, 
        "53": 24.75, 
        "52": -10.310000000000002
    }, 
    "16": {
        "54": -85.49, 
        "51": -71.41, 
        "53": 24.75, 
        "52": -9.159999999999997
    }, 
    "17": {
        "54": -86.37, 
        "51": -81.69, 
        "53": 24.75, 
        "52": -10.480000000000004
    }, 
    "18": {
        "54": -91.03, 
        "51": -88.46, 
        "53": 26.15, 
        "52": -12.069999999999993
    }, 
    "19": {
        "54": -101.67, 
        "51": -97.6, 
        "53": 28.7, 
        "52": -12.680000000000007
    }, 
    "20": {
        "54": -109.41, 
        "51": -102.0, 
        "53": 29.05, 
        "52": -13.030000000000001
    }, 
    "21": {
        "54": -113.27, 
        "51": -104.73, 
        "53": 28.97, 
        "52": -14.090000000000003
    }, 
    "22": {
        "54": -117.67, 
        "51": -106.48, 
        "53": 29.05, 
        "52": -14.530000000000001
    }, 
    "23": {
        "54": -118.73, 
        "51": -106.75, 
        "53": 29.05, 
        "52": -14.879999999999995
    }, 
    "24": {
        "54": -114.42, 
        "51": -105.78, 
        "53": 28.7, 
        "52": -15.670000000000002
    }, 
    "25": {
        "54": -102.73, 
        "51": -102.26, 
        "53": 27.47, 
        "52": -15.930000000000007
    }, 
    "26": {
        "54": -94.81, 
        "51": -97.96, 
        "53": 27.47, 
        "52": -18.400000000000006
    }, 
    "27": {
        "54": -87.52, 
        "51": -90.31, 
        "53": 26.42, 
        "52": -19.099999999999994
    }, 
    "28": {
        "54": -78.55, 
        "51": -84.42, 
        "53": 27.74, 
        "52": -18.400000000000006
    }, 
    "29": {
        "54": -68.79, 
        "51": -79.41, 
        "53": 28.0, 
        "52": -17.08
    }, 
    "30": {
        "54": -61.93, 
        "51": -71.14, 
        "53": 28.7, 
        "52": -16.989999999999995
    }, 
    "31": {
        "54": -59.47, 
        "51": -62.260000000000005, 
        "53": 29.67, 
        "52": -17.340000000000003
    }, 
    "32": {
        "54": -59.21, 
        "51": -51.19, 
        "53": 34.24, 
        "52": -18.400000000000006
    }, 
    "33": {
        "54": -59.03, 
        "51": -39.67, 
        "53": 44.88, 
        "52": -21.650000000000006
    }, 
    "34": {
        "54": -58.68, 
        "51": -30.259999999999998, 
        "53": 45.85, 
        "52": -23.409999999999997
    }, 
    "35": {
        "54": -54.9, 
        "51": -23.049999999999997, 
        "53": 45.85, 
        "52": -23.489999999999995
    }, 
    "36": {
        "54": -47.52, 
        "51": -18.840000000000003, 
        "53": 46.2, 
        "52": -21.650000000000006
    }, 
    "37": {
        "54": -40.66, 
        "51": -15.849999999999994, 
        "53": 48.92, 
        "52": -19.36
    }, 
    "38": {
        "54": -34.77, 
        "51": -12.769999999999996, 
        "53": 48.92, 
        "52": -18.659999999999997
    }, 
    "39": {
        "54": -31.96, 
        "51": -11.450000000000003, 
        "53": 48.92, 
        "52": -18.040000000000006
    }, 
    "40": {
        "54": -31.96, 
        "51": -11.540000000000006, 
        "53": 48.92, 
        "52": -18.040000000000006
    }, 
    "nb_temps": 40
}