{
    "speed": {
        "bras_droit": 0.2
    }, 
    "1": {
        "54": -42.15, 
        "51": -6.260000000000005, 
        "53": -26.68, 
        "52": 11.14
    }, 
    "2": {
        "54": -42.15, 
        "51": -6.260000000000005, 
        "53": -26.77, 
        "52": 11.14
    }, 
    "3": {
        "54": -42.15, 
        "51": -6.530000000000001, 
        "53": -26.51, 
        "52": 9.469999999999999
    }, 
    "4": {
        "54": -42.51, 
        "51": -14.969999999999999, 
        "53": -25.27, 
        "52": 4.989999999999995
    }, 
    "5": {
        "54": -45.76, 
        "51": -22.439999999999998, 
        "53": -25.27, 
        "52": -5.650000000000006
    }, 
    "6": {
        "54": -57.27, 
        "51": -27.270000000000003, 
        "53": -25.36, 
        "52": -19.189999999999998
    }, 
    "7": {
        "54": -64.48, 
        "51": -33.78, 
        "53": -27.82, 
        "52": -30.97
    }, 
    "8": {
        "54": -73.8, 
        "51": -36.15, 
        "53": -33.19, 
        "52": -46.35
    }, 
    "9": {
        "54": -79.87, 
        "51": -41.6, 
        "53": -34.86, 
        "52": -64.55
    }, 
    "10": {
        "54": -76.35, 
        "51": -48.02, 
        "53": -32.92, 
        "52": -85.12
    }, 
    "11": {
        "54": -70.64, 
        "51": -48.99, 
        "53": -32.31, 
        "52": -100.68
    }, 
    "12": {
        "54": -68.44, 
        "51": -54.53, 
        "53": -40.84, 
        "52": -112.28999999999999
    }, 
    "13": {
        "54": -68.26, 
        "51": -61.21, 
        "53": -51.74, 
        "52": -113.69
    }, 
    "14": {
        "54": -67.38, 
        "51": -63.05, 
        "53": -56.66, 
        "52": -111.67
    }, 
    "15": {
        "54": -67.38, 
        "51": -53.12, 
        "53": -52.53, 
        "52": -110.0
    }, 
    "16": {
        "54": -67.74, 
        "51": -38.26, 
        "53": -45.67, 
        "52": -105.34
    }, 
    "17": {
        "54": -72.48, 
        "51": -22.349999999999994, 
        "53": -35.3, 
        "52": -102.09
    }, 
    "18": {
        "54": -79.6, 
        "51": -14.969999999999999, 
        "53": -24.84, 
        "52": -92.24
    }, 
    "19": {
        "54": -77.93, 
        "51": -27.979999999999997, 
        "53": -29.41, 
        "52": -73.69
    }, 
    "20": {
        "54": -74.07, 
        "51": -49.34, 
        "53": -42.68, 
        "52": -63.41
    }, 
    "21": {
        "54": -70.99, 
        "51": -46.62, 
        "53": -51.91, 
        "52": -56.99
    }, 
    "22": {
        "54": -67.12, 
        "51": -35.8, 
        "53": -58.77, 
        "52": -56.11
    }, 
    "23": {
        "54": -69.32, 
        "51": -32.81, 
        "53": -59.12, 
        "52": -62.18
    }, 
    "24": {
        "54": -80.04, 
        "51": -34.84, 
        "53": -56.48, 
        "52": -70.44
    }, 
    "25": {
        "54": -94.99, 
        "51": -34.84, 
        "53": -49.45, 
        "52": -73.16
    }, 
    "26": {
        "54": -99.82, 
        "51": -34.92, 
        "53": -47.43, 
        "52": -70.88
    }, 
    "27": {
        "54": -99.91, 
        "51": -34.13, 
        "53": -46.9, 
        "52": -64.28999999999999
    }, 
    "28": {
        "54": -97.89, 
        "51": -30.259999999999998, 
        "53": -42.33, 
        "52": -53.91
    }, 
    "29": {
        "54": -93.67, 
        "51": -26.92, 
        "53": -35.91, 
        "52": -38.26
    }, 
    "30": {
        "54": -90.77, 
        "51": -17.959999999999994, 
        "53": -27.82, 
        "52": -28.240000000000002
    }, 
    "31": {
        "54": -86.55, 
        "51": -12.590000000000003, 
        "53": -22.55, 
        "52": -14.790000000000006
    }, 
    "32": {
        "54": -82.07, 
        "51": -11.629999999999995, 
        "53": -22.11, 
        "52": -3.0999999999999943
    }, 
    "33": {
        "54": -72.66, 
        "51": -10.569999999999993, 
        "53": -20.62, 
        "52": 0.06999999999999318
    }, 
    "34": {
        "54": -67.91, 
        "51": -8.200000000000003, 
        "53": -17.89, 
        "52": -2.1299999999999955
    }, 
    "35": {
        "54": -67.12, 
        "51": -5.209999999999994, 
        "53": -10.86, 
        "52": -3.3599999999999994
    }, 
    "36": {
        "54": -66.15, 
        "51": -5.1200000000000045, 
        "53": -9.19, 
        "52": -3.1899999999999977
    }, 
    "37": {
        "54": -64.92, 
        "51": -5.299999999999997, 
        "53": -8.92, 
        "52": -2.9200000000000017
    }, 
    "nb_temps": 37
}