{
    "speed": {
        "bras_gauche": 0.2, 
        "bras_droit": 0.2
    }, 
    "1": {
        "51": -6.260000000000005, 
        "54": -42.15, 
        "44": -45.85, 
        "42": 8.64, 
        "43": -9.63, 
        "53": -26.68, 
        "52": 11.14, 
        "41": -1.0799999999999983
    }, 
    "2": {
        "51": -6.260000000000005, 
        "54": -42.15, 
        "44": -46.02, 
        "42": 10.310000000000002, 
        "43": -9.63, 
        "53": -26.77, 
        "52": 11.14, 
        "41": -1.4300000000000068
    }, 
    "3": {
        "51": -6.530000000000001, 
        "54": -42.15, 
        "44": -46.2, 
        "42": 16.200000000000003, 
        "43": -9.54, 
        "53": -26.51, 
        "52": 9.469999999999999, 
        "41": -2.480000000000004
    }, 
    "4": {
        "51": -14.969999999999999, 
        "54": -42.51, 
        "44": -46.2, 
        "42": 21.03, 
        "43": -8.57, 
        "53": -25.27, 
        "52": 4.989999999999995, 
        "41": -5.3799999999999955
    }, 
    "5": {
        "51": -22.439999999999998, 
        "54": -45.76, 
        "44": -45.58, 
        "42": 29.03, 
        "43": -5.76, 
        "53": -25.27, 
        "52": -5.650000000000006, 
        "41": -13.299999999999997
    }, 
    "6": {
        "51": -27.270000000000003, 
        "54": -57.27, 
        "44": -45.23, 
        "42": 39.32, 
        "43": -0.66, 
        "53": -25.36, 
        "52": -19.189999999999998, 
        "41": -29.03
    }, 
    "7": {
        "51": -33.78, 
        "54": -64.48, 
        "44": -45.14, 
        "42": 49.87, 
        "43": -2.95, 
        "53": -27.82, 
        "52": -30.97, 
        "41": -46.79
    }, 
    "8": {
        "51": -36.15, 
        "54": -73.8, 
        "44": -37.05, 
        "42": 62.97, 
        "43": -13.05, 
        "53": -33.19, 
        "52": -46.35, 
        "41": -73.25
    }, 
    "9": {
        "51": -41.6, 
        "54": -79.87, 
        "44": -36.53, 
        "42": 65.16, 
        "43": -31.25, 
        "53": -34.86, 
        "52": -64.55, 
        "41": -98.75
    }, 
    "10": {
        "51": -48.02, 
        "54": -76.35, 
        "44": -44.18, 
        "42": 63.41, 
        "43": -46.73, 
        "53": -32.92, 
        "52": -85.12, 
        "41": -121.08
    }, 
    "11": {
        "51": -48.99, 
        "54": -70.64, 
        "44": -44.53, 
        "42": 54.7, 
        "43": -65.89, 
        "53": -32.31, 
        "52": -100.68, 
        "41": -145.07999999999998
    }, 
    "12": {
        "51": -54.53, 
        "54": -68.44, 
        "44": -36.26, 
        "42": 40.55, 
        "43": -86.29, 
        "53": -40.84, 
        "52": -112.28999999999999, 
        "41": -165.91
    }, 
    "13": {
        "51": -61.21, 
        "54": -68.26, 
        "44": -20.35, 
        "42": 22.439999999999998, 
        "43": -89.36, 
        "53": -51.74, 
        "52": -113.69, 
        "41": -179.01
    }, 
    "14": {
        "51": -63.05, 
        "54": -67.38, 
        "44": -15.96, 
        "42": 15.230000000000004, 
        "43": -89.89, 
        "53": -56.66, 
        "52": -111.67, 
        "41": -186.48000000000002
    }, 
    "15": {
        "51": -53.12, 
        "54": -67.38, 
        "44": -14.2, 
        "42": 9.599999999999994, 
        "43": -89.8, 
        "53": -52.53, 
        "52": -110.0, 
        "41": -189.82
    }, 
    "16": {
        "51": -38.26, 
        "54": -67.74, 
        "44": -8.13, 
        "42": 8.11, 
        "43": -89.19, 
        "53": -45.67, 
        "52": -105.34, 
        "41": -191.57999999999998
    }, 
    "17": {
        "51": -22.349999999999994, 
        "54": -72.48, 
        "44": -1.54, 
        "42": 15.049999999999997, 
        "43": -89.45, 
        "53": -35.3, 
        "52": -102.09, 
        "41": -188.07
    }, 
    "18": {
        "51": -14.969999999999999, 
        "54": -79.6, 
        "44": 1.63, 
        "42": 24.810000000000002, 
        "43": -89.27, 
        "53": -24.84, 
        "52": -92.24, 
        "41": -187.1
    }, 
    "19": {
        "51": -27.979999999999997, 
        "54": -77.93, 
        "44": 1.63, 
        "42": 32.9, 
        "43": -89.45, 
        "53": -29.41, 
        "52": -73.69, 
        "41": -188.15
    }, 
    "20": {
        "51": -49.34, 
        "54": -74.07, 
        "44": 1.63, 
        "42": 38.44, 
        "43": -89.45, 
        "53": -42.68, 
        "52": -63.41, 
        "41": -189.74
    }, 
    "21": {
        "51": -46.62, 
        "54": -70.99, 
        "44": 1.63, 
        "42": 39.58, 
        "43": -89.45, 
        "53": -51.91, 
        "52": -56.99, 
        "41": -189.82
    }, 
    "22": {
        "51": -35.8, 
        "54": -67.12, 
        "44": -7.34, 
        "42": 36.07, 
        "43": -91.03, 
        "53": -58.77, 
        "52": -56.11, 
        "41": -187.63
    }, 
    "23": {
        "51": -32.81, 
        "54": -69.32, 
        "44": -21.58, 
        "42": 31.32, 
        "43": -93.32, 
        "53": -59.12, 
        "52": -62.18, 
        "41": -180.24
    }, 
    "24": {
        "51": -34.84, 
        "54": -80.04, 
        "44": -23.69, 
        "42": 26.659999999999997, 
        "43": -92.97, 
        "53": -56.48, 
        "52": -70.44, 
        "41": -167.67000000000002
    }, 
    "25": {
        "51": -34.84, 
        "54": -94.99, 
        "44": -25.45, 
        "42": 24.11, 
        "43": -87.96, 
        "53": -49.45, 
        "52": -73.16, 
        "41": -152.64
    }, 
    "26": {
        "51": -34.92, 
        "54": -99.82, 
        "44": -28.09, 
        "42": 24.900000000000006, 
        "43": -85.32, 
        "53": -47.43, 
        "52": -70.88, 
        "41": -138.66
    }, 
    "27": {
        "51": -34.13, 
        "54": -99.91, 
        "44": -31.25, 
        "42": 35.1, 
        "43": -72.22, 
        "53": -46.9, 
        "52": -64.28999999999999, 
        "41": -128.37
    }, 
    "28": {
        "51": -30.259999999999998, 
        "54": -97.89, 
        "44": -51.03, 
        "42": 55.41, 
        "43": -47.96, 
        "53": -42.33, 
        "52": -53.91, 
        "41": -113.87
    }, 
    "29": {
        "51": -26.92, 
        "54": -93.67, 
        "44": -66.15, 
        "42": 68.24, 
        "43": -12.26, 
        "53": -35.91, 
        "52": -38.26, 
        "41": -84.59
    }, 
    "30": {
        "51": -17.959999999999994, 
        "54": -90.77, 
        "44": -73.01, 
        "42": 68.42, 
        "43": 28.7, 
        "53": -27.82, 
        "52": -28.240000000000002, 
        "41": -50.57
    }, 
    "31": {
        "51": -12.590000000000003, 
        "54": -86.55, 
        "44": -89.89, 
        "42": 54.44, 
        "43": 52.7, 
        "53": -22.55, 
        "52": -14.790000000000006, 
        "41": -22.620000000000005
    }, 
    "32": {
        "51": -11.629999999999995, 
        "54": -82.07, 
        "44": -111.52, 
        "42": 33.08, 
        "43": 41.45, 
        "53": -22.11, 
        "52": -3.0999999999999943, 
        "41": -18.22
    }, 
    "33": {
        "51": -10.569999999999993, 
        "54": -72.66, 
        "44": -117.49, 
        "42": 6.530000000000001, 
        "43": 29.76, 
        "53": -20.62, 
        "52": 0.06999999999999318, 
        "41": -16.019999999999996
    }, 
    "34": {
        "51": -8.200000000000003, 
        "54": -67.91, 
        "44": -105.54, 
        "42": -3.760000000000005, 
        "43": 20.18, 
        "53": -17.89, 
        "52": -2.1299999999999955, 
        "41": -6.0
    }, 
    "35": {
        "51": -5.209999999999994, 
        "54": -67.12, 
        "44": -85.41, 
        "42": -2.260000000000005, 
        "43": 11.3, 
        "53": -10.86, 
        "52": -3.3599999999999994, 
        "41": -1.9599999999999937
    }, 
    "36": {
        "51": -5.1200000000000045, 
        "54": -66.15, 
        "44": -64.31, 
        "42": 1.25, 
        "43": 4.44, 
        "53": -9.19, 
        "52": -3.1899999999999977, 
        "41": -2.6599999999999966
    },