{
    "speed": {
        "bras_droit": 0.2
    }, 
    "1": {
        "54": -34.15, 
        "51": -10.480000000000004, 
        "53": -10.86, 
        "52": -0.730000000000004
    }, 
    "2": {
        "54": -33.71, 
        "51": -11.269999999999996, 
        "53": -10.68, 
        "52": -0.5499999999999972
    }, 
    "3": {
        "54": -33.45, 
        "51": -13.030000000000001, 
        "53": -10.42, 
        "52": -1.25
    }, 
    "4": {
        "54": -33.71, 
        "51": -15.319999999999993, 
        "53": -10.33, 
        "52": -2.1299999999999955
    }, 
    "5": {
        "54": -34.42, 
        "51": -17.870000000000005, 
        "53": -10.59, 
        "52": -3.010000000000005
    }, 
    "6": {
        "54": -35.21, 
        "51": -22.090000000000003, 
        "53": -10.68, 
        "52": -4.590000000000003
    }, 
    "7": {
        "54": -35.82, 
        "51": -24.810000000000002, 
        "53": -10.77, 
        "52": -5.030000000000001
    }, 
    "8": {
        "54": -37.32, 
        "51": -29.21, 
        "53": -10.59, 
        "52": -7.049999999999997
    }, 
    "9": {
        "54": -38.37, 
        "51": -34.22, 
        "53": -11.56, 
        "52": -10.840000000000003
    }, 
    "10": {
        "54": -39.25, 
        "51": -35.19, 
        "53": -12.09, 
        "52": -11.799999999999997
    }, 
    "11": {
        "54": -39.43, 
        "51": -36.07, 
        "53": -12.09, 
        "52": -12.420000000000002
    }, 
    "12": {
        "54": -39.52, 
        "51": -37.12, 
        "53": -12.35, 
        "52": -14.879999999999995
    }, 
    "13": {
        "54": -40.92, 
        "51": -39.23, 
        "53": -12.97, 
        "52": -16.64
    }, 
    "14": {
        "54": -43.65, 
        "51": -42.48, 
        "53": -14.2, 
        "52": -18.22
    }, 
    "15": {
        "54": -47.34, 
        "51": -46.62, 
        "53": -15.16, 
        "52": -20.239999999999995
    }, 
    "16": {
        "54": -51.47, 
        "51": -50.31, 
        "53": -15.52, 
        "52": -22.260000000000005
    }, 
    "17": {
        "54": -56.13, 
        "51": -54.88, 
        "53": -15.96, 
        "52": -24.11
    }, 
    "18": {
        "54": -61.23, 
        "51": -59.89, 
        "53": -16.92, 
        "52": -26.4
    }, 
    "19": {
        "54": -65.98, 
        "51": -64.55, 
        "53": -18.42, 
        "52": -28.15
    }, 
    "20": {
        "54": -70.46, 
        "51": -67.98, 
        "53": -20.35, 
        "52": -29.299999999999997
    }, 
    "nb_temps": 20
}