{
    "speed": {
        "bras_droit": 0.2
    }, 
    "1": {
        "54": -39.78, 
        "51": -8.200000000000003, 
        "53": -21.05, 
        "52": 0.769999999999996
    }, 
    "2": {
        "54": -39.78, 
        "51": -8.200000000000003, 
        "53": -21.05, 
        "52": 0.769999999999996
    }, 
    "3": {
        "54": -39.78, 
        "51": -8.200000000000003, 
        "53": -21.05, 
        "52": 0.769999999999996
    }, 
    "4": {
        "54": -39.52, 
        "51": -8.459999999999994, 
        "53": -21.23, 
        "52": 0.769999999999996
    }, 
    "5": {
        "54": -38.29, 
        "51": -9.430000000000007, 
        "53": -21.14, 
        "52": 0.5100000000000051
    }, 
    "6": {
        "54": -33.36, 
        "51": -13.819999999999993, 
        "53": -21.23, 
        "52": -0.5499999999999972
    }, 
    "7": {
        "54": -30.9, 
        "51": -21.47, 
        "53": -20.53, 
        "52": -0.730000000000004
    }, 
    "8": {
        "54": -30.9, 
        "51": -28.509999999999998, 
        "53": -20.26, 
        "52": -2.4000000000000057
    }, 
    "9": {
        "54": -32.22, 
        "51": -36.77, 
        "53": -20.35, 
        "52": -6.180000000000007
    }, 
    "10": {
        "54": -36.44, 
        "51": -48.81, 
        "53": -20.44, 
        "52": -11.099999999999994
    }, 
    "11": {
        "54": -36.7, 
        "51": -61.91, 
        "53": -20.26, 
        "52": -13.819999999999993
    }, 
    "12": {
        "54": -37.32, 
        "51": -69.91, 
        "53": -20.18, 
        "52": -13.209999999999994
    }, 
    "13": {
        "54": -41.54, 
        "51": -72.2, 
        "53": -20.18, 
        "52": -12.150000000000006
    }, 
    "14": {
        "54": -48.48, 
        "51": -69.74, 
        "53": -19.38, 
        "52": -12.420000000000002
    }, 
    "15": {
        "54": -58.77, 
        "51": -68.15, 
        "53": -13.58, 
        "52": -12.069999999999993
    }, 
    "16": {
        "54": -78.2, 
        "51": -70.7, 
        "53": -7.52, 
        "52": -16.549999999999997
    }, 
    "17": {
        "54": -100.26, 
        "51": -69.38, 
        "53": -6.99, 
        "52": -17.430000000000007
    }, 
    "18": {
        "54": -114.42, 
        "51": -68.95, 
        "53": -8.04, 
        "52": -17.689999999999998
    }, 
    "19": {
        "54": -131.82, 
        "51": -68.95, 
        "53": -9.71, 
        "52": -18.659999999999997
    }, 
    "20": {
        "54": -141.67, 
        "51": -69.38, 
        "53": -10.42, 
        "52": -18.75
    }, 
    "21": {
        "54": -134.02, 
        "51": -71.32, 
        "53": -9.8, 
        "52": -18.310000000000002
    }, 
    "22": {
        "54": -108.53, 
        "51": -74.13, 
        "53": -7.87, 
        "52": -18.400000000000006
    }, 
    "23": {
        "54": -81.63, 
        "51": -73.25, 
        "53": -7.69, 
        "52": -17.430000000000007
    }, 
    "24": {
        "54": -73.71, 
        "51": -73.16, 
        "53": -7.08, 
        "52": -17.08
    }, 
    "25": {
        "54": -75.65, 
        "51": -72.55, 
        "53": -9.36, 
        "52": -24.11
    }, 
    "26": {
        "54": -75.56, 
        "51": -71.14, 
        "53": -13.76, 
        "52": -35.36
    }, 
    "27": {
        "54": -76.0, 
        "51": -67.45, 
        "53": -18.33, 
        "52": -52.24
    }, 
    "28": {
        "54": -76.97, 
        "51": -62.7, 
        "53": -28.97, 
        "52": -64.37
    }, 
    "29": {
        "54": -82.68, 
        "51": -56.11, 
        "53": -37.32, 
        "52": -67.63
    }, 
    "30": {
        "54": -103.78, 
        "51": -54.79, 
        "53": -37.58, 
        "52": -66.31
    }, 
    "31": {
        "54": -122.68, 
        "51": -53.47, 
        "53": -37.41, 
        "52": -64.64
    }, 
    "32": {
        "54": -123.82, 
        "51": -53.03, 
        "53": -37.32, 
        "52": -63.230000000000004
    }, 
    "33": {
        "54": -102.46, 
        "51": -53.3, 
        "53": -37.41, 
        "52": -64.64
    }, 
    "34": {
        "54": -77.93, 
        "51": -53.74, 
        "53": -37.14, 
        "52": -65.69
    }, 
    "35": {
        "54": -67.91, 
        "51": -53.82, 
        "53": -36.88, 
        "52": -64.81
    }, 
    "36": {
        "54": -75.38, 
        "51": -54.35, 
        "53": -35.3, 
        "52": -66.22
    }, 
    "37": {
        "54": -97.63, 
        "51": -55.32, 
        "53": -35.12, 
        "52": -66.75
    }, 
    "38": {
        "54": -117.67, 
        "51": -55.05, 
        "53": -34.86, 
        "52": -65.34
    }, 
    "39": {
        "54": -124.18, 
        "51": -54.53, 
        "53": -34.86, 
        "52": -62.97
    }, 
    "40": {
        "54": -107.3, 
        "51": -54.62, 
        "53": -34.95, 
        "52": -63.05
    }, 
    "41": {
        "54": -79.69, 
        "51": -54.88, 
        "53": -34.77, 
        "52": -63.93
    }, 
    "42": {
        "54": -63.34, 
        "51": -56.46, 
        "53": -32.57, 
        "52": -64.55
    }, 
    "43": {
        "54": -56.4, 
        "51": -57.52, 
        "53": -32.13, 
        "52": -63.93
    }, 
    "44": {
        "54": -49.19, 
        "51": -57.6, 
        "53": -31.25, 
        "52": -62.260000000000005
    }, 
    "45": {
        "54": -28.88, 
        "51": -58.31, 
        "53": -31.08, 
        "52": -61.91
    }, 
    "46": {
        "54": -15.34, 
        "51": -62.09, 
        "53": -27.47, 
        "52": -62.0
    }, 
    "47": {
        "54": -1.98, 
        "51": -64.9, 
        "53": -26.07, 
        "52": -62.35
    }, 
    "48": {
        "54": 1.19, 
        "51": -64.73, 
        "53": -25.71, 
        "52": -62.260000000000005
    }, 
    "49": {
        "54": 1.1, 
        "51": -64.2, 
        "53": -25.71, 
        "52": -62.18
    }, 
    "50": {
        "54": 1.19, 
        "51": -61.82, 
        "53": -26.07, 
        "52": -62.18
    }, 
    "51": {
        "54": 1.19, 
        "51": -60.42, 
        "53": -26.86, 
        "52": -61.379999999999995
    }, 
    "52": {
        "54": 1.1, 
        "51": -58.66, 
        "53": -27.47, 
        "52": -58.04
    }, 
    "53": {
        "54": 1.1, 
        "51": -54.35, 
        "53": -30.29, 
        "52": -54.18
    }, 
    "54": {
        "54": 1.1, 
        "51": -49.43, 
        "53": -33.8, 
        "52": -51.1
    }, 
    "55": {
        "54": 1.01, 
        "51": -44.33, 
        "53": -36.97, 
        "52": -48.55
    }, 
    "56": {
        "54": -0.48, 
        "51": -36.07, 
        "53": -41.54, 
        "52": -44.86
    }, 
    "57": {
        "54": -4.35, 
        "51": -26.57, 
        "53": -42.24, 
        "52": -39.76
    }, 
    "58": {
        "54": -11.12, 
        "51": -16.290000000000006, 
        "53": -42.24, 
        "52": -31.67
    }, 
    "59": {
        "54": -19.91, 
        "51": -9.599999999999994, 
        "53": -42.33, 
        "52": -22.97
    }, 
    "60": {
        "54": -32.66, 
        "51": -2.219999999999999, 
        "53": -42.07, 
        "52": -12.420000000000002
    }, 
    "61": {
        "54": -48.92, 
        "51": 4.730000000000004, 
        "53": -33.36, 
        "52": -4.329999999999998
    }, 
    "62": {
        "54": -53.93, 
        "51": 8.950000000000003, 
        "53": -17.01, 
        "52": -6.700000000000003
    }, 
    "63": {
        "54": -54.64, 
        "51": 9.650000000000006, 
        "53": -2.51, 
        "52": -13.819999999999993
    }, 
    "64": {
        "54": -55.16, 
        "51": 5.430000000000007, 
        "53": 1.8, 
        "52": -13.299999999999997
    }, 
    "65": {
        "54": -57.27, 
        "51": 3.6700000000000017, 
        "53": 2.59, 
        "52": -9.079999999999998
    }, 
    "nb_temps": 65
}