{
    "speed": {
        "tete": 0.2
    }, 
    "1": {
        "37": -10.76, 
        "36": 1.61
    }, 
    "2": {
        "37": -9.88, 
        "36": 1.61
    }, 
    "3": {
        "37": -10.47, 
        "36": 1.61
    }, 
    "4": {
        "37": -10.18, 
        "36": 1.61
    }, 
    "5": {
        "37": -10.18, 
        "36": 1.61
    }, 
    "6": {
        "37": -5.779999999999999, 
        "36": 1.61
    }, 
    "7": {
        "37": 1.5500000000000007, 
        "36": 1.61
    }, 
    "8": {
        "37": 9.18, 
        "36": 1.61
    }, 
    "9": {
        "37": 16.22, 
        "36": 1.61
    }, 
    "10": {
        "37": 20.03, 
        "36": 1.61
    }, 
    "11": {
        "37": 20.32, 
        "36": 1.03
    }, 
    "12": {
        "37": 20.619999999999997, 
        "36": 1.03
    }, 
    "nb_temps": 12
}