{
    "speed": {
        "bras_gauche": 0.2, 
        "bras_droit": 0.2
    }, 
    "24": {
        "42": 18.040000000000006, 
        "44": 1.63, 
        "51": -182.18, 
        "43": -44.88, 
        "53": 53.67, 
        "52": -14.260000000000005, 
        "54": 1.19, 
        "41": -181.82
    }, 
    "25": {
        "42": 25.519999999999996, 
        "44": 1.63, 
        "51": -184.81, 
        "43": -41.45, 
        "53": 51.38, 
        "52": -21.47, 
        "54": 1.19, 
        "41": -182.44
    }, 
    "26": {
        "42": 34.92, 
        "44": 1.54, 
        "51": -186.13, 
        "43": -32.84, 
        "53": 44.44, 
        "52": -27.630000000000003, 
        "54": 1.1, 
        "41": -183.67000000000002
    }, 
    "27": {
        "42": 34.31, 
        "44": 1.54, 
        "51": -186.31, 
        "43": -33.1, 
        "53": 44.0, 
        "52": -27.979999999999997, 
        "54": 1.19, 
        "41": -183.67000000000002
    }, 
    "20": {
        "42": 5.739999999999995, 
        "44": 1.63, 
        "51": -176.29000000000002, 
        "43": 18.95, 
        "53": -5.05, 
        "52": -3.7099999999999937, 
        "54": 1.19, 
        "41": -173.74
    }, 
    "21": {
        "42": 4.329999999999998, 
        "44": 1.54, 
        "51": -180.07, 
        "43": 15.16, 
        "53": -4.79, 
        "52": -2.9200000000000017, 
        "54": 1.19, 
        "41": -176.01999999999998
    }, 
    "22": {
        "42": 8.810000000000002, 
        "44": 1.54, 
        "51": -183.23000000000002, 
        "43": -16.84, 
        "53": 20.0, 
        "52": -4.420000000000002, 
        "54": 1.1, 
        "41": -179.54000000000002
    }, 
    "23": {
        "42": 14.090000000000003, 
        "44": 1.63, 
        "51": -181.65, 
        "43": -31.78, 
        "53": 45.49, 
        "52": -9.340000000000003, 
        "54": 1.19, 
        "41": -180.59
    }, 
    "28": {
        "42": 34.4, 
        "44": 1.54, 
        "51": -186.13, 
        "43": -33.1, 
        "53": 44.0, 
        "52": -28.240000000000002, 
        "54": 1.19, 
        "41": -183.57999999999998
    }, 
    "29": {
        "42": 34.4, 
        "44": 1.54, 
        "51": -186.31, 
        "43": -33.1, 
        "53": 43.91, 
        "52": -28.15, 
        "54": 1.19, 
        "41": -183.67000000000002
    }, 
    "1": {
        "42": 2.3100000000000023, 
        "44": -1.27, 
        "51": 1.2099999999999937, 
        "43": -1.27, 
        "53": 5.14, 
        "52": -3.450000000000003, 
        "54": -3.65, 
        "41": -1.8700000000000045
    }, 
    "3": {
        "42": 2.3100000000000023, 
        "44": -1.27, 
        "51": 1.1200000000000045, 
        "43": -1.27, 
        "53": 5.14, 
        "52": -3.0999999999999943, 
        "54": -3.74, 
        "41": -1.7800000000000011
    }, 
    "2": {
        "42": 2.3100000000000023, 
        "44": -1.27, 
        "51": 1.2999999999999972, 
        "43": -1.27, 
        "53": 5.14, 
        "52": -3.269999999999996, 
        "54": -3.65, 
        "41": -1.7800000000000011
    }, 
    "5": {
        "42": 2.0400000000000063, 
        "44": -1.27, 
        "51": -8.459999999999994, 
        "43": -1.27, 
        "53": 5.41, 
        "52": -3.7099999999999937, 
        "54": -3.65, 
        "41": -2.219999999999999
    }, 
    "4": {
        "42": 2.3100000000000023, 
        "44": -1.27, 
        "51": -0.6400000000000006, 
        "43": -1.27, 
        "53": 5.23, 
        "52": -3.0999999999999943, 
        "54": -3.65, 
        "41": -1.8700000000000045
    }, 
    "7": {
        "42": 2.8400000000000034, 
        "44": -1.27, 
        "51": -30.880000000000003, 
        "43": -1.27, 
        "53": 5.41, 
        "52": -8.900000000000006, 
        "54": -3.65, 
        "41": -8.290000000000006
    }, 
    "6": {
        "42": 2.219999999999999, 
        "44": -1.27, 
        "51": -18.129999999999995, 
        "43": -1.27, 
        "53": 5.32, 
        "52": -6.180000000000007, 
        "54": -3.65, 
        "41": -2.4000000000000057
    }, 
    "9": {
        "42": 8.370000000000005, 
        "44": -1.27, 
        "51": -59.89, 
        "43": -1.27, 
        "53": 5.14, 
        "52": -14.879999999999995, 
        "54": -3.74, 
        "41": -32.55
    }, 
    "8": {
        "42": 5.819999999999993, 
        "44": -1.27, 
        "51": -44.42, 
        "43": -1.27, 
        "53": 5.23, 
        "52": -11.799999999999997, 
        "54": -3.74, 
        "41": -18.659999999999997
    }, 
    "nb_temps": "31", 
    "11": {
        "42": 5.560000000000002, 
        "44": -7.08, 
        "51": -84.33, 
        "43": -1.27, 
        "53": -10.33, 
        "52": -14.260000000000005, 
        "54": -1.89, 
        "41": -56.37
    }, 
    "10": {
        "42": 7.409999999999997, 
        "44": -2.59, 
        "51": -72.11, 
        "43": -1.27, 
        "53": 0.66, 
        "52": -15.049999999999997, 
        "54": -3.56, 
        "41": -46.0
    }, 
    "13": {
        "42": 5.3799999999999955, 
        "44": -12.97, 
        "51": -101.3, 
        "43": -0.4, 
        "53": -17.27, 
        "52": -14.260000000000005, 
        "54": 1.19, 
        "41": -78.0
    }, 
    "12": {
        "42": 5.469999999999999, 
        "44": -13.05, 
        "51": -99.19, 
        "43": -0.57, 
        "53": -17.27, 
        "52": -14.260000000000005, 
        "54": 1.19, 
        "41": -75.53999999999999
    }, 
    "15": {
        "42": 4.769999999999996, 
        "44": -8.57, 
        "51": -121.08, 
        "43": 16.13, 
        "53": -17.27, 
        "52": -12.329999999999998, 
        "54": 1.1, 
        "41": -104.55
    }, 
    "14": {
        "42": 4.769999999999996, 
        "44": -8.57, 
        "51": -121.08, 
        "43": 16.13, 
        "53": -17.27, 
        "52": -12.329999999999998, 
        "54": 1.1, 
        "41": -104.55
    }, 
    "17": {
        "42": 10.480000000000004, 
        "44": 1.54, 
        "51": -150.35, 
        "43": 33.45, 
        "53": -11.56, 
        "52": -10.129999999999995, 
        "54": 1.1, 
        "41": -147.19
    }, 
    "16": {
        "42": 5.299999999999997, 
        "44": 1.71, 
        "51": -141.56, 
        "43": 23.52, 
        "53": -14.11, 
        "52": -12.150000000000006, 
        "54": 1.1, 
        "41": -129.6
    }, 
    "19": {
        "42": 11.269999999999996, 
        "44": 1.54, 
        "51": -154.57, 
        "43": 33.1, 
        "53": -9.98, 
        "52": -10.129999999999995, 
        "54": 1.1, 
        "41": -153.69
    }, 
    "18": {
        "42": 11.269999999999996, 
        "44": 1.54, 
        "51": -154.57, 
        "43": 33.1, 
        "53": -9.98, 
        "52": -10.129999999999995, 
        "54": 1.1, 
        "41": -153.69
    }, 
    "31": {
        "42": 34.13, 
        "44": 1.54, 
        "51": -186.31, 
        "43": -33.1, 
        "53": 44.0, 
        "52": -28.15, 
        "54": 1.19, 
        "41": -183.76
    }, 
    "30": {
        "42": 34.13, 
        "44": 1.54, 
        "51": -186.22, 
        "43": -33.1, 
        "53": 44.0, 
        "52": -28.15, 
        "54": 1.19, 
        "41": -183.76
    }
}