{
    "11": 3.56, 
    "12": 8.04, 
    "13": -95.14, 
    "14": -0.48, 
    "15": 10.68, 
    "21": 1.45, 
    "22": -3.56, 
    "23": -95.16, 
    "24": -2.51, 
    "25": 13.67, 
    "31": -4.7, 
    "32": 3.82, 
    "33": -0.92, 
    "34": -3.65, 
    "35": 2.15, 
    "36": -4.25, 
    "37": -18.09, 
    "41": -4.239999999999995, 
    "42": 6.439999999999998, 
    "43": 5.76, 
    "44": -51.91, 
    "51": -15.049999999999997, 
    "52": -7.049999999999997, 
    "53": 7.69, 
    "54": -36.79
}