{
    "11": -7.6, 
    "12": 3.12, 
    "13": -76.51, 
    "14": 85.05, 
    "15": -9.8, 
    "21": 4.62, 
    "22": -12.7, 
    "23": -73.45, 
    "24": 64.66, 
    "25": 5.58, 
    "31": 5.58, 
    "32": -0.75, 
    "33": 1.45, 
    "34": -1.45, 
    "35": 1.8, 
    "36": 1.61, 
    "37": -21.03, 
    "41": 2.6200000000000045, 
    "42": 16.6899999999999977, 
    "43": -25.46, 
    "44": -77.63, 
    "51": -1.3400000000000034, 
    "52": -16.769999999999996, 
    "53": 25.24, 
    "54": -71.01
}