{
    "11": 10.42, 
    "12": -3.74, 
    "13": -85.47, 
    "14": 85.32, 
    "15": 15.25, 
    "21": -18.86, 
    "22": -5.67, 
    "23": -83.3, 
    "24": 85.85, 
    "25": 19.3, 
    "31": 6.64, 
    "32": 0.75, 
    "33": -2.07, 
    "34": 1.45, 
    "35": 1.01, 
    "36": 1.91, 
    "37": -16.04, 
    "41": -4.329999999999998, 
    "42": 6.530000000000001, 
    "43": 5.93, 
    "44": -51.3, 
    "51": -15.489999999999995, 
    "52": -7.409999999999997, 
    "53": 7.78, 
    "54": -36.7
}