{
    "11": 13.42, 
    "12": -3.74, 
    "13": -86.47, 
    "14": 85.32, 
    "15": 15.25, 
    "21": -17.86, 
    "22": -5.67, 
    "23": -78.8, 
    "24": 85.85, 
    "25": 19.3, 
    "31": 8.64, 
    "32": 0.25, 
    "33": -0.07, 
    "34": 1.45, 
    "35": 0.01, 
    "36": 1.91, 
    "37": -16.04, 
    "41": -4.329999999999998, 
    "42": 6.530000000000001, 
    "43": 5.93, 
    "44": -51.3,
	"45": 0,
	"46": 0,
    "51": -15.489999999999995, 
    "52": -7.409999999999997, 
    "53": -1.78, 
    "54": -36.7,
	"55": 0,
	"56": 0
}
