{
    "11": 8.04, 
    "12": -15.69, 
    "13": -2.66, 
    "14": -1.45, 
    "15": 16.13, 
    "21": 4.53, 
    "22": -4.26, 
    "23": 4.44, 
    "24": -1.63, 
    "25": 7.6, 
    "31": 8.75, 
    "32": 10.42, 
    "33": -7.6, 
    "34": -5.58, 
    "35": -1.71, 
    "36": -1.03, 
    "37": -19.56, 
    "41": -0.8100000000000023, 
    "42": -0.06999999999999318, 
    "43": -17.63, 
    "44": -8.84, 
    "51": 3.760000000000005, 
    "52": -3.980000000000004, 
    "53": -6.37, 
    "54": -12.35
}