{
    "11": 9.27, 
    "12": -4.26, 
    "13": -84.51, 
    "14": 85.67, 
    "15": 15.52, 
    "21": -17.45, 
    "22": -4.53, 
    "23": -82.42, 
    "24": 86.2, 
    "25": 19.56, 
    "31": 5.05, 
    "32": 0.75, 
    "33": -1.45, 
    "34": -1.98, 
    "35": 2.51, 
    "36": 1.61, 
    "37": -18.09, 
    "41": -7.670000000000002, 
    "42": 4.510000000000005, 
    "43": 5.49, 
    "44": -51.3, 
    "51": -4.150000000000006, 
    "52": -4.859999999999999, 
    "53": -5.49, 
    "54": -51.38
}