{
    "11": 10.68, 
    "12": -3.91, 
    "13": -85.21, 
    "14": 85.49, 
    "15": 15.6, 
    "21": -19.3, 
    "22": -4.62, 
    "23": -82.95, 
    "24": 86.2, 
    "25": 19.65, 
    "31": 5.85, 
    "32": -2.77, 
    "33": 3.21, 
    "34": 0.84, 
    "35": -1.89, 
    "36": 1.61, 
    "37": -16.63, 
    "41": -15.409999999999997, 
    "42": 8.11, 
    "43": -7.69, 
    "44": -36.44, 
    "51": -3.8900000000000006, 
    "52": -13.379999999999995, 
    "53": -1.89, 
    "54": -43.03
}