{
    "11": 1.89, 
    "12": -5.93, 
    "13": 2.26, 
    "14": -1.8, 
    "15": 0.04, 
    "21": -5.05, 
    "22": -5.85, 
    "23": 1.63, 
    "24": -2.15, 
    "25": 5.32, 
    "31": -12.44, 
    "32": -1.71, 
    "33": 1.19, 
    "34": 6.55, 
    "35": 5.32, 
    "36": -5.72, 
    "37": -6.949999999999999, 
    "41": -8.989999999999995, 
    "42": 9.689999999999998, 
    "43": -6.02, 
    "44": 0.84, 
    "51": -10.659999999999997, 
    "52": -8.64, 
    "53": -1.8, 
    "54": 1.1
}