{
    "11": 9.27, 
    "12": -4.44, 
    "13": -84.33, 
    "14": 85.05, 
    "15": 15.34, 
    "21": -16.75, 
    "22": -4.35, 
    "23": -82.59, 
    "24": 85.49, 
    "25": 19.56, 
    "31": 5.58, 
    "32": 0.48, 
    "33": -2.33, 
    "34": 3.38, 
    "35": -0.84, 
    "36": 1.91, 
    "37": -21.03, 
    "41": -22.349999999999994, 
    "42": -0.23999999999999488, 
    "43": 5.85, 
    "44": -12.7, 
    "51": -19.540000000000006, 
    "52": -2.6599999999999966, 
    "53": 7.6, 
    "54": -16.48
}