{
    "11": 7.34, 
    "12": -0.75, 
    "13": 29.34, 
    "14": -1.8, 
    "15": 18.77, 
    "21": 16.04, 
    "22": 14.11, 
    "23": 23.87, 
    "24": -2.86, 
    "25": 16.48, 
    "31": 28.35, 
    "32": -1.98, 
    "33": 17.98, 
    "34": -3.03, 
    "35": 4.18, 
    "36": -50.88, 
    "37": 0.6700000000000017, 
    "41": -9.079999999999998, 
    "42": 9.959999999999994, 
    "43": -6.02, 
    "44": 0.84, 
    "51": -5.739999999999995, 
    "52": -10.569999999999993, 
    "53": -1.63, 
    "54": 0.92
}