{
    "11": -8.22, 
    "12": 3.82, 
    "13": 12.55, 
    "14": -1.8, 
    "15": 5.85, 
    "21": -6.11, 
    "22": 12.18, 
    "23": -8.22, 
    "24": 33.1, 
    "25": 5.85, 
    "31": 10.95, 
    "32": -10.68, 
    "33": -3.74, 
    "34": -3.03, 
    "35": 5.58, 
    "36": 0.44, 
    "37": -21.03, 
    "41": -0.730000000000004, 
    "42": 7.760000000000005, 
    "43": -12.62, 
    "44": -9.8, 
    "51": -5.3799999999999955, 
    "52": -7.670000000000002, 
    "53": 12.7, 
    "54": -5.67
}