{
    "11": 23.25, 
    "12": 4.35, 
    "13": -46.53, 
    "14": 108.88, 
    "15": 28.62, 
    "21": -21.67, 
    "22": -1.8, 
    "23": -40.31, 
    "24": 112.75, 
    "25": 28.53, 
    "31": 9.01, 
    "32": 1.63, 
    "33": 0.31, 
    "34": 26.59, 
    "35": -0.75, 
    "36": 1.61, 
    "37": -13.4, 
    "41": -16.730000000000004, 
    "42": 5.739999999999995, 
    "43": 80.66, 
    "44": -12.53, 
    "45": 9.82, 
    "46": 7.48, 
    "51": -17.08, 
    "52": -5.299999999999997, 
    "53": -83.21, 
    "54": -12.53, 
    "55": -8.36, 
    "56": 12.17
}