{
    "11": -3.74, 
    "12": 1.8, 
    "13": -63.58, 
    "14": 108.44, 
    "15": 32.22, 
    "21": -4.44, 
    "22": 0.75, 
    "23": -68.88, 
    "24": 114.59, 
    "25": 32.92, 
    "31": 1.19, 
    "32": 1.98, 
    "33": 3.91, 
    "34": 13.32, 
    "35": 0.92, 
    "36": 1.61, 
    "37": -15.75, 
    "41": 10.620000000000005, 
    "42": 3.269999999999996, 
    "43": 4.7, 
    "44": -31.25, 
    "51": 19.049999999999997, 
    "52": -7.230000000000004, 
    "53": -5.23, 
    "54": -38.2
}