{
    "11": -3.38, 
    "12": -9.54, 
    "13": 7.1899999999999995, 
    "14": -1.71, 
    "15": 15.6, 
    "21": -1.8, 
    "22": 4.79, 
    "23": -5.05, 
    "24": 23.87, 
    "25": 7.25, 
    "31": 3.74, 
    "32": -4.35, 
    "33": 7.69, 
    "34": 6.46, 
    "35": 2.07, 
    "36": -50.88, 
    "37": 0.379999999999999, 
    "41": -9.079999999999998, 
    "42": 9.959999999999994, 
    "43": -6.02, 
    "44": 0.84, 
    "51": -10.75, 
    "52": -8.64, 
    "53": -1.89, 
    "54": 0.92
}