{
    "11": 14.99, 
    "12": -4.09, 
    "13": -86.0, 
    "14": 85.67, 
    "15": 15.25, 
    "21": -19.21, 
    "22": -6.2, 
    "23": -79.08, 
    "24": 86.2, 
    "25": 19.56, 
    "31": 7.87, 
    "32": 0.75, 
    "33": -2.4499999999999993, 
    "34": -0.22, 
    "35": 2.42, 
    "36": 0.15, 
    "37": -16.04, 
    "41": -4.680000000000007, 
    "42": 6.700000000000003, 
    "43": 5.93, 
    "44": -49.98, 
    "45": 0.15, 
    "46": 0.73, 
    "51": -14.879999999999995, 
    "52": -9.25, 
    "53": 3.56, 
    "54": -36.09, 
    "55": -0.44, 
    "56": -0.44
}