{
    "11": 6.55, 
    "12": -78.2, 
    "13": -10.04, 
    "14": -1.8, 
    "15": 5.41, 
    "21": -7.87, 
    "22": -2.15, 
    "23": -5.93, 
    "24": -2.95, 
    "25": 5.93, 
    "31": -11.74, 
    "32": 2.77, 
    "33": 1.63, 
    "34": 4.0, 
    "35": -5.23, 
    "36": -0.73, 
    "37": -2.2600000000000016, 
    "41": -8.370000000000005, 
    "42": 12.150000000000006, 
    "43": -34.77, 
    "44": -8.75, 
    "51": -3.1899999999999977, 
    "52": -6.790000000000006, 
    "53": -7.78, 
    "54": -7.87
}