{
    "11": 2.07, 
    "12": -5.93, 
    "13": 2.4400000000000004, 
    "14": -1.8, 
    "15": 0.04, 
    "21": -4.97, 
    "22": -5.93, 
    "23": 1.63, 
    "24": -2.07, 
    "25": 5.41, 
    "31": -12.18, 
    "32": -1.89, 
    "33": 1.8, 
    "34": 6.29, 
    "35": 5.93, 
    "36": -50.88, 
    "37": 0.6700000000000017, 
    "41": -8.900000000000006, 
    "42": 9.870000000000005, 
    "43": -6.02, 
    "44": 0.84, 
    "51": -10.569999999999993, 
    "52": -8.64, 
    "53": -1.8, 
    "54": 1.1
}