{
    "11": 8.04, 
    "12": 2.42, 
    "13": 7.800000000000001, 
    "14": -1.8, 
    "15": 11.91, 
    "21": 5.32, 
    "22": 10.59, 
    "23": -0.48, 
    "24": 13.49, 
    "25": 13.32, 
    "31": 8.66, 
    "32": 2.68, 
    "33": 4.62, 
    "34": -0.48, 
    "35": 3.56, 
    "36": -4.25, 
    "37": -9.0, 
    "41": -0.20000000000000284, 
    "42": -0.5900000000000034, 
    "43": -5.85, 
    "44": 1.01, 
    "51": -1.5999999999999943, 
    "52": -2.4000000000000057, 
    "53": -8.13, 
    "54": 1.1
}