{
    "11": 4.62, 
    "12": 13.58, 
    "13": -24.02, 
    "14": 31.52, 
    "15": 3.82, 
    "21": 6.11, 
    "22": -19.74, 
    "23": -26.42, 
    "24": 34.86, 
    "25": 2.95, 
    "31": -3.47, 
    "32": -1.89, 
    "33": -4.7, 
    "34": -1.71, 
    "35": 3.21, 
    "36": 3.08, 
    "37": 0.9699999999999989, 
    "41": -8.989999999999995, 
    "42": 9.870000000000005, 
    "43": -6.11, 
    "44": 0.84, 
    "45": 1.03, 
    "46": 11.58, 
    "51": -10.569999999999993, 
    "52": -8.549999999999997, 
    "53": -6.02, 
    "54": 1.27, 
    "55": 67.3, 
    "56": -2.2
}