{
    "11": 4.7, 
    "12": 8.66, 
    "13": -96.29, 
    "14": -1.27, 
    "15": 10.86, 
    "21": 0.66, 
    "22": -4.18, 
    "23": -96.57, 
    "24": -2.95, 
    "25": 13.93, 
    "31": -5.67, 
    "32": 4.18, 
    "33": -1.27, 
    "34": -5.49, 
    "35": 2.33, 
    "36": -4.25, 
    "37": -18.68, 
    "41": -4.150000000000006, 
    "42": 6.0, 
    "43": 5.85, 
    "44": -53.93, 
    "51": -14.620000000000005, 
    "52": -7.140000000000001, 
    "53": 8.22, 
    "54": -37.32
}